event_id,ticker,layer,offset,cum_excess_return,window_complete
r1,NVDA,compute,-10,-0.004897923308227803,True
r1,NVDA,compute,-9,-0.02159491130078628,True
r1,NVDA,compute,-8,-0.03173999515894366,True
r1,NVDA,compute,-7,-0.021049564950955002,True
r1,NVDA,compute,-6,-0.03381115382374933,True
r1,NVDA,compute,-5,-0.020024531915992405,True
r1,NVDA,compute,-4,-0.0034689039843334157,True
r1,NVDA,compute,-3,0.027181637245484502,True
r1,NVDA,compute,-2,0.026077109909659058,True
r1,NVDA,compute,-1,0.0,True
r1,NVDA,compute,0,-0.156399310342497,True
r1,NVDA,compute,1,-0.085573819466493,True
r1,NVDA,compute,2,-0.12556972167320435,True
r1,NVDA,compute,3,-0.12217240370102811,True
r1,NVDA,compute,4,-0.15815329837728864,True
r1,NVDA,compute,5,-0.1789288888744034,True
r1,NVDA,compute,6,-0.17421534314739606,True
r1,NVDA,compute,7,-0.12796825228400888,True
r1,NVDA,compute,8,-0.10279858006638953,True
r1,NVDA,compute,9,-0.0811309276433958,True
r1,NVDA,compute,10,-0.06484016976016527,True
r1,NVDA,compute,11,-0.06823826228765029,True
r1,NVDA,compute,12,-0.08140388435724155,True
r1,NVDA,compute,13,-0.06453216958183106,True
r1,NVDA,compute,14,-0.0427484080089231,True
r1,NVDA,compute,15,-0.041059724285284815,True
r1,NVDA,compute,16,-0.04255794314928352,True
r1,NVDA,compute,17,-0.03200367175050545,True
r1,NVDA,compute,18,-0.052414778052214395,True
r1,NVDA,compute,19,-0.07189766306573109,True
r1,NVDA,compute,20,-0.08763507981388763,True
r1,AVGO,compute,-10,-0.043711129010958416,True
r1,AVGO,compute,-9,-0.036132834320719454,True
r1,AVGO,compute,-8,-0.03780517273229567,True
r1,AVGO,compute,-7,-0.04597137962526432,True
r1,AVGO,compute,-6,-0.032775344243328064,True
r1,AVGO,compute,-5,-0.015108922622244947,True
r1,AVGO,compute,-4,-0.008941969132506777,True
r1,AVGO,compute,-3,-0.019153069463044403,True
r1,AVGO,compute,-2,-0.023895408374770888,True
r1,AVGO,compute,-1,0.0,True
r1,AVGO,compute,0,-0.16157519978870294,True
r1,AVGO,compute,1,-0.15070153900259697,True
r1,AVGO,compute,2,-0.1537046361401897,True
r1,AVGO,compute,3,-0.1138284534426992,True
r1,AVGO,compute,4,-0.08669383601304137,True
r1,AVGO,compute,5,-0.09478629279580808,True
r1,AVGO,compute,6,-0.08563026731987122,True
r1,AVGO,compute,7,-0.0480329229951062,True
r1,AVGO,compute,8,-0.05600155312511568,True
r1,AVGO,compute,9,-0.07176051944340589,True
r1,AVGO,compute,10,-0.039559535257815526,True
r1,AVGO,compute,11,-0.037176118791899526,True
r1,AVGO,compute,12,-0.03220491259487801,True
r1,AVGO,compute,13,-0.0488180002782892,True
r1,AVGO,compute,14,-0.0647817541787532,True
r1,AVGO,compute,15,-0.08658883579768517,True
r1,AVGO,compute,16,-0.0859922647593292,True
r1,AVGO,compute,17,-0.09047694272917184,True
r1,AVGO,compute,18,-0.10578962876831977,True
r1,AVGO,compute,19,-0.14423168426849475,True
r1,AVGO,compute,20,-0.15781645754099305,True
r1,AMD,compute,-10,-0.013654856664295778,True
r1,AMD,compute,-9,0.0005343096815888515,True
r1,AMD,compute,-8,-0.009055220980315859,True
r1,AMD,compute,-7,0.0009917047340302076,True
r1,AMD,compute,-6,-0.004729376085800041,True
r1,AMD,compute,-5,0.003711414689256287,True
r1,AMD,compute,-4,0.0045921255252494575,True
r1,AMD,compute,-3,0.003837175768453882,True
r1,AMD,compute,-2,-0.0040404616980405095,True
r1,AMD,compute,-1,0.0,True
r1,AMD,compute,0,-0.0363168113701704,True
r1,AMD,compute,1,-0.05831912833236874,True
r1,AMD,compute,2,-0.02896712143214497,True
r1,AMD,compute,3,-0.020434864545385345,True
r1,AMD,compute,4,-0.04376818652738734,True
r1,AMD,compute,5,-0.05032765520227933,True
r1,AMD,compute,6,-0.017775953857469773,True
r1,AMD,compute,7,-0.08703183029066341,True
r1,AMD,compute,8,-0.10889223624175504,True
r1,AMD,compute,9,-0.12008383901794772,True
r1,AMD,compute,10,-0.1053303763826019,True
r1,AMD,compute,11,-0.09735081649141097,True
r1,AMD,compute,12,-0.09237264843959814,True
r1,AMD,compute,13,-0.10585066651727892,True
r1,AMD,compute,14,-0.0985691947713283,True
r1,AMD,compute,15,-0.09045448397318623,True
r1,AMD,compute,16,-0.08715132048767149,True
r1,AMD,compute,17,-0.08744197895660388,True
r1,AMD,compute,18,-0.09606966578455012,True
r1,AMD,compute,19,-0.10913357898231002,True
r1,AMD,compute,20,-0.1355972808010213,True
r1,MRVL,compute,-10,-0.03814833266727202,True
r1,MRVL,compute,-9,-0.02769538726980869,True
r1,MRVL,compute,-8,-0.026311335263462965,True
r1,MRVL,compute,-7,-0.04213655500158797,True
r1,MRVL,compute,-6,-0.02157712463406991,True
r1,MRVL,compute,-5,0.020958259853253836,True
r1,MRVL,compute,-4,0.007224389467474168,True
r1,MRVL,compute,-3,0.006006030667212059,True
r1,MRVL,compute,-2,0.010647916728527385,True
r1,MRVL,compute,-1,0.0,True
r1,MRVL,compute,0,-0.1824312420494678,True
r1,MRVL,compute,1,-0.16233138199856878,True
r1,MRVL,compute,2,-0.1328238133975761,True
r1,MRVL,compute,3,-0.1044654465707735,True
r1,MRVL,compute,4,-0.08033925109366002,True
r1,MRVL,compute,5,-0.06612054580533666,True
r1,MRVL,compute,6,-0.1129940772922291,True
r1,MRVL,compute,7,-0.05763227370915125,True
r1,MRVL,compute,8,-0.039247978164988595,True
r1,MRVL,compute,9,-0.1015918672569267,True
r1,MRVL,compute,10,-0.09410869732224114,True
r1,MRVL,compute,11,-0.12489342423186223,True
r1,MRVL,compute,12,-0.15997609093575083,True
r1,MRVL,compute,13,-0.192640238905053,True
r1,MRVL,compute,14,-0.16816278356640968,True
r1,MRVL,compute,15,-0.16313067585921726,True
r1,MRVL,compute,16,-0.12905380416090662,True
r1,MRVL,compute,17,-0.14600688947156204,True
r1,MRVL,compute,18,-0.17115516315868273,True
r1,MRVL,compute,19,-0.21779419933017063,True
r1,MRVL,compute,20,-0.25656407758534616,True
r1,TSM,compute,-10,-0.019528516833623222,True
r1,TSM,compute,-9,-0.05053056708890935,True
r1,TSM,compute,-8,-0.04913370933932981,True
r1,TSM,compute,-7,-0.045668554879942036,True
r1,TSM,compute,-6,-0.000729175467186316,True
r1,TSM,compute,-5,-0.03290255058975866,True
r1,TSM,compute,-4,-0.005274475155474079,True
r1,TSM,compute,-3,0.002387927678639379,True
r1,TSM,compute,-2,0.006606039399955854,True
r1,TSM,compute,-1,0.0,True
r1,TSM,compute,0,-0.11348135068896337,True
r1,TSM,compute,1,-0.07701585212601891,True
r1,TSM,compute,2,-0.07548209426810004,True
r1,TSM,compute,3,-0.05137625606744578,True
r1,TSM,compute,4,-0.0443170602113474,True
r1,TSM,compute,5,-0.08282885760661074,True
r1,TSM,compute,6,-0.07398132525209,True
r1,TSM,compute,7,-0.05659935951602346,True
r1,TSM,compute,8,-0.052594426478295375,True
r1,TSM,compute,9,-0.06092825656342704,True
r1,TSM,compute,10,-0.06412131957725276,True
r1,TSM,compute,11,-0.05794600251462878,True
r1,TSM,compute,12,-0.06990335831732253,True
r1,TSM,compute,13,-0.10647996642655944,True
r1,TSM,compute,14,-0.10046603634502915,True
r1,TSM,compute,15,-0.10843563836898884,True
r1,TSM,compute,16,-0.11758217798499526,True
r1,TSM,compute,17,-0.11756729264309751,True
r1,TSM,compute,18,-0.10593285029403265,True
r1,TSM,compute,19,-0.12786616660638828,True
r1,TSM,compute,20,-0.12715479655994866,True
r1,2330.TW,compute,-10,-0.01225693065739275,True
r1,2330.TW,compute,-9,-0.009251200884818012,True
r1,2330.TW,compute,-8,-0.009227364222552659,True
r1,2330.TW,compute,-7,-0.009025559910844194,True
r1,2330.TW,compute,-6,-0.019739342280998606,True
r1,2330.TW,compute,-5,-0.005291208988284168,True
r1,2330.TW,compute,-4,0.0028653154270550374,True
r1,2330.TW,compute,-3,-0.0022511662377215913,True
r1,2330.TW,compute,-2,-0.0036766211672993876,True
r1,2330.TW,compute,-1,0.0,True
r1,2330.TW,compute,0,-0.023024802287981316,True
r1,2330.TW,compute,1,-0.004292748446864003,True
r1,2330.TW,compute,2,-0.006686233686178156,True
r1,2330.TW,compute,3,-0.008862582414077558,True
r1,2330.TW,compute,4,-0.00684363708151281,True
r1,2330.TW,compute,5,-0.01510349840387093,True
r1,2330.TW,compute,6,-0.016245558294828655,True
r1,2330.TW,compute,7,-0.021254842462501422,True
r1,2330.TW,compute,8,-0.03508463740590706,True
r1,2330.TW,compute,9,-0.05238997425954839,True
r1,2330.TW,compute,10,-0.04419866078389045,True
r1,2330.TW,compute,11,-0.03728553340530549,True
r1,2330.TW,compute,12,-0.043793404112863143,True
r1,2330.TW,compute,13,-0.04805725329303989,True
r1,2330.TW,compute,14,-0.04454772431301546,True
r1,2330.TW,compute,15,-0.05600659135775832,True
r1,2330.TW,compute,16,-0.0628511083190304,True
r1,2330.TW,compute,17,-0.06312750826502178,True
r1,2330.TW,compute,18,-0.06713459809334843,True
r1,2330.TW,compute,19,-0.073588662505923,True
r1,2330.TW,compute,20,-0.08636331040040535,True
r1,SMH,compute,-10,-0.01313937822773692,True
r1,SMH,compute,-9,-0.02024955517545557,True
r1,SMH,compute,-8,-0.01603473721448534,True
r1,SMH,compute,-7,-0.015543697303532333,True
r1,SMH,compute,-6,-0.004223059669298479,True
r1,SMH,compute,-5,0.0023881639503509078,True
r1,SMH,compute,-4,0.012444243469258431,True
r1,SMH,compute,-3,0.017792686704393823,True
r1,SMH,compute,-2,0.014470392566841461,True
r1,SMH,compute,-1,0.0,True
r1,SMH,compute,0,-0.0739758920422684,True
r1,SMH,compute,1,-0.06916187248412342,True
r1,SMH,compute,2,-0.07111571705834763,True
r1,SMH,compute,3,-0.05209567621549116,True
r1,SMH,compute,4,-0.05698393233084609,True
r1,SMH,compute,5,-0.06901539123620815,True
r1,SMH,compute,6,-0.07001340534630174,True
r1,SMH,compute,7,-0.051331376194385214,True
r1,SMH,compute,8,-0.051653407911103955,True
r1,SMH,compute,9,-0.052540788670243366,True
r1,SMH,compute,10,-0.04589151330103736,True
r1,SMH,compute,11,-0.04250708657886815,True
r1,SMH,compute,12,-0.048551654232714014,True
r1,SMH,compute,13,-0.04920644308861011,True
r1,SMH,compute,14,-0.050779882245253205,True
r1,SMH,compute,15,-0.038735952227400894,True
r1,SMH,compute,16,-0.034652340709406815,True
r1,SMH,compute,17,-0.02861283059970976,True
r1,SMH,compute,18,-0.03840273965439245,True
r1,SMH,compute,19,-0.05316083696884366,True
r1,SMH,compute,20,-0.06194930397015774,True
r1,MU,memory,-10,0.005269072219700632,True
r1,MU,memory,-9,-0.03555208482002392,True
r1,MU,memory,-8,-0.010694953050700562,True
r1,MU,memory,-7,0.024716024245755364,True
r1,MU,memory,-6,0.026012723901600587,True
r1,MU,memory,-5,0.03951479148685788,True
r1,MU,memory,-4,0.0674173035590897,True
r1,MU,memory,-3,0.053340155791910426,True
r1,MU,memory,-2,0.010195922634546939,True
r1,MU,memory,-1,0.0,True
r1,MU,memory,0,-0.09495775668773643,True
r1,MU,memory,1,-0.14152339215228515,True
r1,MU,memory,2,-0.13106866269956896,True
r1,MU,memory,3,-0.09686186610161229,True
r1,MU,memory,4,-0.10912323619083963,True
r1,MU,memory,5,-0.11566072350228396,True
r1,MU,memory,6,-0.1196654083801656,True
r1,MU,memory,7,-0.09227891345019668,True
r1,MU,memory,8,-0.08749245592380905,True
r1,MU,memory,9,-0.09877783533317963,True
r1,MU,memory,10,-0.07223549636695026,True
r1,MU,memory,11,-0.08932547887658604,True
r1,MU,memory,12,-0.11575358339675557,True
r1,MU,memory,13,-0.08754077960681794,True
r1,MU,memory,14,-0.05217237992686119,True
r1,MU,memory,15,0.016068805832161637,True
r1,MU,memory,16,-0.007227047242570173,True
r1,MU,memory,17,-0.014344873460926166,True
r1,MU,memory,18,-0.03634442809443161,True
r1,MU,memory,19,-0.05978877011986494,True
r1,MU,memory,20,-0.07033047009782312,True
r1,000660.KS,memory,-10,-0.10996181997226984,True
r1,000660.KS,memory,-9,-0.10950976424728953,True
r1,000660.KS,memory,-8,-0.09299659851641451,True
r1,000660.KS,memory,-7,-0.04737847954922181,True
r1,000660.KS,memory,-6,-0.024616181053758623,True
r1,000660.KS,memory,-5,-0.03495180164018041,True
r1,000660.KS,memory,-4,-0.0062410855696652945,True
r1,000660.KS,memory,-3,0.016121110780004777,True
r1,000660.KS,memory,-2,0.0016253945216364585,True
r1,000660.KS,memory,-1,0.0,True
r1,000660.KS,memory,0,-0.0961646954146449,True
r1,000660.KS,memory,1,-0.11320843630720656,True
r1,000660.KS,memory,2,-0.12340220521065248,True
r1,000660.KS,memory,3,-0.0949517930824193,True
r1,000660.KS,memory,4,-0.08247713054277117,True
r1,000660.KS,memory,5,-0.0790737477171577,True
r1,000660.KS,memory,6,-0.10325015573572394,True
r1,000660.KS,memory,7,-0.1022331457926473,True
r1,000660.KS,memory,8,-0.10991884496004012,True
r1,000660.KS,memory,9,-0.0763375421902257,True
r1,000660.KS,memory,10,-0.07221498579425845,True
r1,000660.KS,memory,11,-0.07018413766852394,True
r1,000660.KS,memory,12,-0.08592197253389422,True
r1,000660.KS,memory,13,-0.06312088236835134,True
r1,000660.KS,memory,14,-0.08676360478456324,True
r1,000660.KS,memory,15,-0.09882195939256277,True
r1,000660.KS,memory,16,-0.11702250319374219,True
r1,000660.KS,memory,17,-0.13353909455114898,True
r1,000660.KS,memory,18,-0.12524500652566584,True
r1,000660.KS,memory,19,-0.13034768618713688,True
r1,000660.KS,memory,20,-0.14205629959168942,True
r1,005930.KS,memory,-10,0.02621865733954465,True
r1,005930.KS,memory,-9,0.01937083600992562,True
r1,005930.KS,memory,-8,0.015889522929501965,True
r1,005930.KS,memory,-7,0.014787898275343991,True
r1,005930.KS,memory,-6,0.0052368037883052665,True
r1,005930.KS,memory,-5,0.0010224112083774273,True
r1,005930.KS,memory,-4,0.0036952812267250223,True
r1,005930.KS,memory,-3,0.007074833987158691,True
r1,005930.KS,memory,-2,0.008435851783594295,True
r1,005930.KS,memory,-1,0.0,True
r1,005930.KS,memory,0,-0.0168176742422812,True
r1,005930.KS,memory,1,-0.01838279168608903,True
r1,005930.KS,memory,2,0.0031661452998523743,True
r1,005930.KS,memory,3,-0.00409804858074736,True
r1,005930.KS,memory,4,0.005590808736770647,True
r1,005930.KS,memory,5,0.005882978285154827,True
r1,005930.KS,memory,6,0.04091095609815376,True
r1,005930.KS,memory,7,0.03568062487114787,True
r1,005930.KS,memory,8,0.0338026039282493,True
r1,005930.KS,memory,9,0.020247052349130712,True
r1,005930.KS,memory,10,0.020778926915871132,True
r1,005930.KS,memory,11,0.013331046722535156,True
r1,005930.KS,memory,12,0.023015688567205927,True
r1,005930.KS,memory,13,0.03728258687061814,True
r1,005930.KS,memory,14,0.03871575912052805,True
r1,005930.KS,memory,15,0.035089334118305615,True
r1,005930.KS,memory,16,0.023018048100287736,True
r1,005930.KS,memory,17,0.026950291239768553,True
r1,005930.KS,memory,18,0.012307760859278538,True
r1,005930.KS,memory,19,0.014342917309583036,True
r1,005930.KS,memory,20,0.016373680218772613,True
r1,AMAT,wfe,-10,-0.041020437912668406,True
r1,AMAT,wfe,-9,-0.04241447708031565,True
r1,AMAT,wfe,-8,-0.025267240546241965,True
r1,AMAT,wfe,-7,-0.02113845230812217,True
r1,AMAT,wfe,-6,0.030300002783323343,True
r1,AMAT,wfe,-5,0.04299407077163586,True
r1,AMAT,wfe,-4,0.0414069373546031,True
r1,AMAT,wfe,-3,0.042297176168749395,True
r1,AMAT,wfe,-2,0.015263422037778973,True
r1,AMAT,wfe,-1,0.0,True
r1,AMAT,wfe,0,-0.03789810851708175,True
r1,AMAT,wfe,1,-0.062471665463972315,True
r1,AMAT,wfe,2,-0.04663150659573034,True
r1,AMAT,wfe,3,-0.014802259803463613,True
r1,AMAT,wfe,4,-0.02091578859376675,True
r1,AMAT,wfe,5,-0.021511972520754874,True
r1,AMAT,wfe,6,-0.03505569595472657,True
r1,AMAT,wfe,7,-0.02783590249743373,True
r1,AMAT,wfe,8,-0.021321498521654547,True
r1,AMAT,wfe,9,-0.024063956116778584,True
r1,AMAT,wfe,10,-0.015966783232172155,True
r1,AMAT,wfe,11,-0.016091171591209985,True
r1,AMAT,wfe,12,-0.02936731248344948,True
r1,AMAT,wfe,13,-0.025137525923796922,True
r1,AMAT,wfe,14,-0.11464836965425285,True
r1,AMAT,wfe,15,-0.10049960138344449,True
r1,AMAT,wfe,16,-0.08887212903318176,True
r1,AMAT,wfe,17,-0.07117708083270546,True
r1,AMAT,wfe,18,-0.07336658609005742,True
r1,AMAT,wfe,19,-0.08151902710986914,True
r1,AMAT,wfe,20,-0.0869780206622286,True
r1,LRCX,wfe,-10,-0.02191534657418437,True
r1,LRCX,wfe,-9,-0.021379306890765726,True
r1,LRCX,wfe,-8,-0.012269058138355327,True
r1,LRCX,wfe,-7,-0.020597474244937075,True
r1,LRCX,wfe,-6,0.02595689263736567,True
r1,LRCX,wfe,-5,0.022760086772617427,True
r1,LRCX,wfe,-4,0.03174560297800966,True
r1,LRCX,wfe,-3,0.040285790579491554,True
r1,LRCX,wfe,-2,0.013598764087383586,True
r1,LRCX,wfe,-1,0.0,True
r1,LRCX,wfe,0,-0.02261893453245989,True
r1,LRCX,wfe,1,-0.05221027568355652,True
r1,LRCX,wfe,2,-0.04177795000416662,True
r1,LRCX,wfe,3,0.025592955029401843,True
r1,LRCX,wfe,4,0.031002978093956912,True
r1,LRCX,wfe,5,0.028371151835997033,True
r1,LRCX,wfe,6,0.012672802737129452,True
r1,LRCX,wfe,7,0.0332314264714908,True
r1,LRCX,wfe,8,0.03882817348182677,True
r1,LRCX,wfe,9,0.0454669799495937,True
r1,LRCX,wfe,10,0.05029647630065792,True
r1,LRCX,wfe,11,0.04705068926993672,True
r1,LRCX,wfe,12,0.025957043401811042,True
r1,LRCX,wfe,13,0.03266099451654547,True
r1,LRCX,wfe,14,0.021846513055940875,True
r1,LRCX,wfe,15,0.06482684625926272,True
r1,LRCX,wfe,16,0.0769455139273747,True
r1,LRCX,wfe,17,0.09659447410176014,True
r1,LRCX,wfe,18,0.0832864438167924,True
r1,LRCX,wfe,19,0.06350977370749522,True
r1,LRCX,wfe,20,0.03890557080174073,True
r1,ASML,wfe,-10,0.05248230997622816,True
r1,ASML,wfe,-9,0.0398799801546339,True
r1,ASML,wfe,-8,0.05296385401927406,True
r1,ASML,wfe,-7,0.01655731137383487,True
r1,ASML,wfe,-6,0.05607145907320987,True
r1,ASML,wfe,-5,0.04736498144152801,True
r1,ASML,wfe,-4,0.05029756234264848,True
r1,ASML,wfe,-3,0.04244318359105659,True
r1,ASML,wfe,-2,0.013257878239441467,True
r1,ASML,wfe,-1,0.0,True
r1,ASML,wfe,0,-0.029666088956039616,True
r1,ASML,wfe,1,-0.05423991414582208,True
r1,ASML,wfe,2,-0.010376755619320832,True
r1,ASML,wfe,3,0.018953862677545175,True
r1,ASML,wfe,4,0.023550910088723676,True
r1,ASML,wfe,5,0.020364527743824468,True
r1,ASML,wfe,6,0.008642627388312007,True
r1,ASML,wfe,7,0.01928494099446887,True
r1,ASML,wfe,8,0.009408446497801926,True
r1,ASML,wfe,9,0.006517039482980103,True
r1,ASML,wfe,10,0.01674446760198478,True
r1,ASML,wfe,11,0.03313021189483223,True
r1,ASML,wfe,12,0.03677080601390159,True
r1,ASML,wfe,13,0.04964884214854415,True
r1,ASML,wfe,14,0.012169158032561356,True
r1,ASML,wfe,15,0.00010358663751830477,True
r1,ASML,wfe,16,0.0006046129130590217,True
r1,ASML,wfe,17,0.002559719105825309,True
r1,ASML,wfe,18,0.015588403897951686,True
r1,ASML,wfe,19,0.025765911178351253,True
r1,ASML,wfe,20,0.0305741808904898,True
r1,VST,power,-10,-0.09318054465187764,True
r1,VST,power,-9,-0.11793870223521807,True
r1,VST,power,-8,-0.06659335028998914,True
r1,VST,power,-7,-0.09722906127847963,True
r1,VST,power,-6,-0.062047053752033676,True
r1,VST,power,-5,-0.09699547903673533,True
r1,VST,power,-4,-0.021441680900381677,True
r1,VST,power,-3,-0.026032946344310304,True
r1,VST,power,-2,-0.0015940639231928344,True
r1,VST,power,-1,0.0,True
r1,VST,power,0,-0.30273764088935273,True
r1,VST,power,1,-0.2297416495685285,True
r1,VST,power,2,-0.1913153121082063,True
r1,VST,power,3,-0.06816048325659452,True
r1,VST,power,4,-0.11475123132474785,True
r1,VST,power,5,-0.10374433221112866,True
r1,VST,power,6,-0.11713232330156398,True
r1,VST,power,7,-0.1023619942591516,True
r1,VST,power,8,-0.11770022017605086,True
r1,VST,power,9,-0.1227043545852613,True
r1,VST,power,10,-0.12584862158740595,True
r1,VST,power,11,-0.12810794655074886,True
r1,VST,power,12,-0.1346790238166733,True
r1,VST,power,13,-0.1547409672598805,True
r1,VST,power,14,-0.1468698324638824,True
r1,VST,power,15,-0.1395184398433882,True
r1,VST,power,16,-0.13938285887341006,True
r1,VST,power,17,-0.17224309721192288,True
r1,VST,power,18,-0.2325594346746147,True
r1,VST,power,19,-0.27308447770424227,True
r1,VST,power,20,-0.2948961353233308,True
r1,CEG,power,-10,-0.08636455694963985,True
r1,CEG,power,-9,-0.172008630164048,True
r1,CEG,power,-8,-0.13715355603828883,True
r1,CEG,power,-7,-0.1195301214815494,True
r1,CEG,power,-6,-0.06551100083872807,True
r1,CEG,power,-5,-0.07870225895168925,True
r1,CEG,power,-4,-0.061798779230557876,True
r1,CEG,power,-3,-0.047585921047198276,True
r1,CEG,power,-2,-0.009184921268936996,True
r1,CEG,power,-1,0.0,True
r1,CEG,power,0,-0.20427426468856957,True
r1,CEG,power,1,-0.20522229674112236,True
r1,CEG,power,2,-0.1574604140436806,True
r1,CEG,power,3,-0.10620659950204026,True
r1,CEG,power,4,-0.1329207748679595,True
r1,CEG,power,5,-0.10400324624546364,True
r1,CEG,power,6,-0.11613876940547652,True
r1,CEG,power,7,-0.09647796922954566,True
r1,CEG,power,8,-0.1081733546483914,True
r1,CEG,power,9,-0.1019472477381207,True
r1,CEG,power,10,-0.07585075218061732,True
r1,CEG,power,11,-0.09943635701918652,True
r1,CEG,power,12,-0.0993218427795508,True
r1,CEG,power,13,-0.12099371200499487,True
r1,CEG,power,14,-0.10670326370584249,True
r1,CEG,power,15,-0.08314565046826061,True
r1,CEG,power,16,-0.09558275804908156,True
r1,CEG,power,17,-0.1301401651691041,True
r1,CEG,power,18,-0.19334452721144046,True
r1,CEG,power,19,-0.24205061100192893,True
r1,CEG,power,20,-0.24219011517507827,True
r1,VRT,power,-10,-0.08323356482264721,True
r1,VRT,power,-9,-0.11892206158906671,True
r1,VRT,power,-8,-0.07890972259427009,True
r1,VRT,power,-7,-0.07827815343438349,True
r1,VRT,power,-6,-0.06678778918143013,True
r1,VRT,power,-5,-0.059014700344892645,True
r1,VRT,power,-4,-0.012881364485987312,True
r1,VRT,power,-3,0.011851191052207888,True
r1,VRT,power,-2,0.042172083161635676,True
r1,VRT,power,-1,0.0,True
r1,VRT,power,0,-0.3254113444138804,True
r1,VRT,power,1,-0.3023066212831207,True
r1,VRT,power,2,-0.264388010132512,True
r1,VRT,power,3,-0.23184672009447826,True
r1,VRT,power,4,-0.20949586018775523,True
r1,VRT,power,5,-0.2399634913357147,True
r1,VRT,power,6,-0.2642258077183106,True
r1,VRT,power,7,-0.20107378268319032,True
r1,VRT,power,8,-0.20192120824828397,True
r1,VRT,power,9,-0.17411997023422732,True
r1,VRT,power,10,-0.15070301307395617,True
r1,VRT,power,11,-0.16847998590950564,True
r1,VRT,power,12,-0.27159182469798804,True
r1,VRT,power,13,-0.30365169603774245,True
r1,VRT,power,14,-0.31916083176128307,True
r1,VRT,power,15,-0.30390279283589905,True
r1,VRT,power,16,-0.32364897382676716,True
r1,VRT,power,17,-0.34770393825674795,True
r1,VRT,power,18,-0.4148266811339134,True
r1,VRT,power,19,-0.4561170001112531,True
r1,VRT,power,20,-0.43381597399254357,True
r1,GEV,power,-10,-0.09249346896342825,True
r1,GEV,power,-9,-0.09006496099422456,True
r1,GEV,power,-8,-0.04785790168787507,True
r1,GEV,power,-7,-0.05820236862433603,True
r1,GEV,power,-6,-0.04096627080541815,True
r1,GEV,power,-5,-0.03142806042288182,True
r1,GEV,power,-4,-0.001574109303231097,True
r1,GEV,power,-3,0.012054051841045244,True
r1,GEV,power,-2,0.03446859216524345,True
r1,GEV,power,-1,0.0,True
r1,GEV,power,0,-0.2127812655306922,True
r1,GEV,power,1,-0.1540898868672267,True
r1,GEV,power,2,-0.15748996313415642,True
r1,GEV,power,3,-0.08104069845028583,True
r1,GEV,power,4,-0.1062084113765076,True
r1,GEV,power,5,-0.12858688554868802,True
r1,GEV,power,6,-0.15521182468451133,True
r1,GEV,power,7,-0.12826526471554978,True
r1,GEV,power,8,-0.1148915825426613,True
r1,GEV,power,9,-0.0938558334631292,True
r1,GEV,power,10,-0.08745952423842596,True
r1,GEV,power,11,-0.11700922362387,True
r1,GEV,power,12,-0.1263498348254375,True
r1,GEV,power,13,-0.13884920560133374,True
r1,GEV,power,14,-0.1504113779521985,True
r1,GEV,power,15,-0.13739547170346,True
r1,GEV,power,16,-0.13246286390581652,True
r1,GEV,power,17,-0.17045376450418992,True
r1,GEV,power,18,-0.24204759586124336,True
r1,GEV,power,19,-0.26736347067361077,True
r1,GEV,power,20,-0.24906527087995212,True
r1,MSFT,model,-10,-0.014915331035200374,True
r1,MSFT,model,-9,-0.015906226122605283,True
r1,MSFT,model,-8,-0.01860635581259551,True
r1,MSFT,model,-7,-0.016077022079352687,True
r1,MSFT,model,-6,-0.013112614636423103,True
r1,MSFT,model,-5,-0.019423812899082904,True
r1,MSFT,model,-4,-0.02650768357977462,True
r1,MSFT,model,-3,0.0012640054047583504,True
r1,MSFT,model,-2,0.0002825364515226525,True
r1,MSFT,model,-1,0.0,True
r1,MSFT,model,0,0.00792112228719688,True
r1,MSFT,model,1,0.021921135314733498,True
r1,MSFT,model,2,0.01285115891197286,True
r1,MSFT,model,3,-0.055203865821979115,True
r1,MSFT,model,4,-0.05358121577801356,True
r1,MSFT,model,5,-0.05557014608758504,True
r1,MSFT,model,6,-0.06424843710398775,True
r1,MSFT,model,7,-0.0665475278135439,True
r1,MSFT,model,8,-0.06565078254477363,True
r1,MSFT,model,9,-0.06766249824590265,True
r1,MSFT,model,10,-0.07368480185338377,True
r1,MSFT,model,11,-0.07319541708627497,True
r1,MSFT,model,12,-0.07963247840033016,True
r1,MSFT,model,13,-0.09025536591838357,True
r1,MSFT,model,14,-0.09959819280444915,True
r1,MSFT,model,15,-0.09890445226280775,True
r1,MSFT,model,16,-0.08673715962428652,True
r1,MSFT,model,17,-0.07720674529327809,True
r1,MSFT,model,18,-0.07544958993412187,True
r1,MSFT,model,19,-0.07394189559968023,True
r1,MSFT,model,20,-0.07647676618399935,True
r1,GOOGL,model,-10,0.0016295557430474616,True
r1,GOOGL,model,-9,-0.0005294264382484926,True
r1,GOOGL,model,-8,-0.006672232821644641,True
r1,GOOGL,model,-7,0.0011651478383081226,True
r1,GOOGL,model,-6,-0.005396290784656976,True
r1,GOOGL,model,-5,-0.0062431395612891905,True
r1,GOOGL,model,-4,-0.0016860465200361219,True
r1,GOOGL,model,-3,-0.012776658363116589,True
r1,GOOGL,model,-2,-0.016868270488333614,True
r1,GOOGL,model,-1,0.0,True
r1,GOOGL,model,0,-0.013314839816959356,True
r1,GOOGL,model,1,-0.009955162370591353,True
r1,GOOGL,model,2,-0.00751239849874441,True
r1,GOOGL,model,3,0.015792429113887785,True
r1,GOOGL,model,4,0.032806595943522865,True
r1,GOOGL,model,5,0.027072581670896767,True
r1,GOOGL,model,6,0.04014249771442202,True
r1,GOOGL,model,7,-0.04010463795932484,True
r1,GOOGL,model,8,-0.043900481893050625,True
r1,GOOGL,model,9,-0.06442492213382511,True
r1,GOOGL,model,10,-0.07037878872009173,True
r1,GOOGL,model,11,-0.07418169691958099,True
r1,GOOGL,model,12,-0.0840388610722842,True
r1,GOOGL,model,13,-0.08463684984896513,True
r1,GOOGL,model,14,-0.09372764288112734,True
r1,GOOGL,model,15,-0.10390533445779848,True
r1,GOOGL,model,16,-0.0960542343952584,True
r1,GOOGL,model,17,-0.09564020943681939,True
r1,GOOGL,model,18,-0.10157531757408478,True
r1,GOOGL,model,19,-0.09198563165498985,True
r1,GOOGL,model,20,-0.10090462559807722,True
r1,ORCL,model,-10,-0.12927254990840886,True
r1,ORCL,model,-9,-0.12981460596734617,True
r1,ORCL,model,-8,-0.11345652991982114,True
r1,ORCL,model,-7,-0.12348833251321079,True
r1,ORCL,model,-6,-0.10871807237032005,True
r1,ORCL,model,-5,-0.11615979415571775,True
r1,ORCL,model,-4,-0.05279524959934179,True
r1,ORCL,model,-3,-0.00017240536854412625,True
r1,ORCL,model,-2,0.009843652068185271,True
r1,ORCL,model,-1,0.0,True
r1,ORCL,model,0,-0.1188471354784646,True
r1,ORCL,model,1,-0.09801806340898889,True
r1,ORCL,model,2,-0.10828509104744377,True
r1,ORCL,model,3,-0.06222655835601376,True
r1,ORCL,model,4,-0.06265267091573623,True
r1,ORCL,model,5,-0.06323933939800597,True
r1,ORCL,model,6,-0.07966016680714194,True
r1,ORCL,model,7,-0.061981061421650274,True
r1,ORCL,model,8,-0.06317555353392912,True
r1,ORCL,model,9,-0.03831391730600586,True
r1,ORCL,model,10,-0.025102953982155896,True
r1,ORCL,model,11,-0.03243558015169512,True
r1,ORCL,model,12,-0.061472418855288424,True
r1,ORCL,model,13,-0.06627801213272733,True
r1,ORCL,model,14,-0.0687439428154013,True
r1,ORCL,model,15,-0.03913767512392763,True
r1,ORCL,model,16,-0.0298951899708646,True
r1,ORCL,model,17,-0.05652347587459072,True
r1,ORCL,model,18,-0.08320187605978191,True
r1,ORCL,model,19,-0.05859647220508979,True
r1,ORCL,model,20,-0.05430727157677584,True
r1,PLTR,model,-10,-0.11733611833584501,True
r1,PLTR,model,-9,-0.14860338252595362,True
r1,PLTR,model,-8,-0.13344274375942522,True
r1,PLTR,model,-7,-0.12291427084083395,True
r1,PLTR,model,-6,-0.09986923307825091,True
r1,PLTR,model,-5,-0.08071908617549894,True
r1,PLTR,model,-4,-0.06861551248938991,True
r1,PLTR,model,-3,-0.030622539190583886,True
r1,PLTR,model,-2,-0.005667309135671594,True
r1,PLTR,model,-1,0.0,True
r1,PLTR,model,0,-0.016310272963033334,True
r1,PLTR,model,1,0.030577841022803476,True
r1,PLTR,model,2,0.02658208910894011,True
r1,PLTR,model,3,0.04046830506729471,True
r1,PLTR,model,4,0.05743779146497374,True
r1,PLTR,model,5,0.08051300749553025,True
r1,PLTR,model,6,0.2833506061199502,True
r1,PLTR,model,7,0.25474650704691193,True
r1,PLTR,model,8,0.34291138013833145,True
r1,PLTR,model,9,0.3517332419750394,True
r1,PLTR,model,10,0.39070106307814356,True
r1,PLTR,model,11,0.3579258122103113,True
r1,PLTR,model,12,0.3988212866465588,True
r1,PLTR,model,13,0.388957973204354,True
r1,PLTR,model,14,0.39531356157430064,True
r1,PLTR,model,15,0.4378510459001621,True
r1,PLTR,model,16,0.3313382095979369,True
r1,PLTR,model,17,0.28254043258750894,True
r1,PLTR,model,18,0.25611047250124486,True
r1,PLTR,model,19,0.15674198447060128,True
r1,PLTR,model,20,0.1376014217012651,True
r1,9984.T,model,-10,-0.11359584331632977,True
r1,9984.T,model,-9,-0.12188417117268102,True
r1,9984.T,model,-8,-0.12177765945181473,True
r1,9984.T,model,-7,-0.10301705301217279,True
r1,9984.T,model,-6,-0.11321823619099902,True
r1,9984.T,model,-5,-0.10406293857582494,True
r1,9984.T,model,-4,-0.10976727127918284,True
r1,9984.T,model,-3,-0.024567480029227262,True
r1,9984.T,model,-2,0.017624329633050273,True
r1,9984.T,model,-1,0.0,True
r1,9984.T,model,0,-0.07769559315533048,True
r1,9984.T,model,1,-0.117298446526922,True
r1,9984.T,model,2,-0.10343327263855961,True
r1,9984.T,model,3,-0.11664307164778975,True
r1,9984.T,model,4,-0.10615058050582071,True
r1,9984.T,model,5,-0.07453192373336037,True
r1,9984.T,model,6,-0.07435409579732166,True
r1,9984.T,model,7,-0.05999524201137074,True
r1,9984.T,model,8,-0.0562549359837039,True
r1,9984.T,model,9,-0.05760955406599244,True
r1,9984.T,model,10,-0.07747546668734451,True
r1,9984.T,model,11,-0.0444456968507545,True
r1,9984.T,model,12,-0.09350769777502599,True
r1,9984.T,model,13,-0.0716717226427308,True
r1,9984.T,model,14,-0.054920890597300875,True
r1,9984.T,model,15,-0.05401263248147359,True
r1,9984.T,model,16,-0.07050405997428744,True
r1,9984.T,model,17,-0.07904709102528251,True
r1,9984.T,model,18,-0.08807613073342235,True
r1,9984.T,model,19,-0.11749588296999303,True
r1,9984.T,model,20,-0.1435402153253218,True
r1,9988.HK,china,-10,-0.020472207428399614,True
r1,9988.HK,china,-9,-0.015207951944540277,True
r1,9988.HK,china,-8,-0.018651121322169395,True
r1,9988.HK,china,-7,-0.02462123209387812,True
r1,9988.HK,china,-6,-0.024027473891685247,True
r1,9988.HK,china,-5,0.004657790029401809,True
r1,9988.HK,china,-4,-0.001419545913794451,True
r1,9988.HK,china,-3,-0.016123334481677354,True
r1,9988.HK,china,-2,-0.0036815190554477795,True
r1,9988.HK,china,-1,0.0,True
r1,9988.HK,china,0,0.022535924442894206,True
r1,9988.HK,china,1,0.0337118246756587,True
r1,9988.HK,china,2,0.09608859251277924,True
r1,9988.HK,china,3,0.10624993523894766,True
r1,9988.HK,china,4,0.11454584689829517,True
r1,9988.HK,china,5,0.11054648440417036,True
r1,9988.HK,china,6,0.11363941933240707,True
r1,9988.HK,china,7,0.14896668746109576,True
r1,9988.HK,china,8,0.15387236440961427,True
r1,9988.HK,china,9,0.20920973445738333,True
r1,9988.HK,china,10,0.23636813891484643,True
r1,9988.HK,china,11,0.2615691309184722,True
r1,9988.HK,china,12,0.24632174833443354,True
r1,9988.HK,china,13,0.2635051187493085,True
r1,9988.HK,china,14,0.24735125898466848,True
r1,9988.HK,china,15,0.23736341051885113,True
r1,9988.HK,china,16,0.33414049551186054,True
r1,9988.HK,china,17,0.3195394931305433,True
r1,9988.HK,china,18,0.2944975338151634,True
r1,9988.HK,china,19,0.30940296970606607,True
r1,9988.HK,china,20,0.30353063018306514,True
r1,3067.HK,china,-10,-0.03622384462730999,True
r1,3067.HK,china,-9,-0.022640025312623546,True
r1,3067.HK,china,-8,-0.024987917000356408,True
r1,3067.HK,china,-7,-0.025222841161066434,True
r1,3067.HK,china,-6,-0.01385424682762082,True
r1,3067.HK,china,-5,-0.004850690972076688,True
r1,3067.HK,china,-4,0.008200067574893666,True
r1,3067.HK,china,-3,-0.0026495774585777454,True
r1,3067.HK,china,-2,-0.010764319138011569,True
r1,3067.HK,china,-1,0.0,True
r1,3067.HK,china,0,-0.00039774303340900374,True
r1,3067.HK,china,1,0.007386773573498928,True
r1,3067.HK,china,2,0.009794023574509314,True
r1,3067.HK,china,3,0.031538752765531086,True
r1,3067.HK,china,4,0.0331521015083327,True
r1,3067.HK,china,5,0.043787845593520114,True
r1,3067.HK,china,6,0.05096680523458463,True
r1,3067.HK,china,7,0.0592509772457217,True
r1,3067.HK,china,8,0.041508865885139024,True
r1,3067.HK,china,9,0.04286030418577447,True
r1,3067.HK,china,10,0.03487736133329955,True
r1,3067.HK,china,11,0.0501183504144187,True
r1,3067.HK,china,12,0.04856651981039262,True
r1,3067.HK,china,13,0.057589497838669956,True
r1,3067.HK,china,14,0.06322926218122937,True
r1,3067.HK,china,15,0.04943583784257033,True
r1,3067.HK,china,16,0.07337885960826007,True
r1,3067.HK,china,17,0.06690139010040186,True
r1,3067.HK,china,18,0.06352744888032902,True
r1,3067.HK,china,19,0.07562719739421553,True
r1,3067.HK,china,20,0.05992747068708226,True
r1,0981.HK,china,-10,-0.12301698958612839,True
r1,0981.HK,china,-9,-0.1195650330194784,True
r1,0981.HK,china,-8,-0.06490050760836752,True
r1,0981.HK,china,-7,-0.10989491639814686,True
r1,0981.HK,china,-6,-0.021508130879645204,True
r1,0981.HK,china,-5,-0.04007624824616984,True
r1,0981.HK,china,-4,0.012413992326539613,True
r1,0981.HK,china,-3,0.03361238837131886,True
r1,0981.HK,china,-2,-0.037630432282753645,True
r1,0981.HK,china,-1,0.0,True
r1,0981.HK,china,0,-0.08587258087388916,True
r1,0981.HK,china,1,-0.09116491065027121,True
r1,0981.HK,china,2,0.006922980388882394,True
r1,0981.HK,china,3,0.060316414914082905,True
r1,0981.HK,china,4,0.05299752305664107,True
r1,0981.HK,china,5,0.1079412562433304,True
r1,0981.HK,china,6,0.06998545292041669,True
r1,0981.HK,china,7,0.07612466372444748,True
r1,0981.HK,china,8,0.033015116420792356,True
r1,0981.HK,china,9,0.06376929401849463,True
r1,0981.HK,china,10,0.024246309401266597,True
r1,0981.HK,china,11,-0.0218646554739772,True
r1,0981.HK,china,12,0.02023570064773006,True
r1,0981.HK,china,13,0.010713953776766427,True
r1,0981.HK,china,14,0.09249700017262219,True
r1,0981.HK,china,15,0.07825352354300774,True
r1,0981.HK,china,16,0.11479432130858847,True
r1,0981.HK,china,17,0.1352694077022396,True
r1,0981.HK,china,18,0.13388248980857576,True
r1,0981.HK,china,19,0.1590398343301147,True
r1,0981.HK,china,20,0.16891612200097716,True
k2,NVDA,compute,-10,-0.0401651827395364,True
k2,NVDA,compute,-9,-0.02612561937629465,True
k2,NVDA,compute,-8,-0.031061362987157004,True
k2,NVDA,compute,-7,-0.05273112452667039,True
k2,NVDA,compute,-6,-0.034232353309176844,True
k2,NVDA,compute,-5,-0.03082093578819567,True
k2,NVDA,compute,-4,-0.030187084431591238,True
k2,NVDA,compute,-3,-0.019687666891432087,True
k2,NVDA,compute,-2,-0.008901610432281437,True
k2,NVDA,compute,-1,0.0,True
k2,NVDA,compute,0,0.007237394533165187,True
k2,NVDA,compute,1,-0.0015502996147116477,True
k2,NVDA,compute,2,0.037147703939273136,True
k2,NVDA,compute,3,0.04004183334265399,True
k2,NVDA,compute,4,0.0414483009339488,True
k2,NVDA,compute,5,0.038993605171511625,True
k2,NVDA,compute,6,0.02783020638385647,True
k2,NVDA,compute,7,0.007309465900313228,True
k2,NVDA,compute,8,0.024961321540496684,True
k2,NVDA,compute,9,0.040019059327406126,True
k2,NVDA,compute,10,0.036232607818469376,True
k2,NVDA,compute,11,0.05167090438012245,True
k2,NVDA,compute,12,0.04618062973873904,True
k2,NVDA,compute,13,0.06603891905767423,True
k2,NVDA,compute,14,0.06351201894694025,True
k2,NVDA,compute,15,0.059799213183264754,True
k2,NVDA,compute,16,0.07702781506702205,True
k2,NVDA,compute,17,0.07412683200980119,True
k2,NVDA,compute,18,0.06810831254964089,True
k2,NVDA,compute,19,0.0722260025066861,True
k2,NVDA,compute,20,0.07356076565819514,True
k2,AVGO,compute,-10,-0.0024162463341674822,True
k2,AVGO,compute,-9,-0.008873606334004691,True
k2,AVGO,compute,-8,0.00779026716931952,True
k2,AVGO,compute,-7,-0.02412832386587116,True
k2,AVGO,compute,-6,-0.011766166797611888,True
k2,AVGO,compute,-5,-0.002184157047310009,True
k2,AVGO,compute,-4,0.0017364949516123218,True
k2,AVGO,compute,-3,-0.007543316588159321,True
k2,AVGO,compute,-2,0.007597652177137704,True
k2,AVGO,compute,-1,0.0,True
k2,AVGO,compute,0,-0.0014574587264526428,True
k2,AVGO,compute,1,-0.000641345485823841,True
k2,AVGO,compute,2,0.01763289903883969,True
k2,AVGO,compute,3,0.01614672637938952,True
k2,AVGO,compute,4,0.02797232509458425,True
k2,AVGO,compute,5,0.018017492318546324,True
k2,AVGO,compute,6,0.02988775558396295,True
k2,AVGO,compute,7,0.001128754066304083,True
k2,AVGO,compute,8,0.014718889335970431,True
k2,AVGO,compute,9,0.030133376284740443,True
k2,AVGO,compute,10,0.032807913010231005,True
k2,AVGO,compute,11,0.043785697913758526,True
k2,AVGO,compute,12,0.05588171751117699,True
k2,AVGO,compute,13,0.07187544836299775,True
k2,AVGO,compute,14,0.04726960037847938,True
k2,AVGO,compute,15,0.04978628067181479,True
k2,AVGO,compute,16,0.06247597724767573,True
k2,AVGO,compute,17,0.053068935935989714,True
k2,AVGO,compute,18,0.06996440696155926,True
k2,AVGO,compute,19,0.07348995378656387,True
k2,AVGO,compute,20,0.0681804715268104,True
k2,AMD,compute,-10,0.013421563406293302,True
k2,AMD,compute,-9,0.010908208104887684,True
k2,AMD,compute,-8,-0.008918323740441991,True
k2,AMD,compute,-7,-0.04211238756226798,True
k2,AMD,compute,-6,-0.03150217656711263,True
k2,AMD,compute,-5,-0.0457076640594245,True
k2,AMD,compute,-4,-0.06095547312165728,True
k2,AMD,compute,-3,-0.03936059499512812,True
k2,AMD,compute,-2,-0.0421428041971339,True
k2,AMD,compute,-1,0.0,True
k2,AMD,compute,0,0.01780835410895687,True
k2,AMD,compute,1,0.012957908274444208,True
k2,AMD,compute,2,0.07414534141523177,True
k2,AMD,compute,3,0.10144284478732857,True
k2,AMD,compute,4,0.09544200234613243,True
k2,AMD,compute,5,0.07485264021866467,True
k2,AMD,compute,6,0.06974492427498813,True
k2,AMD,compute,7,0.06030534700683621,True
k2,AMD,compute,8,0.08083791104685378,True
k2,AMD,compute,9,0.10034814954486038,True
k2,AMD,compute,10,0.12442240087280876,True
k2,AMD,compute,11,0.1635862312685763,True
k2,AMD,compute,12,0.18666951782351138,True
k2,AMD,compute,13,0.19692900657720624,True
k2,AMD,compute,14,0.184255173348693,True
k2,AMD,compute,15,0.1776554051092205,True
k2,AMD,compute,16,0.1885292845201283,True
k2,AMD,compute,17,0.18127120583103196,True
k2,AMD,compute,18,0.10241734626478216,True
k2,AMD,compute,19,0.1543700074099803,True
k2,AMD,compute,20,0.14717091038708396,True
k2,MRVL,compute,-10,0.10302957539983382,True
k2,MRVL,compute,-9,0.06384149980623999,True
k2,MRVL,compute,-8,0.06049091402460238,True
k2,MRVL,compute,-7,0.05385530147799411,True
k2,MRVL,compute,-6,0.02046575259519301,True
k2,MRVL,compute,-5,0.02312122092704083,True
k2,MRVL,compute,-4,-0.01880616193422391,True
k2,MRVL,compute,-3,-0.0137927328465004,True
k2,MRVL,compute,-2,-0.016547407952364424,True
k2,MRVL,compute,-1,0.0,True
k2,MRVL,compute,0,-0.005828692997133622,True
k2,MRVL,compute,1,-0.012203570600481939,True
k2,MRVL,compute,2,-0.01449990987334715,True
k2,MRVL,compute,3,-0.037302713985769564,True
k2,MRVL,compute,4,-0.02912280576537718,True
k2,MRVL,compute,5,0.007844229274071246,True
k2,MRVL,compute,6,-0.018856607247681012,True
k2,MRVL,compute,7,-0.028421338353981085,True
k2,MRVL,compute,8,-0.015348130809711868,True
k2,MRVL,compute,9,-0.00701993160018155,True
k2,MRVL,compute,10,-0.007130797152087531,True
k2,MRVL,compute,11,0.012398521844525057,True
k2,MRVL,compute,12,0.01959726208824364,True
k2,MRVL,compute,13,0.08660482676469616,True
k2,MRVL,compute,14,0.0750155670653978,True
k2,MRVL,compute,15,0.01839758917428469,True
k2,MRVL,compute,16,0.027669251428156905,True
k2,MRVL,compute,17,0.03578766912254405,True
k2,MRVL,compute,18,0.006040209597805379,True
k2,MRVL,compute,19,0.009673598410883777,True
k2,MRVL,compute,20,0.019841981560183797,True
k2,TSM,compute,-10,-0.008587762033567259,True
k2,TSM,compute,-9,0.008146403091179089,True
k2,TSM,compute,-8,-0.0074514991711689404,True
k2,TSM,compute,-7,-0.0070100598865723285,True
k2,TSM,compute,-6,0.02498189236524606,True
k2,TSM,compute,-5,0.020313735390301346,True
k2,TSM,compute,-4,0.0036049448055237576,True
k2,TSM,compute,-3,-0.002689103807027138,True
k2,TSM,compute,-2,0.007572899942685396,True
k2,TSM,compute,-1,0.0,True
k2,TSM,compute,0,0.005034608207399316,True
k2,TSM,compute,1,-0.006122729697429996,True
k2,TSM,compute,2,0.028530170514105002,True
k2,TSM,compute,3,0.030077884203008942,True
k2,TSM,compute,4,0.05530173018029405,True
k2,TSM,compute,5,0.034863323675429214,True
k2,TSM,compute,6,0.023223526576656717,True
k2,TSM,compute,7,0.010458934613958526,True
k2,TSM,compute,8,0.030038992837723377,True
k2,TSM,compute,9,0.0331834709273755,True
k2,TSM,compute,10,0.04720006882661121,True
k2,TSM,compute,11,0.03240751549861809,True
k2,TSM,compute,12,0.028090781750021776,True
k2,TSM,compute,13,0.033277683728748286,True
k2,TSM,compute,14,0.033266160666931555,True
k2,TSM,compute,15,0.026274033660752316,True
k2,TSM,compute,16,0.02397536874761741,True
k2,TSM,compute,17,0.0030856907456868754,True
k2,TSM,compute,18,-0.014162042885161874,True
k2,TSM,compute,19,0.029937711706550907,True
k2,TSM,compute,20,0.017391195373421375,True
k2,2330.TW,compute,-10,-0.013349628734109054,True
k2,2330.TW,compute,-9,-0.017586074280396602,True
k2,2330.TW,compute,-8,-0.007562651227232209,True
k2,2330.TW,compute,-7,-0.008627076487080387,True
k2,2330.TW,compute,-6,-0.010001072645758669,True
k2,2330.TW,compute,-5,-0.00728679602564597,True
k2,2330.TW,compute,-4,-0.006623835424782065,True
k2,2330.TW,compute,-3,-0.0036566663454289383,True
k2,2330.TW,compute,-2,-0.001779938023183547,True
k2,2330.TW,compute,-1,0.0,True
k2,2330.TW,compute,0,-0.0025428647523142445,True
k2,2330.TW,compute,1,-0.0011002650040330408,True
k2,2330.TW,compute,2,0.0027819505422197466,True
k2,2330.TW,compute,3,0.011617460485369158,True
k2,2330.TW,compute,4,0.008567859705126857,True
k2,2330.TW,compute,5,0.018843021442239483,True
k2,2330.TW,compute,6,0.016326857991056265,True
k2,2330.TW,compute,7,0.014006316235618321,True
k2,2330.TW,compute,8,0.012907894398191289,True
k2,2330.TW,compute,9,0.010549456111190736,True
k2,2330.TW,compute,10,0.01094954114817881,True
k2,2330.TW,compute,11,0.008871628864040915,True
k2,2330.TW,compute,12,0.009172286395561002,True
k2,2330.TW,compute,13,0.015487693594653074,True
k2,2330.TW,compute,14,0.01636939135259663,True
k2,2330.TW,compute,15,-0.0030494502465501228,True
k2,2330.TW,compute,16,-0.0018952035781500953,True
k2,2330.TW,compute,17,-0.014821199220847348,True
k2,2330.TW,compute,18,0.009457172509871548,True
k2,2330.TW,compute,19,0.0044825234975443,True
k2,2330.TW,compute,20,0.003984268627479359,True
k2,SMH,compute,-10,-0.01979624163564786,True
k2,SMH,compute,-9,-0.01882250767004301,True
k2,SMH,compute,-8,-0.023627854457980213,True
k2,SMH,compute,-7,-0.02612338951390214,True
k2,SMH,compute,-6,-0.013641573132702867,True
k2,SMH,compute,-5,-0.015042194734301795,True
k2,SMH,compute,-4,-0.02118410630530132,True
k2,SMH,compute,-3,-0.00853604848771461,True
k2,SMH,compute,-2,-0.008769805658522145,True
k2,SMH,compute,-1,0.0,True
k2,SMH,compute,0,0.002148634647668679,True
k2,SMH,compute,1,-0.009048378422805037,True
k2,SMH,compute,2,0.00905964025064332,True
k2,SMH,compute,3,0.002795639530686067,True
k2,SMH,compute,4,0.0031004939131706877,True
k2,SMH,compute,5,-0.0007486979445232578,True
k2,SMH,compute,6,-0.005231422238805017,True
k2,SMH,compute,7,-0.017893641633133228,True
k2,SMH,compute,8,-0.018108724880733007,True
k2,SMH,compute,9,-0.016091386637118177,True
k2,SMH,compute,10,-0.019573247214269784,True
k2,SMH,compute,11,-0.009150455063991814,True
k2,SMH,compute,12,-0.0025003676585102497,True
k2,SMH,compute,13,0.0075670743513969185,True
k2,SMH,compute,14,-0.012692031516082558,True
k2,SMH,compute,15,-0.009663687325796033,True
k2,SMH,compute,16,-0.006209364950734653,True
k2,SMH,compute,17,-0.010102027426121651,True
k2,SMH,compute,18,-0.02427998049358937,True
k2,SMH,compute,19,-0.012080352542827022,True
k2,SMH,compute,20,-0.013121138605487914,True
k2,MU,memory,-10,0.039019677294944266,True
k2,MU,memory,-9,0.02571178625535797,True
k2,MU,memory,-8,0.007078585040989793,True
k2,MU,memory,-7,-0.003790045809768827,True
k2,MU,memory,-6,-0.0037246207636911777,True
k2,MU,memory,-5,-0.009008995031222433,True
k2,MU,memory,-4,-0.020077369890391772,True
k2,MU,memory,-3,0.016199287189366807,True
k2,MU,memory,-2,-0.008531313494149373,True
k2,MU,memory,-1,0.0,True
k2,MU,memory,0,0.013721306617982876,True
k2,MU,memory,1,-0.038604891345247694,True
k2,MU,memory,2,-0.026954064912935394,True
k2,MU,memory,3,-0.05909513700969793,True
k2,MU,memory,4,-0.09475948368532539,True
k2,MU,memory,5,-0.08387032880742051,True
k2,MU,memory,6,-0.09923416104022653,True
k2,MU,memory,7,-0.13010195882131548,True
k2,MU,memory,8,-0.12908337130658953,True
k2,MU,memory,9,-0.11405780678403232,True
k2,MU,memory,10,-0.12067747475711865,True
k2,MU,memory,11,-0.12388768209926049,True
k2,MU,memory,12,-0.11597587167801038,True
k2,MU,memory,13,-0.09278771362002391,True
k2,MU,memory,14,-0.13751162628342328,True
k2,MU,memory,15,-0.1574310460929329,True
k2,MU,memory,16,-0.1485319479803069,True
k2,MU,memory,17,-0.12982045289643374,True
k2,MU,memory,18,-0.1448957706392502,True
k2,MU,memory,19,-0.12026430997464477,True
k2,MU,memory,20,-0.0686881869901681,True
k2,000660.KS,memory,-10,-0.003948736640033701,True
k2,000660.KS,memory,-9,0.01868694233988144,True
k2,000660.KS,memory,-8,-0.009651429311185566,True
k2,000660.KS,memory,-7,-0.02794838746173056,True
k2,000660.KS,memory,-6,-0.04305441062109061,True
k2,000660.KS,memory,-5,-0.052107522468693546,True
k2,000660.KS,memory,-4,-0.05195852600128603,True
k2,000660.KS,memory,-3,-0.03014169605698136,True
k2,000660.KS,memory,-2,-0.039708095436267854,True
k2,000660.KS,memory,-1,0.0,True
k2,000660.KS,memory,0,-0.006106750175121078,True
k2,000660.KS,memory,1,0.004161688628855131,True
k2,000660.KS,memory,2,-0.00498018372727671,True
k2,000660.KS,memory,3,-0.004361636937002089,True
k2,000660.KS,memory,4,-0.10000589416482342,True
k2,000660.KS,memory,5,-0.10053993920013582,True
k2,000660.KS,memory,6,-0.09472033354598608,True
k2,000660.KS,memory,7,-0.0966973749430089,True
k2,000660.KS,memory,8,-0.09919023505766056,True
k2,000660.KS,memory,9,-0.0994293117113898,True
k2,000660.KS,memory,10,-0.11425501474008115,True
k2,000660.KS,memory,11,-0.13361254904234876,True
k2,000660.KS,memory,12,-0.13824323492631585,True
k2,000660.KS,memory,13,-0.1418118025800581,True
k2,000660.KS,memory,14,-0.10178496317272234,True
k2,000660.KS,memory,15,-0.1205199398509027,True
k2,000660.KS,memory,16,-0.12956399855083234,True
k2,000660.KS,memory,17,-0.1243079900118822,True
k2,000660.KS,memory,18,-0.14350938566632188,True
k2,000660.KS,memory,19,-0.13925474143122152,True
k2,000660.KS,memory,20,-0.154981092280142,True
k2,005930.KS,memory,-10,0.037525069178258263,True
k2,005930.KS,memory,-9,0.015797037975039174,True
k2,005930.KS,memory,-8,0.0166370897979764,True
k2,005930.KS,memory,-7,0.03128785529046496,True
k2,005930.KS,memory,-6,0.06613892380089048,True
k2,005930.KS,memory,-5,0.07836392423728711,True
k2,005930.KS,memory,-4,0.051064771034653234,True
k2,005930.KS,memory,-3,0.02821929046298166,True
k2,005930.KS,memory,-2,0.005784486295191016,True
k2,005930.KS,memory,-1,0.0,True
k2,005930.KS,memory,0,0.02823770761546207,True
k2,005930.KS,memory,1,0.018404104917081554,True
k2,005930.KS,memory,2,0.03329266639525841,True
k2,005930.KS,memory,3,0.057898304267613554,True
k2,005930.KS,memory,4,0.08648892392156249,True
k2,005930.KS,memory,5,0.09379076213449267,True
k2,005930.KS,memory,6,0.09706144681554285,True
k2,005930.KS,memory,7,0.08296455590651064,True
k2,005930.KS,memory,8,0.0846535425214121,True
k2,005930.KS,memory,9,0.07651524031343371,True
k2,005930.KS,memory,10,0.07324531304240622,True
k2,005930.KS,memory,11,0.1350944393459006,True
k2,005930.KS,memory,12,0.13139402511422382,True
k2,005930.KS,memory,13,0.1519579614080424,True
k2,005930.KS,memory,14,0.13806956902103273,True
k2,005930.KS,memory,15,0.14203495252491827,True
k2,005930.KS,memory,16,0.1445349297964036,True
k2,005930.KS,memory,17,0.13156247660020348,True
k2,005930.KS,memory,18,0.11565694232634627,True
k2,005930.KS,memory,19,0.1308717650152147,True
k2,005930.KS,memory,20,0.15463298611201992,True
k2,SNDK,memory,-10,0.027139332928632687,True
k2,SNDK,memory,-9,0.01758987998370376,True
k2,SNDK,memory,-8,-0.027790124620417522,True
k2,SNDK,memory,-7,-0.027961991809416276,True
k2,SNDK,memory,-6,-0.007480124516315634,True
k2,SNDK,memory,-5,-0.012953441775949148,True
k2,SNDK,memory,-4,-0.03136760303562802,True
k2,SNDK,memory,-3,-0.011138339848825396,True
k2,SNDK,memory,-2,-0.017542713603822868,True
k2,SNDK,memory,-1,0.0,True
k2,SNDK,memory,0,-0.016234230202173183,True
k2,SNDK,memory,1,-0.10141727347755358,True
k2,SNDK,memory,2,-0.09669971895324858,True
k2,SNDK,memory,3,-0.13007601461049578,True
k2,SNDK,memory,4,-0.1342752108707268,True
k2,SNDK,memory,5,-0.11730571287920011,True
k2,SNDK,memory,6,-0.13631974605127972,True
k2,SNDK,memory,7,-0.13715685027187785,True
k2,SNDK,memory,8,-0.10282185545840772,True
k2,SNDK,memory,9,-0.12705082181262117,True
k2,SNDK,memory,10,-0.11951875594947703,True
k2,SNDK,memory,11,-0.1366254367043278,True
k2,SNDK,memory,12,-0.11055153283364128,True
k2,SNDK,memory,13,-0.10123229640247011,True
k2,SNDK,memory,14,-0.10681014963747737,True
k2,SNDK,memory,15,-0.12466407483470388,True
k2,SNDK,memory,16,-0.11479682996200768,True
k2,SNDK,memory,17,-0.12172193756992966,True
k2,SNDK,memory,18,-0.1301804482645652,True
k2,SNDK,memory,19,-0.16762438979407346,True
k2,SNDK,memory,20,-0.09100460092062823,True
k2,AMAT,wfe,-10,-0.059338027044272934,True
k2,AMAT,wfe,-9,-0.06444631169756398,True
k2,AMAT,wfe,-8,-0.07166684146113589,True
k2,AMAT,wfe,-7,-0.05943983078532522,True
k2,AMAT,wfe,-6,-0.03293493295194949,True
k2,AMAT,wfe,-5,-0.03726845024073455,True
k2,AMAT,wfe,-4,-0.031121489336667807,True
k2,AMAT,wfe,-3,-0.009855371760109755,True
k2,AMAT,wfe,-2,-0.014860195282586197,True
k2,AMAT,wfe,-1,0.0,True
k2,AMAT,wfe,0,0.0017479479844091372,True
k2,AMAT,wfe,1,-0.006074611070215674,True
k2,AMAT,wfe,2,0.0040587948831909415,True
k2,AMAT,wfe,3,-0.019700836534050303,True
k2,AMAT,wfe,4,-0.03958567692338999,True
k2,AMAT,wfe,5,-0.04948688724143668,True
k2,AMAT,wfe,6,-0.04332806830621205,True
k2,AMAT,wfe,7,-0.0669492712487969,True
k2,AMAT,wfe,8,-0.0721952498645102,True
k2,AMAT,wfe,9,-0.06840327201386298,True
k2,AMAT,wfe,10,-0.08380866614623983,True
k2,AMAT,wfe,11,-0.06256368796186784,True
k2,AMAT,wfe,12,-0.07083712688063581,True
k2,AMAT,wfe,13,-0.06698809171974318,True
k2,AMAT,wfe,14,-0.1121931630917894,True
k2,AMAT,wfe,15,-0.09268671134781581,True
k2,AMAT,wfe,16,-0.09536926422748948,True
k2,AMAT,wfe,17,-0.10883537609176663,True
k2,AMAT,wfe,18,-0.12699368039920422,True
k2,AMAT,wfe,19,-0.10263662270413842,True
k2,AMAT,wfe,20,-0.10257424567961948,True
k2,LRCX,wfe,-10,-0.02589748449710161,True
k2,LRCX,wfe,-9,-0.025604689882984033,True
k2,LRCX,wfe,-8,-0.030621509264308067,True
k2,LRCX,wfe,-7,-0.027616065081561558,True
k2,LRCX,wfe,-6,-0.013906322247798641,True
k2,LRCX,wfe,-5,-0.02390084933645653,True
k2,LRCX,wfe,-4,-0.023143191347688052,True
k2,LRCX,wfe,-3,-0.006630959495775635,True
k2,LRCX,wfe,-2,-0.013885387619033907,True
k2,LRCX,wfe,-1,0.0,True
k2,LRCX,wfe,0,0.00886083530919013,True
k2,LRCX,wfe,1,-0.0157188063064142,True
k2,LRCX,wfe,2,-0.0021847365361926663,True
k2,LRCX,wfe,3,-0.010158011216961249,True
k2,LRCX,wfe,4,-0.014042520609033993,True
k2,LRCX,wfe,5,-0.014371565580526102,True
k2,LRCX,wfe,6,-0.008870951706817287,True
k2,LRCX,wfe,7,-0.044302960903596755,True
k2,LRCX,wfe,8,-0.054911752268086644,True
k2,LRCX,wfe,9,-0.05005915476992673,True
k2,LRCX,wfe,10,-0.06088474981118264,True
k2,LRCX,wfe,11,-0.04702970090250602,True
k2,LRCX,wfe,12,-0.04223997753594588,True
k2,LRCX,wfe,13,-0.04206396063274731,True
k2,LRCX,wfe,14,-0.08058789541218037,True
k2,LRCX,wfe,15,-0.04468896049995408,True
k2,LRCX,wfe,16,-0.0420248063139157,True
k2,LRCX,wfe,17,-0.05294816673890157,True
k2,LRCX,wfe,18,-0.07313625955311132,True
k2,LRCX,wfe,19,-0.04360407229630958,True
k2,LRCX,wfe,20,-0.02700415434576975,True
k2,ASML,wfe,-10,0.011757337348269559,True
k2,ASML,wfe,-9,0.005654580941635068,True
k2,ASML,wfe,-8,0.006009847602507001,True
k2,ASML,wfe,-7,0.0007549110042877061,True
k2,ASML,wfe,-6,0.00528524620570181,True
k2,ASML,wfe,-5,-0.010892984228144442,True
k2,ASML,wfe,-4,-0.015246229993594262,True
k2,ASML,wfe,-3,-0.004396853517152799,True
k2,ASML,wfe,-2,-0.004260808681896933,True
k2,ASML,wfe,-1,0.0,True
k2,ASML,wfe,0,0.002053536457055749,True
k2,ASML,wfe,1,0.004400784083213871,True
k2,ASML,wfe,2,0.02347601429560431,True
k2,ASML,wfe,3,-0.06453890268753959,True
k2,ASML,wfe,4,-0.08532473037554933,True
k2,ASML,wfe,5,-0.09832752186917659,True
k2,ASML,wfe,6,-0.1239910879360453,True
k2,ASML,wfe,7,-0.13873034980581966,True
k2,ASML,wfe,8,-0.1271813293973274,True
k2,ASML,wfe,9,-0.11800369912738873,True
k2,ASML,wfe,10,-0.13966567940651942,True
k2,ASML,wfe,11,-0.11677920663946484,True
k2,ASML,wfe,12,-0.12857492257283099,True
k2,ASML,wfe,13,-0.12580243464145724,True
k2,ASML,wfe,14,-0.15825781406975548,True
k2,ASML,wfe,15,-0.14542629035296883,True
k2,ASML,wfe,16,-0.14997478994909574,True
k2,ASML,wfe,17,-0.15717246824430742,True
k2,ASML,wfe,18,-0.1677504136800252,True
k2,ASML,wfe,19,-0.13956117932692447,True
k2,ASML,wfe,20,-0.13602776648700043,True
k2,VST,power,-10,-0.011107645008697098,True
k2,VST,power,-9,0.009552191183594516,True
k2,VST,power,-8,-0.0032303113710296927,True
k2,VST,power,-7,-0.04074722702783262,True
k2,VST,power,-6,-0.037369078585322235,True
k2,VST,power,-5,-0.019840127916935124,True
k2,VST,power,-4,-0.00450492015204329,True
k2,VST,power,-3,-0.023405864081958327,True
k2,VST,power,-2,0.004823631011836582,True
k2,VST,power,-1,0.0,True
k2,VST,power,0,0.0063309365325308065,True
k2,VST,power,1,-0.0063342577528953115,True
k2,VST,power,2,-0.025066525065571277,True
k2,VST,power,3,-0.06465656600216896,True
k2,VST,power,4,-0.08435217301780984,True
k2,VST,power,5,-0.024655150675802595,True
k2,VST,power,6,-0.05490403833232005,True
k2,VST,power,7,-0.04515628377366543,True
k2,VST,power,8,0.006986932699523329,True
k2,VST,power,9,-0.014717923804497879,True
k2,VST,power,10,-0.037923858282904455,True
k2,VST,power,11,-0.022078641310606884,True
k2,VST,power,12,-0.009763726977416454,True
k2,VST,power,13,0.03359077850157366,True
k2,VST,power,14,0.04607451503691706,True
k2,VST,power,15,0.06361736316560407,True
k2,VST,power,16,0.07381188957435914,True
k2,VST,power,17,0.05956914196958252,True
k2,VST,power,18,0.004421876942569014,True
k2,VST,power,19,0.02436887242385577,True
k2,VST,power,20,-0.001938513716315704,True
k2,CEG,power,-10,0.04470907424793502,True
k2,CEG,power,-9,0.034009176499774973,True
k2,CEG,power,-8,0.03561010216743821,True
k2,CEG,power,-7,-0.0029937461148401567,True
k2,CEG,power,-6,-0.014133286388951838,True
k2,CEG,power,-5,-0.006948626388681767,True
k2,CEG,power,-4,0.02083141997756499,True
k2,CEG,power,-3,0.0031245352296895845,True
k2,CEG,power,-2,0.009627383716350302,True
k2,CEG,power,-1,0.0,True
k2,CEG,power,0,0.02719305593029908,True
k2,CEG,power,1,0.0373173720652078,True
k2,CEG,power,2,0.011554187692960127,True
k2,CEG,power,3,-0.020739919790996986,True
k2,CEG,power,4,-0.029189694665745947,True
k2,CEG,power,5,0.014161077174605019,True
k2,CEG,power,6,-0.0020852209702528768,True
k2,CEG,power,7,0.002821013838455677,True
k2,CEG,power,8,0.016696564447225448,True
k2,CEG,power,9,0.00827939287022339,True
k2,CEG,power,10,0.02337898854831799,True
k2,CEG,power,11,0.024252582917309695,True
k2,CEG,power,12,0.031445950824393165,True
k2,CEG,power,13,0.07376660447659589,True
k2,CEG,power,14,0.08649585524845005,True
k2,CEG,power,15,0.08585624582996587,True
k2,CEG,power,16,0.1081730632942719,True
k2,CEG,power,17,0.08256873513185514,True
k2,CEG,power,18,0.05507905418277925,True
k2,CEG,power,19,0.045625184076561354,True
k2,CEG,power,20,0.0344210011116699,True
k2,VRT,power,-10,0.04195040125281224,True
k2,VRT,power,-9,0.06531138656700808,True
k2,VRT,power,-8,0.06863725191878878,True
k2,VRT,power,-7,0.030311702456837786,True
k2,VRT,power,-6,0.03787231910268485,True
k2,VRT,power,-5,0.05592044890400416,True
k2,VRT,power,-4,0.05104552788204231,True
k2,VRT,power,-3,0.04754940237598948,True
k2,VRT,power,-2,0.06000350657512943,True
k2,VRT,power,-1,0.0,True
k2,VRT,power,0,0.023399473245798497,True
k2,VRT,power,1,0.03122992316226103,True
k2,VRT,power,2,0.05133865635613688,True
k2,VRT,power,3,0.03472777450167186,True
k2,VRT,power,4,0.07127170950221284,True
k2,VRT,power,5,0.056397812127764624,True
k2,VRT,power,6,0.028896277907701773,True
k2,VRT,power,7,0.026769303360341112,True
k2,VRT,power,8,0.060582351874698404,True
k2,VRT,power,9,0.06366578838344505,True
k2,VRT,power,10,0.11046297624829915,True
k2,VRT,power,11,0.14362969199438957,True
k2,VRT,power,12,0.14623147351662968,True
k2,VRT,power,13,0.15514125665933953,True
k2,VRT,power,14,0.17032445297582743,True
k2,VRT,power,15,0.1622921719039967,True
k2,VRT,power,16,0.1341431828050199,True
k2,VRT,power,17,0.13063154678618183,True
k2,VRT,power,18,0.12523627297503737,True
k2,VRT,power,19,0.11927846478837711,True
k2,VRT,power,20,0.11385974814948607,True
k2,GEV,power,-10,-0.04549036414852203,True
k2,GEV,power,-9,-0.023869503497793154,True
k2,GEV,power,-8,-0.012228346357184172,True
k2,GEV,power,-7,-0.048498572918005856,True
k2,GEV,power,-6,-0.057279423637615956,True
k2,GEV,power,-5,-0.04364833992268391,True
k2,GEV,power,-4,-0.01080194532566825,True
k2,GEV,power,-3,-0.011891647367403557,True
k2,GEV,power,-2,-0.008117619330700876,True
k2,GEV,power,-1,0.0,True
k2,GEV,power,0,0.0018819842966841804,True
k2,GEV,power,1,0.027289449665582666,True
k2,GEV,power,2,0.03457288602139563,True
k2,GEV,power,3,0.036333560457548764,True
k2,GEV,power,4,0.044183932761440836,True
k2,GEV,power,5,0.05288505370416452,True
k2,GEV,power,6,0.03290994420477755,True
k2,GEV,power,7,0.0077441084303915275,True
k2,GEV,power,8,0.13929213338836455,True
k2,GEV,power,9,0.12908934344629763,True
k2,GEV,power,10,0.1591975372915062,True
k2,GEV,power,11,0.1608283316061092,True
k2,GEV,power,12,0.13896162844405158,True
k2,GEV,power,13,0.17230905934126906,True
k2,GEV,power,14,0.18566621356454327,True
k2,GEV,power,15,0.19980511516881005,True
k2,GEV,power,16,0.19102706287549776,True
k2,GEV,power,17,0.1779530565365235,True
k2,GEV,power,18,0.1880170074001759,True
k2,GEV,power,19,0.15611100695073699,True
k2,GEV,power,20,0.15181459127098407,True
k2,MSFT,model,-10,0.008688188945060737,True
k2,MSFT,model,-9,0.0022302975724759477,True
k2,MSFT,model,-8,-0.0012661403172655739,True
k2,MSFT,model,-7,-0.0036353677276679264,True
k2,MSFT,model,-6,-0.012529447047392672,True
k2,MSFT,model,-5,-0.006663492382906533,True
k2,MSFT,model,-4,-0.001349909787994541,True
k2,MSFT,model,-3,-0.004123862755615271,True
k2,MSFT,model,-2,0.0026006060760410676,True
k2,MSFT,model,-1,0.0,True
k2,MSFT,model,0,0.005915446431097315,True
k2,MSFT,model,1,0.0016987354252311349,True
k2,MSFT,model,2,0.006333477877962679,True
k2,MSFT,model,3,0.004914603677143248,True
k2,MSFT,model,4,0.008807538244423263,True
k2,MSFT,model,5,0.006539322129033742,True
k2,MSFT,model,6,0.0013876058902182464,True
k2,MSFT,model,7,-0.0028586961422911727,True
k2,MSFT,model,8,-0.0062227927493303525,True
k2,MSFT,model,9,0.001506237769355323,True
k2,MSFT,model,10,0.004626339397903578,True
k2,MSFT,model,11,-0.0008522830360346845,True
k2,MSFT,model,12,0.0008343928829432912,True
k2,MSFT,model,13,0.0008018426617519836,True
k2,MSFT,model,14,0.044830543907043996,True
k2,MSFT,model,15,0.04696841179971045,True
k2,MSFT,model,16,0.050445667754280166,True
k2,MSFT,model,17,0.042418616816897625,True
k2,MSFT,model,18,0.024575278511338894,True
k2,MSFT,model,19,0.013355764334266773,True
k2,MSFT,model,20,0.00637187593224553,True
k2,GOOGL,model,-10,-0.006481464954402938,True
k2,GOOGL,model,-9,0.018449268458472723,True
k2,GOOGL,model,-8,-0.0009734437806212526,True
k2,GOOGL,model,-7,0.005276032417747878,True
k2,GOOGL,model,-6,0.014133014744857064,True
k2,GOOGL,model,-5,0.009310660021009554,True
k2,GOOGL,model,-4,0.001492288250228846,True
k2,GOOGL,model,-3,-0.01290957115828828,True
k2,GOOGL,model,-2,-0.0070851615223697095,True
k2,GOOGL,model,-1,0.0,True
k2,GOOGL,model,0,0.016618445491737965,True
k2,GOOGL,model,1,0.020572380831749726,True
k2,GOOGL,model,2,0.022076519386662774,True
k2,GOOGL,model,3,0.026368712849260234,True
k2,GOOGL,model,4,0.021636909970286666,True
k2,GOOGL,model,5,0.03062799059669441,True
k2,GOOGL,model,6,0.052326778217620884,True
k2,GOOGL,model,7,0.06401762973898517,True
k2,GOOGL,model,8,0.05364875234219113,True
k2,GOOGL,model,9,0.06166921506321188,True
k2,GOOGL,model,10,0.06450703261202051,True
k2,GOOGL,model,11,0.05827591166287238,True
k2,GOOGL,model,12,0.0761527178924144,True
k2,GOOGL,model,13,0.07879056251003025,True
k2,GOOGL,model,14,0.06026309238987082,True
k2,GOOGL,model,15,0.0656186810905881,True
k2,GOOGL,model,16,0.07810535355161452,True
k2,GOOGL,model,17,0.08301915886393463,True
k2,GOOGL,model,18,0.07778232328364076,True
k2,GOOGL,model,19,0.07659435895199618,True
k2,GOOGL,model,20,0.0919371947154275,True
k2,ORCL,model,-10,-0.08450449772661717,True
k2,ORCL,model,-9,-0.10011934416415613,True
k2,ORCL,model,-8,-0.06744437819742988,True
k2,ORCL,model,-7,-0.05747094300661981,True
k2,ORCL,model,-6,-0.015308944490386445,True
k2,ORCL,model,-5,0.0063162260252864755,True
k2,ORCL,model,-4,-0.00767462264388552,True
k2,ORCL,model,-3,0.0013621220076753815,True
k2,ORCL,model,-2,-0.00012097502747732136,True
k2,ORCL,model,-1,0.0,True
k2,ORCL,model,0,-0.01682141894170197,True
k2,ORCL,model,1,-0.026008936242876146,True
k2,ORCL,model,2,-0.002453888521357861,True
k2,ORCL,model,3,0.023148421122792584,True
k2,ORCL,model,4,0.04549561875528951,True
k2,ORCL,model,5,0.033102096219718824,True
k2,ORCL,model,6,0.020118604812013885,True
k2,ORCL,model,7,0.002759357867499368,True
k2,ORCL,model,8,0.014000187969164024,True
k2,ORCL,model,9,0.015711286165660532,True
k2,ORCL,model,10,0.022693453890600068,True
k2,ORCL,model,11,0.030083875757872747,True
k2,ORCL,model,12,0.04075614193861199,True
k2,ORCL,model,13,0.04189450691264174,True
k2,ORCL,model,14,0.059778069589912164,True
k2,ORCL,model,15,0.04213307587972448,True
k2,ORCL,model,16,0.05649166106371872,True
k2,ORCL,model,17,0.07566172261180881,True
k2,ORCL,model,18,0.06612518412764246,True
k2,ORCL,model,19,0.034908836601108106,True
k2,ORCL,model,20,0.028266873198781184,True
k2,PLTR,model,-10,0.028962734770935583,True
k2,PLTR,model,-9,-0.07279227906185604,True
k2,PLTR,model,-8,-0.03745392853009655,True
k2,PLTR,model,-7,-0.07124242415019832,True
k2,PLTR,model,-6,-0.06722454382537979,True
k2,PLTR,model,-5,-0.06020440025885154,True
k2,PLTR,model,-4,-0.017829039736425578,True
k2,PLTR,model,-3,-0.014158420795010507,True
k2,PLTR,model,-2,0.002972036300904257,True
k2,PLTR,model,-1,0.0,True
k2,PLTR,model,0,-0.0005579399943220764,True
k2,PLTR,model,1,0.04424305259911332,True
k2,PLTR,model,2,0.039497826063264796,True
k2,PLTR,model,3,0.05403461952519173,True
k2,PLTR,model,4,0.06617846235464508,True
k2,PLTR,model,5,0.06408319525975514,True
k2,PLTR,model,6,0.04757888088857065,True
k2,PLTR,model,7,0.03468617038159305,True
k2,PLTR,model,8,0.06675444910837136,True
k2,PLTR,model,9,0.06611468435756152,True
k2,PLTR,model,10,0.08883466811908214,True
k2,PLTR,model,11,0.07990394682468871,True
k2,PLTR,model,12,0.07101212174373739,True
k2,PLTR,model,13,0.08472830281311605,True
k2,PLTR,model,14,0.08840100898678305,True
k2,PLTR,model,15,0.08219281625252606,True
k2,PLTR,model,16,0.1044954428867717,True
k2,PLTR,model,17,0.1868688123453648,True
k2,PLTR,model,18,0.2099110564205775,True
k2,PLTR,model,19,0.22123947221438645,True
k2,PLTR,model,20,0.23774413978681608,True
k2,9984.T,model,-10,-0.07606478382530124,True
k2,9984.T,model,-9,-0.04216371343678471,True
k2,9984.T,model,-8,-0.003893779068884662,True
k2,9984.T,model,-7,-0.004322202846494427,True
k2,9984.T,model,-6,-0.01192850930426026,True
k2,9984.T,model,-5,-0.007872422598739881,True
k2,9984.T,model,-4,-0.013056034721121712,True
k2,9984.T,model,-3,-0.02462272139842181,True
k2,9984.T,model,-2,-0.0203575993803371,True
k2,9984.T,model,-1,0.0,True
k2,9984.T,model,0,-0.012128979638206694,True
k2,9984.T,model,1,-0.04100093694582796,True
k2,9984.T,model,2,-0.026736958575149572,True
k2,9984.T,model,3,-0.027802710468458613,True
k2,9984.T,model,4,-0.010605800120012887,True
k2,9984.T,model,5,0.04026589949342885,True
k2,9984.T,model,6,0.06947295121859565,True
k2,9984.T,model,7,0.05849813392451875,True
k2,9984.T,model,8,0.06982689809035936,True
k2,9984.T,model,9,0.08323162282612362,True
k2,9984.T,model,10,0.05421755153866137,True
k2,9984.T,model,11,0.04797231164993576,True
k2,9984.T,model,12,0.04325672436463002,True
k2,9984.T,model,13,0.05969715590850111,True
k2,9984.T,model,14,0.04706294390968413,True
k2,9984.T,model,15,0.05918291134024045,True
k2,9984.T,model,16,0.07919734949554336,True
k2,9984.T,model,17,0.11476118870463115,True
k2,9984.T,model,18,0.12152754809958122,True
k2,9984.T,model,19,0.20200551487657759,True
k2,9984.T,model,20,0.2477146434761961,True
k2,9988.HK,china,-10,0.07132825244479157,True
k2,9988.HK,china,-9,0.07213382178999073,True
k2,9988.HK,china,-8,0.06016601754607542,True
k2,9988.HK,china,-7,0.050340363593014636,True
k2,9988.HK,china,-6,0.02692675441893755,True
k2,9988.HK,china,-5,0.022928407611425783,True
k2,9988.HK,china,-4,0.026959895475290097,True
k2,9988.HK,china,-3,0.03119073891382307,True
k2,9988.HK,china,-2,0.002767001200631114,True
k2,9988.HK,china,-1,0.0,True
k2,9988.HK,china,0,0.013626214576722973,True
k2,9988.HK,china,1,0.020458565442019072,True
k2,9988.HK,china,2,0.07202450958977291,True
k2,9988.HK,china,3,0.07761118419580182,True
k2,9988.HK,china,4,0.06688937369589887,True
k2,9988.HK,china,5,0.08255315741492542,True
k2,9988.HK,china,6,0.09376180003910495,True
k2,9988.HK,china,7,0.08918748905125717,True
k2,9988.HK,china,8,0.09735986338682423,True
k2,9988.HK,china,9,0.08734190349343152,True
k2,9988.HK,china,10,0.07896061441499924,True
k2,9988.HK,china,11,0.09393365930184494,True
k2,9988.HK,china,12,0.09623767822876683,True
k2,9988.HK,china,13,0.07966653830826598,True
k2,9988.HK,china,14,0.08379932157482095,True
k2,9988.HK,china,15,0.10489342461367013,True
k2,9988.HK,china,16,0.08972268950932527,True
k2,9988.HK,china,17,0.08118720771992827,True
k2,9988.HK,china,18,0.08687824123111643,True
k2,9988.HK,china,19,0.10123339012667998,True
k2,9988.HK,china,20,0.08552685205820776,True
k2,3067.HK,china,-10,0.0074988602245209535,True
k2,3067.HK,china,-9,0.009196057966063265,True
k2,3067.HK,china,-8,0.012601817247211322,True
k2,3067.HK,china,-7,0.00013934192334641438,True
k2,3067.HK,china,-6,-0.001728556536232162,True
k2,3067.HK,china,-5,0.004684957143178181,True
k2,3067.HK,china,-4,0.0058660523077218585,True
k2,3067.HK,china,-3,0.014815475545612244,True
k2,3067.HK,china,-2,0.007492905180364495,True
k2,3067.HK,china,-1,0.0,True
k2,3067.HK,china,0,0.002622572895183861,True
k2,3067.HK,china,1,0.0035855481352071727,True
k2,3067.HK,china,2,0.013452702115250847,True
k2,3067.HK,china,3,0.014646800353307565,True
k2,3067.HK,china,4,0.02066370455318145,True
k2,3067.HK,china,5,0.024717541568767043,True
k2,3067.HK,china,6,0.02564302866638446,True
k2,3067.HK,china,7,0.021921624913608273,True
k2,3067.HK,china,8,0.03263959864090449,True
k2,3067.HK,china,9,0.025941050903176333,True
k2,3067.HK,china,10,0.026872040189373614,True
k2,3067.HK,china,11,0.018375466791339612,True
k2,3067.HK,china,12,0.01565072586011418,True
k2,3067.HK,china,13,0.005508224437440479,True
k2,3067.HK,china,14,0.012140571029172875,True
k2,3067.HK,china,15,0.01329674147807447,True
k2,3067.HK,china,16,0.01722696270407864,True
k2,3067.HK,china,17,0.018189516038791265,True
k2,3067.HK,china,18,0.021300689042836662,True
k2,3067.HK,china,19,0.01445960360173748,True
k2,3067.HK,china,20,0.011303276652016248,True
k2,0981.HK,china,-10,-0.02234749689550064,True
k2,0981.HK,china,-9,-0.012815933843174587,True
k2,0981.HK,china,-8,-0.007403021219863248,True
k2,0981.HK,china,-7,-0.03964287153650048,True
k2,0981.HK,china,-6,-0.03912671703833537,True
k2,0981.HK,china,-5,-0.017813179257074818,True
k2,0981.HK,china,-4,-0.008700065753996178,True
k2,0981.HK,china,-3,0.010483569719978547,True
k2,0981.HK,china,-2,-0.001018338052552803,True
k2,0981.HK,china,-1,0.0,True
k2,0981.HK,china,0,0.017385851623160864,True
k2,0981.HK,china,1,0.025571056852927487,True
k2,0981.HK,china,2,-0.00875261632750668,True
k2,0981.HK,china,3,-0.010201202766718875,True
k2,0981.HK,china,4,0.01019611892886374,True
k2,0981.HK,china,5,0.014079568566507383,True
k2,0981.HK,china,6,0.010495633456821363,True
k2,0981.HK,china,7,0.03221506357038617,True
k2,0981.HK,china,8,0.02021930711025588,True
k2,0981.HK,china,9,0.04548182804384693,True
k2,0981.HK,china,10,0.10495778226748032,True
k2,0981.HK,china,11,0.10474930843739427,True
k2,0981.HK,china,12,0.1109215653534048,True
k2,0981.HK,china,13,0.06377135720034888,True
k2,0981.HK,china,14,0.0977011948263975,True
k2,0981.HK,china,15,0.08771502785575835,True
k2,0981.HK,china,16,0.10710966269639455,True
k2,0981.HK,china,17,0.09054065813978429,True
k2,0981.HK,china,18,0.12110583814934417,True
k2,0981.HK,china,19,0.12184057552580807,True
k2,0981.HK,china,20,0.0453291044162456,True
v4_preview,NVDA,compute,-10,0.007214719574299089,True
v4_preview,NVDA,compute,-9,0.000523755012895144,True
v4_preview,NVDA,compute,-8,0.01985709205868247,True
v4_preview,NVDA,compute,-7,0.01789274204748814,True
v4_preview,NVDA,compute,-6,0.010469731480877265,True
v4_preview,NVDA,compute,-5,0.014119540060583802,True
v4_preview,NVDA,compute,-4,0.019181863258915577,True
v4_preview,NVDA,compute,-3,0.01214506746001387,True
v4_preview,NVDA,compute,-2,0.008575556800292539,True
v4_preview,NVDA,compute,-1,0.0,True
v4_preview,NVDA,compute,0,0.023372692693873987,True
v4_preview,NVDA,compute,1,0.06210882786331684,True
v4_preview,NVDA,compute,2,0.05620799392876208,True
v4_preview,NVDA,compute,3,0.03155278171395626,True
v4_preview,NVDA,compute,4,-0.025094927365955755,True
v4_preview,NVDA,compute,5,-0.040276648958797345,True
v4_preview,NVDA,compute,6,-0.038239904660346546,True
v4_preview,NVDA,compute,7,-0.061156407583876415,True
v4_preview,NVDA,compute,8,-0.025659881111431027,True
v4_preview,NVDA,compute,9,-0.006961676259268579,True
v4_preview,NVDA,compute,10,-0.0127891629993373,True
v4_preview,NVDA,compute,11,0.0038296389999930014,True
v4_preview,NVDA,compute,12,0.018435488379404674,True
v4_preview,NVDA,compute,13,0.030544424426421024,True
v4_preview,NVDA,compute,14,0.06640892061638848,True
v4_preview,NVDA,compute,15,0.03640367724335025,True
v4_preview,NVDA,compute,16,0.027311454029256943,True
v4_preview,NVDA,compute,17,0.025771529521160907,True
v4_preview,NVDA,compute,18,0.022224181850071467,True
v4_preview,NVDA,compute,19,0.0024396066057317256,True
v4_preview,NVDA,compute,20,-0.021018107515815565,True
v4_preview,AVGO,compute,-10,-0.05848547645184343,True
v4_preview,AVGO,compute,-9,-0.046945073061203324,True
v4_preview,AVGO,compute,-8,-0.062230600269730374,True
v4_preview,AVGO,compute,-7,-0.03512398427039809,True
v4_preview,AVGO,compute,-6,-0.035527282544820515,True
v4_preview,AVGO,compute,-5,-0.02847642863352462,True
v4_preview,AVGO,compute,-4,-0.04243980444758755,True
v4_preview,AVGO,compute,-3,-0.032293365488437864,True
v4_preview,AVGO,compute,-2,0.000783897030000702,True
v4_preview,AVGO,compute,-1,0.0,True
v4_preview,AVGO,compute,0,-0.012254040645433228,True
v4_preview,AVGO,compute,1,-0.02362595293359515,True
v4_preview,AVGO,compute,2,-0.058438689656324705,True
v4_preview,AVGO,compute,3,-0.050575477423835835,True
v4_preview,AVGO,compute,4,-0.030739247676009995,True
v4_preview,AVGO,compute,5,-0.031112289208651056,True
v4_preview,AVGO,compute,6,-0.040637839428152134,True
v4_preview,AVGO,compute,7,-0.027788174476028438,True
v4_preview,AVGO,compute,8,-0.052852506093399754,True
v4_preview,AVGO,compute,9,-0.08240113610871891,True
v4_preview,AVGO,compute,10,-0.06416789178740245,True
v4_preview,AVGO,compute,11,-0.07071797967011761,True
v4_preview,AVGO,compute,12,-0.08374071749151302,True
v4_preview,AVGO,compute,13,-0.10025169144038237,True
v4_preview,AVGO,compute,14,-0.0536193771485074,True
v4_preview,AVGO,compute,15,-0.07217796820080835,True
v4_preview,AVGO,compute,16,-0.07845876348685366,True
v4_preview,AVGO,compute,17,-0.0954574943300921,True
v4_preview,AVGO,compute,18,-0.09574197453862077,True
v4_preview,AVGO,compute,19,-0.1053124088188655,True
v4_preview,AVGO,compute,20,-0.11058186831821715,True
v4_preview,AMD,compute,-10,-0.15602867071151572,True
v4_preview,AMD,compute,-9,-0.1590396324693577,True
v4_preview,AMD,compute,-8,-0.14419554388439426,True
v4_preview,AMD,compute,-7,-0.14621139712051434,True
v4_preview,AMD,compute,-6,-0.07588482405083496,True
v4_preview,AMD,compute,-5,-0.0884169914193027,True
v4_preview,AMD,compute,-4,-0.09767084552252481,True
v4_preview,AMD,compute,-3,-0.05975147133871417,True
v4_preview,AMD,compute,-2,-0.011791939995224432,True
v4_preview,AMD,compute,-1,0.0,True
v4_preview,AMD,compute,0,0.111316374357747,True
v4_preview,AMD,compute,1,0.07215843102536734,True
v4_preview,AMD,compute,2,0.04754288315707278,True
v4_preview,AMD,compute,3,0.08355492972514078,True
v4_preview,AMD,compute,4,0.1245427458566537,True
v4_preview,AMD,compute,5,0.13191172875496093,True
v4_preview,AMD,compute,6,0.07965927000200868,True
v4_preview,AMD,compute,7,0.10615377434307494,True
v4_preview,AMD,compute,8,0.2563011164584914,True
v4_preview,AMD,compute,9,0.22632993372261634,True
v4_preview,AMD,compute,10,0.3114805613728864,True
v4_preview,AMD,compute,11,0.3164660441653977,True
v4_preview,AMD,compute,12,0.3018317658801326,True
v4_preview,AMD,compute,13,0.28508177949741764,True
v4_preview,AMD,compute,14,0.2873827320998048,True
v4_preview,AMD,compute,15,0.243973935473643,True
v4_preview,AMD,compute,16,0.24092529815041352,True
v4_preview,AMD,compute,17,0.2304844370252921,True
v4_preview,AMD,compute,18,0.2919248856599914,True
v4_preview,AMD,compute,19,0.29450052186629705,True
v4_preview,AMD,compute,20,0.32935353333068385,True
v4_preview,MRVL,compute,-10,-0.18953954069227574,True
v4_preview,MRVL,compute,-9,-0.17819518466107542,True
v4_preview,MRVL,compute,-8,-0.1771037598836669,True
v4_preview,MRVL,compute,-7,-0.18526909312703488,True
v4_preview,MRVL,compute,-6,-0.19925417477356522,True
v4_preview,MRVL,compute,-5,-0.1659549061490182,True
v4_preview,MRVL,compute,-4,-0.1060701497010097,True
v4_preview,MRVL,compute,-3,-0.0790594144657728,True
v4_preview,MRVL,compute,-2,-0.056700279020138744,True
v4_preview,MRVL,compute,-1,0.0,True
v4_preview,MRVL,compute,0,-0.026525655840825557,True
v4_preview,MRVL,compute,1,-0.06488423842705782,True
v4_preview,MRVL,compute,2,-0.0867598909226972,True
v4_preview,MRVL,compute,3,-0.07129163954011286,True
v4_preview,MRVL,compute,4,-0.027223751272044794,True
v4_preview,MRVL,compute,5,-0.03798934755441419,True
v4_preview,MRVL,compute,6,-0.04395494017204982,True
v4_preview,MRVL,compute,7,-0.026218416061943195,True
v4_preview,MRVL,compute,8,-0.026832114724480327,True
v4_preview,MRVL,compute,9,-0.09876826589663157,True
v4_preview,MRVL,compute,10,-0.060612027972759996,True
v4_preview,MRVL,compute,11,-0.059339645562780596,True
v4_preview,MRVL,compute,12,-0.08863857694089194,True
v4_preview,MRVL,compute,13,-0.020553387195644035,True
v4_preview,MRVL,compute,14,-0.0019500745047551504,True
v4_preview,MRVL,compute,15,-0.018407814329951755,True
v4_preview,MRVL,compute,16,-0.06013995955717277,True
v4_preview,MRVL,compute,17,-0.011425866033188292,True
v4_preview,MRVL,compute,18,0.03016765316498926,True
v4_preview,MRVL,compute,19,0.04887303688737887,True
v4_preview,MRVL,compute,20,0.07378918947316748,True
v4_preview,TSM,compute,-10,0.03191943869606462,True
v4_preview,TSM,compute,-9,0.018846933117121267,True
v4_preview,TSM,compute,-8,0.028394419307902652,True
v4_preview,TSM,compute,-7,0.001802958571086144,True
v4_preview,TSM,compute,-6,-0.03482800431327426,True
v4_preview,TSM,compute,-5,-0.028340364998356904,True
v4_preview,TSM,compute,-4,-0.03672509251806755,True
v4_preview,TSM,compute,-3,-0.027903051326024553,True
v4_preview,TSM,compute,-2,0.006765521511661099,True
v4_preview,TSM,compute,-1,0.0,True
v4_preview,TSM,compute,0,0.03150194807856188,True
v4_preview,TSM,compute,1,0.037216906219822654,True
v4_preview,TSM,compute,2,0.015615690138646166,True
v4_preview,TSM,compute,3,0.0133112479981925,True
v4_preview,TSM,compute,4,0.009674575583805911,True
v4_preview,TSM,compute,5,0.004177597220359708,True
v4_preview,TSM,compute,6,0.015922097303949556,True
v4_preview,TSM,compute,7,-0.015058899433213035,True
v4_preview,TSM,compute,8,0.026052106970475997,True
v4_preview,TSM,compute,9,0.014410403504931502,True
v4_preview,TSM,compute,10,-0.014741808140458446,True
v4_preview,TSM,compute,11,-0.035129676204265436,True
v4_preview,TSM,compute,12,-0.04472101770311454,True
v4_preview,TSM,compute,13,-0.04890482036342991,True
v4_preview,TSM,compute,14,-0.012140384231983603,True
v4_preview,TSM,compute,15,-0.029468219404871654,True
v4_preview,TSM,compute,16,-0.04614951257550448,True
v4_preview,TSM,compute,17,-0.0484393374207821,True
v4_preview,TSM,compute,18,-0.04217774009381969,True
v4_preview,TSM,compute,19,-0.030407640139323178,True
v4_preview,TSM,compute,20,-0.04111979218240158,True
v4_preview,2330.TW,compute,-10,0.02359930242258912,True
v4_preview,2330.TW,compute,-9,0.0174732280151062,True
v4_preview,2330.TW,compute,-8,0.026232453620151475,True
v4_preview,2330.TW,compute,-7,0.026655454228654563,True
v4_preview,2330.TW,compute,-6,0.017956676030924434,True
v4_preview,2330.TW,compute,-5,8.745344795446641e-05,True
v4_preview,2330.TW,compute,-4,-0.006566669248027068,True
v4_preview,2330.TW,compute,-3,-0.011632710023434356,True
v4_preview,2330.TW,compute,-2,-0.018875625020871922,True
v4_preview,2330.TW,compute,-1,0.0,True
v4_preview,2330.TW,compute,0,0.017456519351609856,True
v4_preview,2330.TW,compute,1,0.035993252598851555,True
v4_preview,2330.TW,compute,2,0.01606919860683842,True
v4_preview,2330.TW,compute,3,0.005678707627804869,True
v4_preview,2330.TW,compute,4,-0.005544448777058619,True
v4_preview,2330.TW,compute,5,0.01329310664171679,True
v4_preview,2330.TW,compute,6,0.0006686398745703315,True
v4_preview,2330.TW,compute,7,-0.008355249692062472,True
v4_preview,2330.TW,compute,8,-0.0011767213717686076,True
v4_preview,2330.TW,compute,9,-0.0019755955803022474,True
v4_preview,2330.TW,compute,10,-0.030749799758928553,True
v4_preview,2330.TW,compute,11,-0.02442831782851851,True
v4_preview,2330.TW,compute,12,-0.027490154956877788,True
v4_preview,2330.TW,compute,13,-0.014294036350238848,True
v4_preview,2330.TW,compute,14,-0.002524937660698612,True
v4_preview,2330.TW,compute,15,-0.006786680301707371,True
v4_preview,2330.TW,compute,16,-0.004863850692078842,True
v4_preview,2330.TW,compute,17,-0.01011653845536209,True
v4_preview,2330.TW,compute,18,-0.022843751951294067,True
v4_preview,2330.TW,compute,19,-0.03321213895965425,True
v4_preview,2330.TW,compute,20,-0.04115992920600142,True
v4_preview,SMH,compute,-10,-0.034031296842567116,True
v4_preview,SMH,compute,-9,-0.029642278704983482,True
v4_preview,SMH,compute,-8,-0.028291170084180806,True
v4_preview,SMH,compute,-7,-0.0399836058143368,True
v4_preview,SMH,compute,-6,-0.040822812549995646,True
v4_preview,SMH,compute,-5,-0.033450484075816966,True
v4_preview,SMH,compute,-4,-0.030701589703365784,True
v4_preview,SMH,compute,-3,-0.025383337373322767,True
v4_preview,SMH,compute,-2,-0.01612147288559651,True
v4_preview,SMH,compute,-1,0.0,True
v4_preview,SMH,compute,0,0.03082612916058025,True
v4_preview,SMH,compute,1,0.029943603181213696,True
v4_preview,SMH,compute,2,0.009872600342586857,True
v4_preview,SMH,compute,3,0.020673645110614203,True
v4_preview,SMH,compute,4,0.02558146174874576,True
v4_preview,SMH,compute,5,0.02212677406446506,True
v4_preview,SMH,compute,6,0.01805141596168358,True
v4_preview,SMH,compute,7,0.03605262983038848,True
v4_preview,SMH,compute,8,0.06598438812340923,True
v4_preview,SMH,compute,9,0.04945046672339348,True
v4_preview,SMH,compute,10,0.07407352997215444,True
v4_preview,SMH,compute,11,0.08827938261567425,True
v4_preview,SMH,compute,12,0.07031808142798912,True
v4_preview,SMH,compute,13,0.07958767493517982,True
v4_preview,SMH,compute,14,0.08272422861162632,True
v4_preview,SMH,compute,15,0.05914455099245597,True
v4_preview,SMH,compute,16,0.04498840482861244,True
v4_preview,SMH,compute,17,0.04713372213619582,True
v4_preview,SMH,compute,18,0.06805359548600709,True
v4_preview,SMH,compute,19,0.07183485104013876,True
v4_preview,SMH,compute,20,0.08235608823792973,True
v4_preview,MU,memory,-10,-0.07176154601459128,True
v4_preview,MU,memory,-9,-0.06795636250940795,True
v4_preview,MU,memory,-8,0.001752257754654707,True
v4_preview,MU,memory,-7,-0.032608827197272205,True
v4_preview,MU,memory,-6,-0.035224162680321136,True
v4_preview,MU,memory,-5,-0.052958720903256484,True
v4_preview,MU,memory,-4,-0.06449980221999763,True
v4_preview,MU,memory,-3,-0.058550590322624885,True
v4_preview,MU,memory,-2,0.006237649826084102,True
v4_preview,MU,memory,-1,0.0,True
v4_preview,MU,memory,0,0.01171657099836132,True
v4_preview,MU,memory,1,0.06572279620783306,True
v4_preview,MU,memory,2,0.03642222178474963,True
v4_preview,MU,memory,3,0.05803869415369167,True
v4_preview,MU,memory,4,0.046244942695214064,True
v4_preview,MU,memory,5,0.08399228481410326,True
v4_preview,MU,memory,6,0.14711316360274385,True
v4_preview,MU,memory,7,0.23911453163929686,True
v4_preview,MU,memory,8,0.25894761443309644,True
v4_preview,MU,memory,9,0.22974030553940228,True
v4_preview,MU,memory,10,0.35060646237020787,True
v4_preview,MU,memory,11,0.41066062360899735,True
v4_preview,MU,memory,12,0.3823605752795274,True
v4_preview,MU,memory,13,0.4190535390885177,True
v4_preview,MU,memory,14,0.3769974983140454,True
v4_preview,MU,memory,15,0.32373722390133075,True
v4_preview,MU,memory,16,0.2667012201706429,True
v4_preview,MU,memory,17,0.2978065231671083,True
v4_preview,MU,memory,18,0.3278665385310431,True
v4_preview,MU,memory,19,0.366272286677118,True
v4_preview,MU,memory,20,0.34736849256309466,True
v4_preview,000660.KS,memory,-10,-0.0761820109021425,True
v4_preview,000660.KS,memory,-9,-0.05498951147009912,True
v4_preview,000660.KS,memory,-8,-0.02320338523099963,True
v4_preview,000660.KS,memory,-7,-0.014230140135998326,True
v4_preview,000660.KS,memory,-6,-0.019508931089358583,True
v4_preview,000660.KS,memory,-5,-0.03766626717658106,True
v4_preview,000660.KS,memory,-4,-0.00891171498711607,True
v4_preview,000660.KS,memory,-3,0.012762174262002546,True
v4_preview,000660.KS,memory,-2,0.00734398592179808,True
v4_preview,000660.KS,memory,-1,0.0,True
v4_preview,000660.KS,memory,0,-0.002424161134779723,True
v4_preview,000660.KS,memory,1,0.031979926660639535,True
v4_preview,000660.KS,memory,2,0.03423148802319176,True
v4_preview,000660.KS,memory,3,0.021349574300678853,True
v4_preview,000660.KS,memory,4,0.029771004922293898,True
v4_preview,000660.KS,memory,5,0.09775729901418195,True
v4_preview,000660.KS,memory,6,0.1363699351447618,True
v4_preview,000660.KS,memory,7,0.15475398329843237,True
v4_preview,000660.KS,memory,8,0.17285535980761857,True
v4_preview,000660.KS,memory,9,0.2394335717643692,True
v4_preview,000660.KS,memory,10,0.23836751039283754,True
v4_preview,000660.KS,memory,11,0.2864572563730068,True
v4_preview,000660.KS,memory,12,0.2660512443453271,True
v4_preview,000660.KS,memory,13,0.24942641323652737,True
v4_preview,000660.KS,memory,14,0.25785897959470816,True
v4_preview,000660.KS,memory,15,0.23790274527022426,True
v4_preview,000660.KS,memory,16,0.24656403114770775,True
v4_preview,000660.KS,memory,17,0.2717003367791495,True
v4_preview,000660.KS,memory,18,0.2681143619976165,True
v4_preview,000660.KS,memory,19,0.29858501889145295,True
v4_preview,000660.KS,memory,20,0.3653190056626787,True
v4_preview,005930.KS,memory,-10,0.014117371034370052,True
v4_preview,005930.KS,memory,-9,-0.0018401217537284964,True
v4_preview,005930.KS,memory,-8,-0.0018715659450432298,True
v4_preview,005930.KS,memory,-7,-0.0008201743256339711,True
v4_preview,005930.KS,memory,-6,0.007654811503249093,True
v4_preview,005930.KS,memory,-5,0.006231181985818068,True
v4_preview,005930.KS,memory,-4,-0.005115834588391266,True
v4_preview,005930.KS,memory,-3,-0.011225092217014065,True
v4_preview,005930.KS,memory,-2,-0.022698780234089,True
v4_preview,005930.KS,memory,-1,0.0,True
v4_preview,005930.KS,memory,0,-0.022495616944191,True
v4_preview,005930.KS,memory,1,-0.021270594891030115,True
v4_preview,005930.KS,memory,2,-0.036390207268441443,True
v4_preview,005930.KS,memory,3,-0.026015399176163356,True
v4_preview,005930.KS,memory,4,-0.03680274791992488,True
v4_preview,005930.KS,memory,5,-0.03377977166499058,True
v4_preview,005930.KS,memory,6,0.038302958472977267,True
v4_preview,005930.KS,memory,7,0.044584670767806145,True
v4_preview,005930.KS,memory,8,0.03241260235128074,True
v4_preview,005930.KS,memory,9,0.05146907729319139,True
v4_preview,005930.KS,memory,10,0.051599995105570784,True
v4_preview,005930.KS,memory,11,0.0434221352571047,True
v4_preview,005930.KS,memory,12,0.06744239757388826,True
v4_preview,005930.KS,memory,13,0.04047675052517086,True
v4_preview,005930.KS,memory,14,0.07551322752970258,True
v4_preview,005930.KS,memory,15,0.08880098543621706,True
v4_preview,005930.KS,memory,16,0.09927557940989296,True
v4_preview,005930.KS,memory,17,0.10019196580718592,True
v4_preview,005930.KS,memory,18,0.07244091246004558,True
v4_preview,005930.KS,memory,19,0.06927889995450265,True
v4_preview,005930.KS,memory,20,0.073417705260729,True
v4_preview,SNDK,memory,-10,-0.026534504456096286,True
v4_preview,SNDK,memory,-9,0.0749496676704764,True
v4_preview,SNDK,memory,-8,0.048478810086096225,True
v4_preview,SNDK,memory,-7,-0.022884781051395464,True
v4_preview,SNDK,memory,-6,0.002955638778933789,True
v4_preview,SNDK,memory,-5,-0.008391843366065466,True
v4_preview,SNDK,memory,-4,-0.013903304204735178,True
v4_preview,SNDK,memory,-3,-0.02058546836516051,True
v4_preview,SNDK,memory,-2,0.04316047217025165,True
v4_preview,SNDK,memory,-1,0.0,True
v4_preview,SNDK,memory,0,0.040863021419669465,True
v4_preview,SNDK,memory,1,0.11833279397430374,True
v4_preview,SNDK,memory,2,0.06294218164295451,True
v4_preview,SNDK,memory,3,0.11673270984952921,True
v4_preview,SNDK,memory,4,0.1373493743418237,True
v4_preview,SNDK,memory,5,0.20709223320728665,True
v4_preview,SNDK,memory,6,0.2653693478242465,True
v4_preview,SNDK,memory,7,0.36563447649864944,True
v4_preview,SNDK,memory,8,0.3476721371693863,True
v4_preview,SNDK,memory,9,0.29793001807150254,True
v4_preview,SNDK,memory,10,0.42830463741110947,True
v4_preview,SNDK,memory,11,0.41590729151163686,True
v4_preview,SNDK,memory,12,0.3607014263601176,True
v4_preview,SNDK,memory,13,0.34689022375897416,True
v4_preview,SNDK,memory,14,0.2942088838509136,True
v4_preview,SNDK,memory,15,0.32725218502488485,True
v4_preview,SNDK,memory,16,0.27711011138499586,True
v4_preview,SNDK,memory,17,0.3203167951481154,True
v4_preview,SNDK,memory,18,0.31056776501135896,True
v4_preview,SNDK,memory,19,0.41075469249294283,True
v4_preview,SNDK,memory,20,0.3644436147188479,True
v4_preview,AMAT,wfe,-10,0.05293964152918473,True
v4_preview,AMAT,wfe,-9,0.03319374818235499,True
v4_preview,AMAT,wfe,-8,0.014972143261164916,True
v4_preview,AMAT,wfe,-7,-0.002424378489387813,True
v4_preview,AMAT,wfe,-6,-0.018349481791345212,True
v4_preview,AMAT,wfe,-5,-0.013453929512365015,True
v4_preview,AMAT,wfe,-4,-0.023767159757638545,True
v4_preview,AMAT,wfe,-3,-0.013060486411667682,True
v4_preview,AMAT,wfe,-2,-0.006713782936843771,True
v4_preview,AMAT,wfe,-1,0.0,True
v4_preview,AMAT,wfe,0,0.013043154445681715,True
v4_preview,AMAT,wfe,1,-0.01712473666635983,True
v4_preview,AMAT,wfe,2,-0.06747037248392829,True
v4_preview,AMAT,wfe,3,-0.06968941024409236,True
v4_preview,AMAT,wfe,4,-0.04834259122607065,True
v4_preview,AMAT,wfe,5,-0.07170526201076122,True
v4_preview,AMAT,wfe,6,-0.06392562589867445,True
v4_preview,AMAT,wfe,7,-0.028339953893715908,True
v4_preview,AMAT,wfe,8,-0.006485978240653445,True
v4_preview,AMAT,wfe,9,-0.0481460709154895,True
v4_preview,AMAT,wfe,10,-0.012676328062847908,True
v4_preview,AMAT,wfe,11,0.003042762619591244,True
v4_preview,AMAT,wfe,12,-0.016835575097530864,True
v4_preview,AMAT,wfe,13,-0.014874170367172646,True
v4_preview,AMAT,wfe,14,-0.012950317615623597,True
v4_preview,AMAT,wfe,15,-0.006731104011021394,True
v4_preview,AMAT,wfe,16,-0.05665592851917012,True
v4_preview,AMAT,wfe,17,-0.06670920411282033,True
v4_preview,AMAT,wfe,18,-0.035296723691671694,True
v4_preview,AMAT,wfe,19,-0.03476541307645409,True
v4_preview,AMAT,wfe,20,-0.027827929747962443,True
v4_preview,LRCX,wfe,-10,0.08347560948051669,True
v4_preview,LRCX,wfe,-9,0.08697234552524247,True
v4_preview,LRCX,wfe,-8,0.08783999719023594,True
v4_preview,LRCX,wfe,-7,0.046962836273259256,True
v4_preview,LRCX,wfe,-6,0.026191709601756763,True
v4_preview,LRCX,wfe,-5,0.03831859287775252,True
v4_preview,LRCX,wfe,-4,0.024767434460367,True
v4_preview,LRCX,wfe,-3,0.010208410443397042,True
v4_preview,LRCX,wfe,-2,0.021026758763425413,True
v4_preview,LRCX,wfe,-1,0.0,True
v4_preview,LRCX,wfe,0,0.01609108249566482,True
v4_preview,LRCX,wfe,1,-0.015960585792903714,True
v4_preview,LRCX,wfe,2,-0.038125180074836784,True
v4_preview,LRCX,wfe,3,-0.05414062263694497,True
v4_preview,LRCX,wfe,4,-0.027455286567800385,True
v4_preview,LRCX,wfe,5,-0.04143990446471957,True
v4_preview,LRCX,wfe,6,-0.03237370250538252,True
v4_preview,LRCX,wfe,7,0.019245063723873024,True
v4_preview,LRCX,wfe,8,0.0733120284277522,True
v4_preview,LRCX,wfe,9,0.038009609461795435,True
v4_preview,LRCX,wfe,10,0.04078073074524102,True
v4_preview,LRCX,wfe,11,0.04466707773300005,True
v4_preview,LRCX,wfe,12,0.029913476278107254,True
v4_preview,LRCX,wfe,13,0.04061562757641113,True
v4_preview,LRCX,wfe,14,0.04601248594684382,True
v4_preview,LRCX,wfe,15,0.011776283353008843,True
v4_preview,LRCX,wfe,16,-0.007941278980688082,True
v4_preview,LRCX,wfe,17,-0.018374155051160912,True
v4_preview,LRCX,wfe,18,0.03139697631749705,True
v4_preview,LRCX,wfe,19,0.06365114687656259,True
v4_preview,LRCX,wfe,20,0.06965682910753124,True
v4_preview,ASML,wfe,-10,0.10571581466578639,True
v4_preview,ASML,wfe,-9,0.11014555335034082,True
v4_preview,ASML,wfe,-8,0.10414438525236847,True
v4_preview,ASML,wfe,-7,0.06588794234439899,True
v4_preview,ASML,wfe,-6,0.01202398146340311,True
v4_preview,ASML,wfe,-5,0.03314606749842319,True
v4_preview,ASML,wfe,-4,0.04770095554859832,True
v4_preview,ASML,wfe,-3,0.03956782787600055,True
v4_preview,ASML,wfe,-2,0.012426544077879242,True
v4_preview,ASML,wfe,-1,0.0,True
v4_preview,ASML,wfe,0,0.008806519523822054,True
v4_preview,ASML,wfe,1,-0.007019325431103063,True
v4_preview,ASML,wfe,2,-0.03090842349216505,True
v4_preview,ASML,wfe,3,-0.030151177398011875,True
v4_preview,ASML,wfe,4,-0.00772740651026993,True
v4_preview,ASML,wfe,5,-0.025634320348957296,True
v4_preview,ASML,wfe,6,-0.05276373731930306,True
v4_preview,ASML,wfe,7,-0.02555885040876582,True
v4_preview,ASML,wfe,8,0.022066396781516673,True
v4_preview,ASML,wfe,9,0.004875436248079623,True
v4_preview,ASML,wfe,10,0.030237805882396884,True
v4_preview,ASML,wfe,11,0.010745212206858312,True
v4_preview,ASML,wfe,12,-0.009811577019569917,True
v4_preview,ASML,wfe,13,0.018777317870874555,True
v4_preview,ASML,wfe,14,0.013545694574445655,True
v4_preview,ASML,wfe,15,-0.024855808274672597,True
v4_preview,ASML,wfe,16,-0.040328299412752955,True
v4_preview,ASML,wfe,17,-0.04298099557366619,True
v4_preview,ASML,wfe,18,0.0008769077124952673,True
v4_preview,ASML,wfe,19,0.02562404648422767,True
v4_preview,ASML,wfe,20,0.04675883139870063,True
v4_preview,VST,power,-10,0.05033464132257848,True
v4_preview,VST,power,-9,0.062223670330996406,True
v4_preview,VST,power,-8,0.0800529997594035,True
v4_preview,VST,power,-7,0.05984923277402654,True
v4_preview,VST,power,-6,0.0708147479914576,True
v4_preview,VST,power,-5,0.045231422960212875,True
v4_preview,VST,power,-4,0.024513714854538016,True
v4_preview,VST,power,-3,-0.0015020524520332756,True
v4_preview,VST,power,-2,-0.012429687645486354,True
v4_preview,VST,power,-1,0.0,True
v4_preview,VST,power,0,0.027761539867390717,True
v4_preview,VST,power,1,0.040711775213213564,True
v4_preview,VST,power,2,0.017493214773837806,True
v4_preview,VST,power,3,-0.03516322436640262,True
v4_preview,VST,power,4,-0.018452409594407193,True
v4_preview,VST,power,5,-0.044358119123817374,True
v4_preview,VST,power,6,-0.007230163189857919,True
v4_preview,VST,power,7,-0.023047043668462663,True
v4_preview,VST,power,8,-0.056725798997584675,True
v4_preview,VST,power,9,-0.08333301789827541,True
v4_preview,VST,power,10,-0.14781259242096922,True
v4_preview,VST,power,11,-0.12181397896174495,True
v4_preview,VST,power,12,-0.14795761114785133,True
v4_preview,VST,power,13,-0.1878986973885599,True
v4_preview,VST,power,14,-0.1999723213269684,True
v4_preview,VST,power,15,-0.200538130439039,True
v4_preview,VST,power,16,-0.2174261905532715,True
v4_preview,VST,power,17,-0.22627477203485657,True
v4_preview,VST,power,18,-0.1760139019183402,True
v4_preview,VST,power,19,-0.14324930889793652,True
v4_preview,VST,power,20,-0.10037879253679272,True
v4_preview,CEG,power,-10,0.04229431051295407,True
v4_preview,CEG,power,-9,0.05006078602212849,True
v4_preview,CEG,power,-8,0.048690342655598684,True
v4_preview,CEG,power,-7,0.028429589619754836,True
v4_preview,CEG,power,-6,0.03847675476305046,True
v4_preview,CEG,power,-5,0.01563437515079613,True
v4_preview,CEG,power,-4,-0.010822735374770964,True
v4_preview,CEG,power,-3,-0.04190224563699818,True
v4_preview,CEG,power,-2,-0.02499630616786419,True
v4_preview,CEG,power,-1,0.0,True
v4_preview,CEG,power,0,0.04956088529031266,True
v4_preview,CEG,power,1,0.05425097623180353,True
v4_preview,CEG,power,2,0.03388334656045089,True
v4_preview,CEG,power,3,-0.001116294951597041,True
v4_preview,CEG,power,4,0.04207168273224493,True
v4_preview,CEG,power,5,0.015797311016027216,True
v4_preview,CEG,power,6,0.05979708044312737,True
v4_preview,CEG,power,7,0.04494234251481899,True
v4_preview,CEG,power,8,0.03171906820785875,True
v4_preview,CEG,power,9,-0.0033654341998774484,True
v4_preview,CEG,power,10,-0.05141861333485398,True
v4_preview,CEG,power,11,-0.06737218945301038,True
v4_preview,CEG,power,12,-0.07938445876977962,True
v4_preview,CEG,power,13,-0.1557385336111201,True
v4_preview,CEG,power,14,-0.16147605307942747,True
v4_preview,CEG,power,15,-0.17443959081417315,True
v4_preview,CEG,power,16,-0.18978092419290782,True
v4_preview,CEG,power,17,-0.18868863793671142,True
v4_preview,CEG,power,18,-0.1290925395861624,True
v4_preview,CEG,power,19,-0.11488006684623198,True
v4_preview,CEG,power,20,-0.0906910439003541,True
v4_preview,VRT,power,-10,-0.02248377822755554,True
v4_preview,VRT,power,-9,-0.016472160694564586,True
v4_preview,VRT,power,-8,0.0001007570217934628,True
v4_preview,VRT,power,-7,-0.04437603996016648,True
v4_preview,VRT,power,-6,-0.07280068235422821,True
v4_preview,VRT,power,-5,-0.04186719063466704,True
v4_preview,VRT,power,-4,-0.015944008848606472,True
v4_preview,VRT,power,-3,-0.01841885806327692,True
v4_preview,VRT,power,-2,-0.05865273490656442,True
v4_preview,VRT,power,-1,0.0,True
v4_preview,VRT,power,0,-0.013646304102097773,True
v4_preview,VRT,power,1,-0.017362757815472918,True
v4_preview,VRT,power,2,-0.06273095638232729,True
v4_preview,VRT,power,3,-0.06506291681225829,True
v4_preview,VRT,power,4,-0.0040127343203399946,True
v4_preview,VRT,power,5,-0.014114684284356471,True
v4_preview,VRT,power,6,-0.004159563054911608,True
v4_preview,VRT,power,7,0.012863134965985346,True
v4_preview,VRT,power,8,0.04346008365234155,True
v4_preview,VRT,power,9,-0.009470758222686726,True
v4_preview,VRT,power,10,-0.03275869112723573,True
v4_preview,VRT,power,11,0.043357238811267074,True
v4_preview,VRT,power,12,0.049725635003440516,True
v4_preview,VRT,power,13,0.04697873611783443,True
v4_preview,VRT,power,14,0.05662091279503567,True
v4_preview,VRT,power,15,0.05766326646523634,True
v4_preview,VRT,power,16,-0.02591431431372282,True
v4_preview,VRT,power,17,-0.07137783377933538,True
v4_preview,VRT,power,18,-0.10961474447617903,True
v4_preview,VRT,power,19,-0.08732730636644259,True
v4_preview,VRT,power,20,-0.0790830814551935,True
v4_preview,GEV,power,-10,-0.08412810758723399,True
v4_preview,GEV,power,-9,-0.09461924595848625,True
v4_preview,GEV,power,-8,-0.1162724884153521,True
v4_preview,GEV,power,-7,-0.13177612024361718,True
v4_preview,GEV,power,-6,-0.14431934891119624,True
v4_preview,GEV,power,-5,-0.13265390606879812,True
v4_preview,GEV,power,-4,-0.1420887845708867,True
v4_preview,GEV,power,-3,-0.13714768606911054,True
v4_preview,GEV,power,-2,-0.02494572392286276,True
v4_preview,GEV,power,-1,0.0,True
v4_preview,GEV,power,0,-0.019242795553222614,True
v4_preview,GEV,power,1,-0.0452931599114752,True
v4_preview,GEV,power,2,-0.06352387681949878,True
v4_preview,GEV,power,3,-0.09361588752707917,True
v4_preview,GEV,power,4,-0.0839378944686553,True
v4_preview,GEV,power,5,-0.1126032839844795,True
v4_preview,GEV,power,6,-0.10042225768829915,True
v4_preview,GEV,power,7,-0.09371017995945596,True
v4_preview,GEV,power,8,-0.09281810293236248,True
v4_preview,GEV,power,9,-0.15940449046955152,True
v4_preview,GEV,power,10,-0.187829543699789,True
v4_preview,GEV,power,11,-0.15955364006540584,True
v4_preview,GEV,power,12,-0.15206133240595054,True
v4_preview,GEV,power,13,-0.17138506590775737,True
v4_preview,GEV,power,14,-0.15249419932202812,True
v4_preview,GEV,power,15,-0.1758989557847288,True
v4_preview,GEV,power,16,-0.20746829356137475,True
v4_preview,GEV,power,17,-0.20173145841446072,True
v4_preview,GEV,power,18,-0.2056662182484308,True
v4_preview,GEV,power,19,-0.1889086179425643,True
v4_preview,GEV,power,20,-0.1980189263409322,True
v4_preview,MSFT,model,-10,-0.05028947223623703,True
v4_preview,MSFT,model,-9,-0.02482481029124539,True
v4_preview,MSFT,model,-8,-0.020335108268775492,True
v4_preview,MSFT,model,-7,0.010801393784164226,True
v4_preview,MSFT,model,-6,0.027741828608798258,True
v4_preview,MSFT,model,-5,0.02074460760524932,True
v4_preview,MSFT,model,-4,0.012697766120018272,True
v4_preview,MSFT,model,-3,0.03097024986573782,True
v4_preview,MSFT,model,-2,0.03482026077575462,True
v4_preview,MSFT,model,-1,0.0,True
v4_preview,MSFT,model,0,0.0021636762220822447,True
v4_preview,MSFT,model,1,0.0021075601856654913,True
v4_preview,MSFT,model,2,0.0225891435023442,True
v4_preview,MSFT,model,3,0.005272424091438133,True
v4_preview,MSFT,model,4,-0.04410051332878595,True
v4_preview,MSFT,model,5,-0.03745397160761055,True
v4_preview,MSFT,model,6,-0.03754888301711112,True
v4_preview,MSFT,model,7,-0.05586975987675391,True
v4_preview,MSFT,model,8,-0.07017934470428155,True
v4_preview,MSFT,model,9,-0.05266866167139739,True
v4_preview,MSFT,model,10,-0.08935770976615931,True
v4_preview,MSFT,model,11,-0.09819353582563917,True
v4_preview,MSFT,model,12,-0.10159634795007211,True
v4_preview,MSFT,model,13,-0.11840099759155454,True
v4_preview,MSFT,model,14,-0.1151230297087551,True
v4_preview,MSFT,model,15,-0.06987060742373341,True
v4_preview,MSFT,model,16,-0.06172673226044534,True
v4_preview,MSFT,model,17,-0.07010031508931025,True
v4_preview,MSFT,model,18,-0.07784604107779014,True
v4_preview,MSFT,model,19,-0.08227728097192522,True
v4_preview,MSFT,model,20,-0.08775050885207936,True
v4_preview,GOOGL,model,-10,-0.0020740019703806567,True
v4_preview,GOOGL,model,-9,0.00038441319964022114,True
v4_preview,GOOGL,model,-8,0.017856107393658505,True
v4_preview,GOOGL,model,-7,0.016520499194832006,True
v4_preview,GOOGL,model,-6,0.00844734975764716,True
v4_preview,GOOGL,model,-5,0.012152104895434945,True
v4_preview,GOOGL,model,-4,0.0027858550749755295,True
v4_preview,GOOGL,model,-3,-0.008723941866995766,True
v4_preview,GOOGL,model,-2,-0.0043805436535109266,True
v4_preview,GOOGL,model,-1,0.0,True
v4_preview,GOOGL,model,0,-0.0028187361731584204,True
v4_preview,GOOGL,model,1,0.013754572014330613,True
v4_preview,GOOGL,model,2,0.022262527108028785,True
v4_preview,GOOGL,model,3,0.01662491845509262,True
v4_preview,GOOGL,model,4,0.10230382768217794,True
v4_preview,GOOGL,model,5,0.09506027825449515,True
v4_preview,GOOGL,model,6,0.0905994388961453,True
v4_preview,GOOGL,model,7,0.09113429011725849,True
v4_preview,GOOGL,model,8,0.0950123381742971,True
v4_preview,GOOGL,model,9,0.09608032374360409,True
v4_preview,GOOGL,model,10,0.07994566309801687,True
v4_preview,GOOGL,model,11,0.04624445245631126,True
v4_preview,GOOGL,model,12,0.05143758984461311,True
v4_preview,GOOGL,model,13,0.07959525708667758,True
v4_preview,GOOGL,model,14,0.06865552853959223,True
v4_preview,GOOGL,model,15,0.07310414254653885,True
v4_preview,GOOGL,model,16,0.07781892291263848,True
v4_preview,GOOGL,model,17,0.06034390291779168,True
v4_preview,GOOGL,model,18,0.04713512184370927,True
v4_preview,GOOGL,model,19,0.042010649562683966,True
v4_preview,GOOGL,model,20,0.025606954188548414,True
v4_preview,ORCL,model,-10,-0.1802250067558715,True
v4_preview,ORCL,model,-9,-0.07100290076155513,True
v4_preview,ORCL,model,-8,-0.04266393583990524,True
v4_preview,ORCL,model,-7,-0.015636341302979417,True
v4_preview,ORCL,model,-6,0.028570518389558153,True
v4_preview,ORCL,model,-5,-0.0029918289003143528,True
v4_preview,ORCL,model,-4,0.014480582784726082,True
v4_preview,ORCL,model,-3,0.03830575163543681,True
v4_preview,ORCL,model,-2,0.05605663056985577,True
v4_preview,ORCL,model,-1,0.0,True
v4_preview,ORCL,model,0,-0.03611168062403536,True
v4_preview,ORCL,model,1,-0.038487181524711644,True
v4_preview,ORCL,model,2,-0.06969301827978214,True
v4_preview,ORCL,model,3,-0.08870548961811853,True
v4_preview,ORCL,model,4,-0.11299409950609096,True
v4_preview,ORCL,model,5,-0.05986610018199645,True
v4_preview,ORCL,model,6,-0.009919438975073192,True
v4_preview,ORCL,model,7,0.004869256216686324,True
v4_preview,ORCL,model,8,0.030074566538560887,True
v4_preview,ORCL,model,9,0.034150220546718124,True
v4_preview,ORCL,model,10,0.017944644933736598,True
v4_preview,ORCL,model,11,0.004225956223079308,True
v4_preview,ORCL,model,12,-0.024089990853584098,True
v4_preview,ORCL,model,13,-0.01903591919147196,True
v4_preview,ORCL,model,14,0.004244369889597088,True
v4_preview,ORCL,model,15,0.005755161802640352,True
v4_preview,ORCL,model,16,-0.0233433926195028,True
v4_preview,ORCL,model,17,-0.04514751602973366,True
v4_preview,ORCL,model,18,-0.02531819331180518,True
v4_preview,ORCL,model,19,-0.018703207754899864,True
v4_preview,ORCL,model,20,-0.01083579371231913,True
v4_preview,PLTR,model,-10,-0.036352452014852155,True
v4_preview,PLTR,model,-9,-0.013539716813189884,True
v4_preview,PLTR,model,-8,-0.006688276742533361,True
v4_preview,PLTR,model,-7,0.02584559268454889,True
v4_preview,PLTR,model,-6,0.025322841379766814,True
v4_preview,PLTR,model,-5,0.03743300549735995,True
v4_preview,PLTR,model,-4,0.03719152482254806,True
v4_preview,PLTR,model,-3,0.041550357725514075,True
v4_preview,PLTR,model,-2,0.0695081907302244,True
v4_preview,PLTR,model,-1,0.0,True
v4_preview,PLTR,model,0,-0.008267426164539238,True
v4_preview,PLTR,model,1,-0.008724529384042334,True
v4_preview,PLTR,model,2,-0.012124968282848592,True
v4_preview,PLTR,model,3,-0.041219265546238226,True
v4_preview,PLTR,model,4,-0.04227360316952744,True
v4_preview,PLTR,model,5,-0.01679309031196574,True
v4_preview,PLTR,model,6,-0.0013947169867583042,True
v4_preview,PLTR,model,7,-0.08610447120896225,True
v4_preview,PLTR,model,8,-0.1223875638704035,True
v4_preview,PLTR,model,9,-0.09711942183426281,True
v4_preview,PLTR,model,10,-0.11483220867400945,True
v4_preview,PLTR,model,11,-0.12435011554292164,True
v4_preview,PLTR,model,12,-0.12235494307036276,True
v4_preview,PLTR,model,13,-0.1775976832567414,True
v4_preview,PLTR,model,14,-0.15677641008938448,True
v4_preview,PLTR,model,15,-0.13963137530524428,True
v4_preview,PLTR,model,16,-0.12677371668033022,True
v4_preview,PLTR,model,17,-0.11970469264147976,True
v4_preview,PLTR,model,18,-0.122256435349132,True
v4_preview,PLTR,model,19,-0.12223126225454006,True
v4_preview,PLTR,model,20,-0.1303637923800478,True
v4_preview,9984.T,model,-10,-0.3968297519638355,True
v4_preview,9984.T,model,-9,-0.39311298828216223,True
v4_preview,9984.T,model,-8,-0.29759751690831493,True
v4_preview,9984.T,model,-7,-0.25550547247489064,True
v4_preview,9984.T,model,-6,-0.22900280700183728,True
v4_preview,9984.T,model,-5,-0.24286076317242866,True
v4_preview,9984.T,model,-4,-0.19568610216858495,True
v4_preview,9984.T,model,-3,-0.12274563468425015,True
v4_preview,9984.T,model,-2,-0.045392178008697215,True
v4_preview,9984.T,model,-1,0.0,True
v4_preview,9984.T,model,0,0.01166515511768118,True
v4_preview,9984.T,model,1,-0.022150745699914154,True
v4_preview,9984.T,model,2,-0.11562273502488374,True
v4_preview,9984.T,model,3,-0.11435474726297024,True
v4_preview,9984.T,model,4,-0.07966881498803424,True
v4_preview,9984.T,model,5,0.035241642481214086,True
v4_preview,9984.T,model,6,-0.009526788400881614,True
v4_preview,9984.T,model,7,-0.07017558818947478,True
v4_preview,9984.T,model,8,-0.0337552724662995,True
v4_preview,9984.T,model,9,-0.03799270477467864,True
v4_preview,9984.T,model,10,-0.06926181085634298,True
v4_preview,9984.T,model,11,-0.053536754874462744,True
v4_preview,9984.T,model,12,-0.07064181621094434,True
v4_preview,9984.T,model,13,-0.10863424134099553,True
v4_preview,9984.T,model,14,-0.1581773117731604,True
v4_preview,9984.T,model,15,-0.008093977233697203,True
v4_preview,9984.T,model,16,0.07777108649651154,True
v4_preview,9984.T,model,17,0.09473689795409079,True
v4_preview,9984.T,model,18,0.20073371061056555,True
v4_preview,9984.T,model,19,0.12534760673790224,True
v4_preview,9984.T,model,20,0.10964929553296798,True
v4_preview,9988.HK,china,-10,-0.03746467915734275,True
v4_preview,9988.HK,china,-9,-0.04693439406178701,True
v4_preview,9988.HK,china,-8,-0.044644919572658814,True
v4_preview,9988.HK,china,-7,-0.015138471886258387,True
v4_preview,9988.HK,china,-6,0.02225979668680189,True
v4_preview,9988.HK,china,-5,0.03557056498030331,True
v4_preview,9988.HK,china,-4,0.03231563040203511,True
v4_preview,9988.HK,china,-3,0.02240925673553118,True
v4_preview,9988.HK,china,-2,-0.0011255158181580072,True
v4_preview,9988.HK,china,-1,0.0,True
v4_preview,9988.HK,china,0,0.00825593071024322,True
v4_preview,9988.HK,china,1,-0.0019380623439122502,True
v4_preview,9988.HK,china,2,-0.021238538500045756,True
v4_preview,9988.HK,china,3,-0.006026464420943789,True
v4_preview,9988.HK,china,4,-0.02895938317300839,True
v4_preview,9988.HK,china,5,0.0029721990775763985,True
v4_preview,9988.HK,china,6,0.006756587270410286,True
v4_preview,9988.HK,china,7,0.017269054500398617,True
v4_preview,9988.HK,china,8,0.050374774494629904,True
v4_preview,9988.HK,china,9,0.045571181642978686,True
v4_preview,9988.HK,china,10,0.007693193832790435,True
v4_preview,9988.HK,china,11,0.005436329017484809,True
v4_preview,9988.HK,china,12,0.00014131625385349622,True
v4_preview,9988.HK,china,13,0.03780303323597156,True
v4_preview,9988.HK,china,14,0.01263313040142755,True
v4_preview,9988.HK,china,15,0.019224925141652527,True
v4_preview,9988.HK,china,16,0.026534149921262795,True
v4_preview,9988.HK,china,17,0.021679869648380645,True
v4_preview,9988.HK,china,18,-0.013713328487485299,True
v4_preview,9988.HK,china,19,-0.014417691372300645,True
v4_preview,9988.HK,china,20,-0.00944740322809956,True
v4_preview,3067.HK,china,-10,-0.0011227508488746984,True
v4_preview,3067.HK,china,-9,3.0211747513497755e-05,True
v4_preview,3067.HK,china,-8,-0.0003029537299030771,True
v4_preview,3067.HK,china,-7,0.008498417789710278,True
v4_preview,3067.HK,china,-6,0.028514362731441256,True
v4_preview,3067.HK,china,-5,0.026149057947239207,True
v4_preview,3067.HK,china,-4,0.022274918748822703,True
v4_preview,3067.HK,china,-3,0.017491045001647,True
v4_preview,3067.HK,china,-2,0.012729607169641,True
v4_preview,3067.HK,china,-1,0.0,True
v4_preview,3067.HK,china,0,0.005374209254942475,True
v4_preview,3067.HK,china,1,0.01705595637509516,True
v4_preview,3067.HK,china,2,0.002252811578165481,True
v4_preview,3067.HK,china,3,0.0012085215007422434,True
v4_preview,3067.HK,china,4,0.0092715294423793,True
v4_preview,3067.HK,china,5,0.01626400999004396,True
v4_preview,3067.HK,china,6,0.011346028666773922,True
v4_preview,3067.HK,china,7,0.007924871869699146,True
v4_preview,3067.HK,china,8,0.02441993252094976,True
v4_preview,3067.HK,china,9,0.030400782372046464,True
v4_preview,3067.HK,china,10,0.029903480494459345,True
v4_preview,3067.HK,china,11,0.025592471639773073,True
v4_preview,3067.HK,china,12,0.02966819390858788,True
v4_preview,3067.HK,china,13,0.02309414752489447,True
v4_preview,3067.HK,china,14,0.01273797315677161,True
v4_preview,3067.HK,china,15,0.004400491332736234,True
v4_preview,3067.HK,china,16,0.005516423336266119,True
v4_preview,3067.HK,china,17,0.012197423481176362,True
v4_preview,3067.HK,china,18,0.0018452974279399292,True
v4_preview,3067.HK,china,19,0.012001795839239549,True
v4_preview,3067.HK,china,20,0.0297179612060261,True
v4_preview,0981.HK,china,-10,-0.0025914500611046165,True
v4_preview,0981.HK,china,-9,-0.012629113930363367,True
v4_preview,0981.HK,china,-8,-0.006935162436704445,True
v4_preview,0981.HK,china,-7,0.013198890378200545,True
v4_preview,0981.HK,china,-6,0.00702227884244877,True
v4_preview,0981.HK,china,-5,0.005865889203773733,True
v4_preview,0981.HK,china,-4,0.005775273760211697,True
v4_preview,0981.HK,china,-3,0.005995567966796678,True
v4_preview,0981.HK,china,-2,0.004911850081571245,True
v4_preview,0981.HK,china,-1,0.0,True
v4_preview,0981.HK,china,0,0.09296488413890636,True
v4_preview,0981.HK,china,1,0.15460253090530784,True
v4_preview,0981.HK,china,2,0.13136613077836756,True
v4_preview,0981.HK,china,3,0.11088897741516046,True
v4_preview,0981.HK,china,4,0.19846403238391908,True
v4_preview,0981.HK,china,5,0.2036277640075994,True
v4_preview,0981.HK,china,6,0.19232770665717958,True
v4_preview,0981.HK,china,7,0.23585882863510488,True
v4_preview,0981.HK,china,8,0.24531265291576076,True
v4_preview,0981.HK,china,9,0.2087746621104456,True
v4_preview,0981.HK,china,10,0.25163193327303546,True
v4_preview,0981.HK,china,11,0.25386603397527985,True
v4_preview,0981.HK,china,12,0.21982201245143074,True
v4_preview,0981.HK,china,13,0.1834066508208645,True
v4_preview,0981.HK,china,14,0.19478621786559724,True
v4_preview,0981.HK,china,15,0.17088233850988477,True
v4_preview,0981.HK,china,16,0.16320054332078193,True
v4_preview,0981.HK,china,17,0.261556872657672,True
v4_preview,0981.HK,china,18,0.25920374105431865,True
v4_preview,0981.HK,china,19,0.3239799504200116,True
v4_preview,0981.HK,china,20,0.3796545213522151,True
v4_preview,2513.HK,china,-10,-0.09291881107349997,True
v4_preview,2513.HK,china,-9,-0.06118155486010224,True
v4_preview,2513.HK,china,-8,-0.07935998817709855,True
v4_preview,2513.HK,china,-7,-0.17157017102335637,True
v4_preview,2513.HK,china,-6,-0.17036215979755376,True
v4_preview,2513.HK,china,-5,-0.15244052371543226,True
v4_preview,2513.HK,china,-4,-0.06999164848451844,True
v4_preview,2513.HK,china,-3,-0.10075100863495479,True
v4_preview,2513.HK,china,-2,-0.05123983349789185,True
v4_preview,2513.HK,china,-1,0.0,True
v4_preview,2513.HK,china,0,-0.09724701032139649,True
v4_preview,2513.HK,china,1,-0.11739618037301724,True
v4_preview,2513.HK,china,2,-0.241632963769967,True
v4_preview,2513.HK,china,3,-0.23790273992906474,True
v4_preview,2513.HK,china,4,-0.16381345305955275,True
v4_preview,2513.HK,china,5,-0.07851489595220507,True
v4_preview,2513.HK,china,6,-0.11090003814621774,True
v4_preview,2513.HK,china,7,-0.11325562609612483,True
v4_preview,2513.HK,china,8,-0.08000200759787557,True
v4_preview,2513.HK,china,9,-0.12603733221715796,True
v4_preview,2513.HK,china,10,-0.15288083412597686,True
v4_preview,2513.HK,china,11,-0.21852787605799318,True
v4_preview,2513.HK,china,12,0.0940503996023363,True
v4_preview,2513.HK,china,13,0.040443431299915567,True
v4_preview,2513.HK,china,14,0.0097731189750343,True
v4_preview,2513.HK,china,15,0.110082932409453,True
v4_preview,2513.HK,china,16,0.006482134232107306,True
v4_preview,2513.HK,china,17,0.03900760352831334,True
v4_preview,2513.HK,china,18,0.002946496800924514,True
v4_preview,2513.HK,china,19,0.23280798730474483,True
v4_preview,2513.HK,china,20,0.2810376486629327,True
v4_pricecut,NVDA,compute,-10,0.10560717190971491,True
v4_pricecut,NVDA,compute,-9,0.0965149486956216,True
v4_pricecut,NVDA,compute,-8,0.09497502418752557,True
v4_pricecut,NVDA,compute,-7,0.09142767651643613,True
v4_pricecut,NVDA,compute,-6,0.07164310127209639,True
v4_pricecut,NVDA,compute,-5,0.0481853871505491,True
v4_pricecut,NVDA,compute,-4,0.02840090104168791,True
v4_pricecut,NVDA,compute,-3,0.018963923569602414,True
v4_pricecut,NVDA,compute,-2,0.01829939360618571,True
v4_pricecut,NVDA,compute,-1,0.0,True
v4_pricecut,NVDA,compute,0,0.054748153895320506,True
v4_pricecut,NVDA,compute,1,0.043266575960611675,True
v4_pricecut,NVDA,compute,2,0.008993596349163191,True
v4_pricecut,NVDA,compute,3,0.033050997406975036,True
v4_pricecut,NVDA,compute,4,0.018221944856261274,True
v4_pricecut,NVDA,compute,5,0.019839488226930158,True
v4_pricecut,NVDA,compute,6,0.029254327606762942,True
v4_pricecut,NVDA,compute,7,0.011397084997069484,True
v4_pricecut,NVDA,compute,8,0.00013958401228908457,True
v4_pricecut,NVDA,compute,9,-0.0041670711529366855,True
v4_pricecut,NVDA,compute,10,-0.0003272603459087975,True
v4_pricecut,NVDA,compute,11,-0.005148038216579387,True
v4_pricecut,NVDA,compute,12,-0.008422936370359402,True
v4_pricecut,NVDA,compute,13,-0.004092691251162073,True
v4_pricecut,NVDA,compute,14,-0.011309121451806625,True
v4_pricecut,NVDA,compute,15,-0.01996657836518967,True
v4_pricecut,NVDA,compute,16,-0.0209242078919063,True
v4_pricecut,NVDA,compute,17,-0.04551469425432231,True
v4_pricecut,NVDA,compute,18,-0.04819076959798174,True
v4_pricecut,NVDA,compute,19,-0.060147411353075775,True
v4_pricecut,NVDA,compute,20,-0.051097446553452386,True
v4_pricecut,AVGO,compute,-10,-0.008900833110962125,True
v4_pricecut,AVGO,compute,-9,-0.01518162839700743,True
v4_pricecut,AVGO,compute,-8,-0.03218035924024587,True
v4_pricecut,AVGO,compute,-7,-0.03246483944877454,True
v4_pricecut,AVGO,compute,-6,-0.042035273729019274,True
v4_pricecut,AVGO,compute,-5,-0.04730473322837092,True
v4_pricecut,AVGO,compute,-4,-0.04607918805007927,True
v4_pricecut,AVGO,compute,-3,-0.04529759250107812,True
v4_pricecut,AVGO,compute,-2,-0.04256672776953341,True
v4_pricecut,AVGO,compute,-1,0.0,True
v4_pricecut,AVGO,compute,0,0.023135035511444357,True
v4_pricecut,AVGO,compute,1,0.06443146503829311,True
v4_pricecut,AVGO,compute,2,0.062177253567502255,True
v4_pricecut,AVGO,compute,3,-0.06749822154060414,True
v4_pricecut,AVGO,compute,4,-0.10082538105207739,True
v4_pricecut,AVGO,compute,5,-0.08852987041680205,True
v4_pricecut,AVGO,compute,6,-0.0882141861058825,True
v4_pricecut,AVGO,compute,7,-0.12054270127368838,True
v4_pricecut,AVGO,compute,8,-0.1182005709096936,True
v4_pricecut,AVGO,compute,9,-0.1331868686787523,True
v4_pricecut,AVGO,compute,10,-0.13352258667799433,True
v4_pricecut,AVGO,compute,11,-0.15905723533264737,True
v4_pricecut,AVGO,compute,12,-0.10685628064015873,True
v4_pricecut,AVGO,compute,13,-0.0857233712872345,True
v4_pricecut,AVGO,compute,14,-0.12947972961373821,True
v4_pricecut,AVGO,compute,15,-0.127023856028746,True
v4_pricecut,AVGO,compute,16,-0.11773103584857836,True
v4_pricecut,AVGO,compute,17,-0.1341091110808943,True
v4_pricecut,AVGO,compute,18,-0.15759649278928212,True
v4_pricecut,AVGO,compute,19,-0.1619961450855616,True
v4_pricecut,AVGO,compute,20,-0.1647379527210706,True
v4_pricecut,AMD,compute,-10,-0.15572425047111604,True
v4_pricecut,AMD,compute,-9,-0.1587728877943455,True
v4_pricecut,AMD,compute,-8,-0.16921374891946694,True
v4_pricecut,AMD,compute,-7,-0.10777330028476761,True
v4_pricecut,AMD,compute,-6,-0.10519766407846198,True
v4_pricecut,AMD,compute,-5,-0.07034465261407519,True
v4_pricecut,AMD,compute,-4,-0.013006801726847428,True
v4_pricecut,AMD,compute,-3,-0.028579512726543577,True
v4_pricecut,AMD,compute,-2,0.0075258326152845,True
v4_pricecut,AMD,compute,-1,0.0,True
v4_pricecut,AMD,compute,0,-0.017617199051967347,True
v4_pricecut,AMD,compute,1,-9.081310890746153e-05,True
v4_pricecut,AMD,compute,2,0.041964984431650976,True
v4_pricecut,AMD,compute,3,0.01055293148221459,True
v4_pricecut,AMD,compute,4,-0.055218847685950756,True
v4_pricecut,AMD,compute,5,-0.020636041802316818,True
v4_pricecut,AMD,compute,6,-0.03975273625698428,True
v4_pricecut,AMD,compute,7,-0.0693952003914049,True
v4_pricecut,AMD,compute,8,-0.025942747349723128,True
v4_pricecut,AMD,compute,9,0.014437119878507154,True
v4_pricecut,AMD,compute,10,0.05094625407763509,True
v4_pricecut,AMD,compute,11,-0.0057065781379179725,True
v4_pricecut,AMD,compute,12,0.014593677620068135,True
v4_pricecut,AMD,compute,13,0.03726243887444092,True
v4_pricecut,AMD,compute,14,0.06596638064706362,True
v4_pricecut,AMD,compute,15,0.040112509462110424,True
v4_pricecut,AMD,compute,16,0.044155774483018106,True
v4_pricecut,AMD,compute,17,0.06046852713522988,True
v4_pricecut,AMD,compute,18,0.053476089440724905,True
v4_pricecut,AMD,compute,19,0.06268725191027524,True
v4_pricecut,AMD,compute,20,0.11978723906273903,True
v4_pricecut,MRVL,compute,-10,-0.10687490576908232,True
v4_pricecut,MRVL,compute,-9,-0.14860705099630334,True
v4_pricecut,MRVL,compute,-8,-0.09989295747231886,True
v4_pricecut,MRVL,compute,-7,-0.0582994382741413,True
v4_pricecut,MRVL,compute,-6,-0.03959405455175169,True
v4_pricecut,MRVL,compute,-5,-0.01467790196596308,True
v4_pricecut,MRVL,compute,-4,0.026713021700619954,True
v4_pricecut,MRVL,compute,-3,-0.019140942198919042,True
v4_pricecut,MRVL,compute,-2,0.002847721666802805,True
v4_pricecut,MRVL,compute,-1,0.0,True
v4_pricecut,MRVL,compute,0,0.062040975558985245,True
v4_pricecut,MRVL,compute,1,0.3390152065658274,True
v4_pricecut,MRVL,compute,2,0.37829792243986304,True
v4_pricecut,MRVL,compute,3,0.4309817173028456,True
v4_pricecut,MRVL,compute,4,0.2970104927537651,True
v4_pricecut,MRVL,compute,5,0.37348349346273757,True
v4_pricecut,MRVL,compute,6,0.3059490067466655,True
v4_pricecut,MRVL,compute,7,0.27109621403827333,True
v4_pricecut,MRVL,compute,8,0.3434327072546095,True
v4_pricecut,MRVL,compute,9,0.333960817298915,True
v4_pricecut,MRVL,compute,10,0.40226567796732304,True
v4_pricecut,MRVL,compute,11,0.3185294772148115,True
v4_pricecut,MRVL,compute,12,0.36691606968457524,True
v4_pricecut,MRVL,compute,13,0.4123076091475699,True
v4_pricecut,MRVL,compute,14,0.406024486056217,True
v4_pricecut,MRVL,compute,15,0.34121798837414996,True
v4_pricecut,MRVL,compute,16,0.33705161658799554,True
v4_pricecut,MRVL,compute,17,0.34532427476858096,True
v4_pricecut,MRVL,compute,18,0.3062907641281365,True
v4_pricecut,MRVL,compute,19,0.3220749720164564,True
v4_pricecut,MRVL,compute,20,0.37520628638741904,True
v4_pricecut,TSM,compute,-10,0.0063304129426917655,True
v4_pricecut,TSM,compute,-9,-0.010350880227941062,True
v4_pricecut,TSM,compute,-8,-0.012640705073218683,True
v4_pricecut,TSM,compute,-7,-0.006379107746256274,True
v4_pricecut,TSM,compute,-6,0.005390992208240242,True
v4_pricecut,TSM,compute,-5,-0.005321159834838163,True
v4_pricecut,TSM,compute,-4,-0.0038220188678765865,True
v4_pricecut,TSM,compute,-3,0.02224913275392648,True
v4_pricecut,TSM,compute,-2,0.018879518286727404,True
v4_pricecut,TSM,compute,-1,0.0,True
v4_pricecut,TSM,compute,0,0.034253546343205876,True
v4_pricecut,TSM,compute,1,0.05473116429434377,True
v4_pricecut,TSM,compute,2,0.03470665448971744,True
v4_pricecut,TSM,compute,3,0.05822672414518948,True
v4_pricecut,TSM,compute,4,0.03821154853085851,True
v4_pricecut,TSM,compute,5,0.050343921679236736,True
v4_pricecut,TSM,compute,6,0.06453868555121112,True
v4_pricecut,TSM,compute,7,0.038884879662442806,True
v4_pricecut,TSM,compute,8,0.03770140432280389,True
v4_pricecut,TSM,compute,9,0.03860318784778016,True
v4_pricecut,TSM,compute,10,0.04805588753170387,True
v4_pricecut,TSM,compute,11,0.03133292762246409,True
v4_pricecut,TSM,compute,12,0.056186946669271265,True
v4_pricecut,TSM,compute,13,0.09848234544966683,True
v4_pricecut,TSM,compute,14,0.11293396854656201,True
v4_pricecut,TSM,compute,15,0.0771908012321374,True
v4_pricecut,TSM,compute,16,0.09156857060139956,True
v4_pricecut,TSM,compute,17,0.07015936963173175,True
v4_pricecut,TSM,compute,18,0.07793103060344464,True
v4_pricecut,TSM,compute,19,0.10466239032438018,True
v4_pricecut,TSM,compute,20,0.13598438787087463,True
v4_pricecut,2330.TW,compute,-10,0.03971533545003503,True
v4_pricecut,2330.TW,compute,-9,0.04163816505966356,True
v4_pricecut,2330.TW,compute,-8,0.03638547729638031,True
v4_pricecut,2330.TW,compute,-7,0.02365826380044833,True
v4_pricecut,2330.TW,compute,-6,0.013289876792088151,True
v4_pricecut,2330.TW,compute,-5,0.005342086545740976,True
v4_pricecut,2330.TW,compute,-4,-0.00939466562114255,True
v4_pricecut,2330.TW,compute,-3,-0.01293041781355253,True
v4_pricecut,2330.TW,compute,-2,-0.000990313352166261,True
v4_pricecut,2330.TW,compute,-1,0.0,True
v4_pricecut,2330.TW,compute,0,-0.013433376880055192,True
v4_pricecut,2330.TW,compute,1,-0.007701080706731034,True
v4_pricecut,2330.TW,compute,2,-0.008572689632884156,True
v4_pricecut,2330.TW,compute,3,-0.008236413406394583,True
v4_pricecut,2330.TW,compute,4,-0.0032902567733179566,True
v4_pricecut,2330.TW,compute,5,0.002077427143995614,True
v4_pricecut,2330.TW,compute,6,-0.020822725709541245,True
v4_pricecut,2330.TW,compute,7,-0.009112066532530605,True
v4_pricecut,2330.TW,compute,8,-0.006905945413818948,True
v4_pricecut,2330.TW,compute,9,-0.003942782341095352,True
v4_pricecut,2330.TW,compute,10,-0.003614564879441673,True
v4_pricecut,2330.TW,compute,11,-0.0021822562941027357,True
v4_pricecut,2330.TW,compute,12,-0.009939529329851204,True
v4_pricecut,2330.TW,compute,13,-0.01224311793546029,True
v4_pricecut,2330.TW,compute,14,0.0013152301348213769,True
v4_pricecut,2330.TW,compute,15,0.00682970536191263,True
v4_pricecut,2330.TW,compute,16,-0.01146167860091385,True
v4_pricecut,2330.TW,compute,17,-0.01604809537251395,True
v4_pricecut,2330.TW,compute,18,-0.00011582075232841049,True
v4_pricecut,2330.TW,compute,19,0.003063485387142073,True
v4_pricecut,2330.TW,compute,20,-0.004914323984838376,True
v4_pricecut,SMH,compute,-10,-0.03315809469853459,True
v4_pricecut,SMH,compute,-9,-0.04731424086237812,True
v4_pricecut,SMH,compute,-8,-0.04516892355479474,True
v4_pricecut,SMH,compute,-7,-0.02424905020498347,True
v4_pricecut,SMH,compute,-6,-0.0204677946508518,True
v4_pricecut,SMH,compute,-5,-0.009946557453060834,True
v4_pricecut,SMH,compute,-4,0.016280959886114665,True
v4_pricecut,SMH,compute,-3,0.006329562002192368,True
v4_pricecut,SMH,compute,-2,0.005178898893679396,True
v4_pricecut,SMH,compute,-1,0.0,True
v4_pricecut,SMH,compute,0,0.008735305518020375,True
v4_pricecut,SMH,compute,1,0.04350068811900254,True
v4_pricecut,SMH,compute,2,0.05507734708434331,True
v4_pricecut,SMH,compute,3,0.04353641354955329,True
v4_pricecut,SMH,compute,4,-0.003971472878345317,True
v4_pricecut,SMH,compute,5,0.029299363791673194,True
v4_pricecut,SMH,compute,6,0.02884806543539309,True
v4_pricecut,SMH,compute,7,0.014425381065296783,True
v4_pricecut,SMH,compute,8,0.04653282691911276,True
v4_pricecut,SMH,compute,9,0.05776345263682803,True
v4_pricecut,SMH,compute,10,0.06967881137544918,True
v4_pricecut,SMH,compute,11,0.039613316602562954,True
v4_pricecut,SMH,compute,12,0.06259005343642343,True
v4_pricecut,SMH,compute,13,0.09378936561218687,True
v4_pricecut,SMH,compute,14,0.10989410212811546,True
v4_pricecut,SMH,compute,15,0.07074848396614453,True
v4_pricecut,SMH,compute,16,0.0699588829754978,True
v4_pricecut,SMH,compute,17,0.09049121171431107,True
v4_pricecut,SMH,compute,18,0.06386397111042807,True
v4_pricecut,SMH,compute,19,0.07207651856601682,True
v4_pricecut,SMH,compute,20,0.09234034029383142,True
v4_pricecut,MU,memory,-10,-0.2520170152865786,True
v4_pricecut,MU,memory,-9,-0.30905301901726645,True
v4_pricecut,MU,memory,-8,-0.27794771602080104,True
v4_pricecut,MU,memory,-7,-0.24788770065686627,True
v4_pricecut,MU,memory,-6,-0.20948195251079138,True
v4_pricecut,MU,memory,-5,-0.2283857466248147,True
v4_pricecut,MU,memory,-4,-0.06958432639147105,True
v4_pricecut,MU,memory,-3,-0.0327801796659859,True
v4_pricecut,MU,memory,-2,-0.04645672467055828,True
v4_pricecut,MU,memory,-1,0.0,True
v4_pricecut,MU,memory,0,0.058330934804519785,True
v4_pricecut,MU,memory,1,0.08098182807339516,True
v4_pricecut,MU,memory,2,0.09803204118456765,True
v4_pricecut,MU,memory,3,0.02231039369902632,True
v4_pricecut,MU,memory,4,-0.07066126322684063,True
v4_pricecut,MU,memory,5,0.007963168801758513,True
v4_pricecut,MU,memory,6,0.005331295407829728,True
v4_pricecut,MU,memory,7,-0.022656322768122905,True
v4_pricecut,MU,memory,8,0.05441084566655974,True
v4_pricecut,MU,memory,9,0.034120755597146335,True
v4_pricecut,MU,memory,10,0.10608341087330242,True
v4_pricecut,MU,memory,11,0.06148729984968071,True
v4_pricecut,MU,memory,12,0.09334459973521181,True
v4_pricecut,MU,memory,13,0.15204718810827345,True
v4_pricecut,MU,memory,14,0.2205783346028909,True
v4_pricecut,MU,memory,15,0.11277600323190295,True
v4_pricecut,MU,memory,16,0.11392648978060915,True
v4_pricecut,MU,memory,17,0.25204166536340455,True
v4_pricecut,MU,memory,18,0.19662013830972835,True
v4_pricecut,MU,memory,19,0.18344145167751957,True
v4_pricecut,MU,memory,20,0.17440620954536,True
v4_pricecut,000660.KS,memory,-10,-0.12577221460646548,True
v4_pricecut,000660.KS,memory,-9,-0.11733964824828469,True
v4_pricecut,000660.KS,memory,-8,-0.1372958825727686,True
v4_pricecut,000660.KS,memory,-7,-0.1286345966952851,True
v4_pricecut,000660.KS,memory,-6,-0.10349829106384334,True
v4_pricecut,000660.KS,memory,-5,-0.10708426584537634,True
v4_pricecut,000660.KS,memory,-4,-0.0766136089515399,True
v4_pricecut,000660.KS,memory,-3,-0.00987962218031413,True
v4_pricecut,000660.KS,memory,-2,0.0158777856591108,True
v4_pricecut,000660.KS,memory,-1,0.0,True
v4_pricecut,000660.KS,memory,0,-0.023396992508994074,True
v4_pricecut,000660.KS,memory,1,-0.026158042602508758,True
v4_pricecut,000660.KS,memory,2,-0.03419374178416312,True
v4_pricecut,000660.KS,memory,3,-0.08166645353734481,True
v4_pricecut,000660.KS,memory,4,-0.0750941557458269,True
v4_pricecut,000660.KS,memory,5,-0.006131205379638516,True
v4_pricecut,000660.KS,memory,6,-0.03824981694296348,True
v4_pricecut,000660.KS,memory,7,-0.01697643827784212,True
v4_pricecut,000660.KS,memory,8,-0.03920664960015863,True
v4_pricecut,000660.KS,memory,9,-0.027681587953480857,True
v4_pricecut,000660.KS,memory,10,-0.008333926347125598,True
v4_pricecut,000660.KS,memory,11,0.03273180663687825,True
v4_pricecut,000660.KS,memory,12,0.07348926420267787,True
v4_pricecut,000660.KS,memory,13,0.10374817957711535,True
v4_pricecut,000660.KS,memory,14,0.1514704658826549,True
v4_pricecut,000660.KS,memory,15,0.12355129568555157,True
v4_pricecut,000660.KS,memory,16,0.11700644355628498,True
v4_pricecut,000660.KS,memory,17,0.1712071141296292,True
v4_pricecut,000660.KS,memory,18,0.1437374921497998,True
v4_pricecut,000660.KS,memory,19,0.12872984623464845,True
v4_pricecut,000660.KS,memory,20,0.12736570573163064,True
v4_pricecut,005930.KS,memory,-10,-0.03536661638315408,True
v4_pricecut,005930.KS,memory,-9,-0.00033013937862236276,True
v4_pricecut,005930.KS,memory,-8,0.012957618527892123,True
v4_pricecut,005930.KS,memory,-7,0.023432212501568017,True
v4_pricecut,005930.KS,memory,-6,0.024348598898860985,True
v4_pricecut,005930.KS,memory,-5,-0.0034024544482793573,True
v4_pricecut,005930.KS,memory,-4,-0.00656446695382229,True
v4_pricecut,005930.KS,memory,-3,-0.0024256616475959447,True
v4_pricecut,005930.KS,memory,-2,-0.021869609861708383,True
v4_pricecut,005930.KS,memory,-1,0.0,True
v4_pricecut,005930.KS,memory,0,0.05999615743732001,True
v4_pricecut,005930.KS,memory,1,0.0909255557210713,True
v4_pricecut,005930.KS,memory,2,0.08423002759216125,True
v4_pricecut,005930.KS,memory,3,0.07509591181246478,True
v4_pricecut,005930.KS,memory,4,0.054201242852576215,True
v4_pricecut,005930.KS,memory,5,0.06142118126819085,True
v4_pricecut,005930.KS,memory,6,0.04522095603730136,True
v4_pricecut,005930.KS,memory,7,0.029306980271282868,True
v4_pricecut,005930.KS,memory,8,0.059681852794650325,True
v4_pricecut,005930.KS,memory,9,0.052976492436034306,True
v4_pricecut,005930.KS,memory,10,0.04970932026249919,True
v4_pricecut,005930.KS,memory,11,0.04421219123876341,True
v4_pricecut,005930.KS,memory,12,0.06708622820123722,True
v4_pricecut,005930.KS,memory,13,0.04461943579725158,True
v4_pricecut,005930.KS,memory,14,0.036366141463785695,True
v4_pricecut,005930.KS,memory,15,0.010324612229144492,True
v4_pricecut,005930.KS,memory,16,0.07211890352920847,True
v4_pricecut,005930.KS,memory,17,0.07083330010582145,True
v4_pricecut,005930.KS,memory,18,0.07626323757774855,True
v4_pricecut,005930.KS,memory,19,0.029514531679719624,True
v4_pricecut,005930.KS,memory,20,0.05330252155497739,True
v4_pricecut,SNDK,memory,-10,-0.14517075299890347,True
v4_pricecut,SNDK,memory,-9,-0.19531282663879246,True
v4_pricecut,SNDK,memory,-8,-0.15210614287567292,True
v4_pricecut,SNDK,memory,-7,-0.16185517301242935,True
v4_pricecut,SNDK,memory,-6,-0.06166824553084549,True
v4_pricecut,SNDK,memory,-5,-0.10797932330494042,True
v4_pricecut,SNDK,memory,-4,-0.053284265034779565,True
v4_pricecut,SNDK,memory,-3,-0.051901796182619364,True
v4_pricecut,SNDK,memory,-2,-0.028297872449283723,True
v4_pricecut,SNDK,memory,-1,0.0,True
v4_pricecut,SNDK,memory,0,0.032472773842581404,True
v4_pricecut,SNDK,memory,1,0.001958584458447099,True
v4_pricecut,SNDK,memory,2,0.06950486859289295,True
v4_pricecut,SNDK,memory,3,0.03435068088818394,True
v4_pricecut,SNDK,memory,4,-0.03734024825619375,True
v4_pricecut,SNDK,memory,5,-0.001170069180671085,True
v4_pricecut,SNDK,memory,6,0.013165039187389205,True
v4_pricecut,SNDK,memory,7,0.03133144207704941,True
v4_pricecut,SNDK,memory,8,0.13352433471582348,True
v4_pricecut,SNDK,memory,9,0.17872958131010463,True
v4_pricecut,SNDK,memory,10,0.21032506060685208,True
v4_pricecut,SNDK,memory,11,0.17275339540685763,True
v4_pricecut,SNDK,memory,12,0.1662936636640593,True
v4_pricecut,SNDK,memory,13,0.2507065512227147,True
v4_pricecut,SNDK,memory,14,0.29314005431788104,True
v4_pricecut,SNDK,memory,15,0.1799813267902426,True
v4_pricecut,SNDK,memory,16,0.1588922528880925,True
v4_pricecut,SNDK,memory,17,0.3493956281803605,True
v4_pricecut,SNDK,memory,18,0.2527466608983371,True
v4_pricecut,SNDK,memory,19,0.20872255575437748,True
v4_pricecut,SNDK,memory,20,0.29524265997529486,True
v4_pricecut,AMAT,wfe,-10,0.009046907943042193,True
v4_pricecut,AMAT,wfe,-9,-0.04087791656510653,True
v4_pricecut,AMAT,wfe,-8,-0.050931192158756744,True
v4_pricecut,AMAT,wfe,-7,-0.019518711737608108,True
v4_pricecut,AMAT,wfe,-6,-0.0189874011223905,True
v4_pricecut,AMAT,wfe,-5,-0.012049917793898857,True
v4_pricecut,AMAT,wfe,-4,0.021610438668104415,True
v4_pricecut,AMAT,wfe,-3,0.008043101529158214,True
v4_pricecut,AMAT,wfe,-2,0.0028326069094672945,True
v4_pricecut,AMAT,wfe,-1,0.0,True
v4_pricecut,AMAT,wfe,0,0.011877115834863616,True
v4_pricecut,AMAT,wfe,1,0.07455025357058886,True
v4_pricecut,AMAT,wfe,2,0.09880648530029568,True
v4_pricecut,AMAT,wfe,3,0.10551105989408427,True
v4_pricecut,AMAT,wfe,4,0.05261420729082911,True
v4_pricecut,AMAT,wfe,5,0.12002916038298928,True
v4_pricecut,AMAT,wfe,6,0.14580575880110125,True
v4_pricecut,AMAT,wfe,7,0.16156783119014584,True
v4_pricecut,AMAT,wfe,8,0.2344465330893657,True
v4_pricecut,AMAT,wfe,9,0.2546723968629534,True
v4_pricecut,AMAT,wfe,10,0.25588616535680764,True
v4_pricecut,AMAT,wfe,11,0.2446564008707961,True
v4_pricecut,AMAT,wfe,12,0.2973110797577334,True
v4_pricecut,AMAT,wfe,13,0.31254244002960085,True
v4_pricecut,AMAT,wfe,14,0.3517578115523863,True
v4_pricecut,AMAT,wfe,15,0.2966068428508546,True
v4_pricecut,AMAT,wfe,16,0.3061219016292469,True
v4_pricecut,AMAT,wfe,17,0.4239619386409421,True
v4_pricecut,AMAT,wfe,18,0.37422435391860365,True
v4_pricecut,AMAT,wfe,19,0.45237636407164583,True
v4_pricecut,AMAT,wfe,20,0.47552026399908875,True
v4_pricecut,LRCX,wfe,-10,-0.07050401106472037,True
v4_pricecut,LRCX,wfe,-9,-0.0902215733984173,True
v4_pricecut,LRCX,wfe,-8,-0.10065444946889013,True
v4_pricecut,LRCX,wfe,-7,-0.05088331810023217,True
v4_pricecut,LRCX,wfe,-6,-0.018629147541166624,True
v4_pricecut,LRCX,wfe,-5,-0.012623465310197979,True
v4_pricecut,LRCX,wfe,-4,0.02497951738333981,True
v4_pricecut,LRCX,wfe,-3,0.014427206366787182,True
v4_pricecut,LRCX,wfe,-2,0.0031114371484806114,True
v4_pricecut,LRCX,wfe,-1,0.0,True
v4_pricecut,LRCX,wfe,0,-0.00931935086629565,True
v4_pricecut,LRCX,wfe,1,0.039174253246604174,True
v4_pricecut,LRCX,wfe,2,0.06922149943402278,True
v4_pricecut,LRCX,wfe,3,0.05260298684596432,True
v4_pricecut,LRCX,wfe,4,-0.0018799510935245678,True
v4_pricecut,LRCX,wfe,5,0.0501000553268911,True
v4_pricecut,LRCX,wfe,6,0.06999196254025541,True
v4_pricecut,LRCX,wfe,7,0.07365147826008833,True
v4_pricecut,LRCX,wfe,8,0.159582967925477,True
v4_pricecut,LRCX,wfe,9,0.16547990701830084,True
v4_pricecut,LRCX,wfe,10,0.19307916193727515,True
v4_pricecut,LRCX,wfe,11,0.16061145526178056,True
v4_pricecut,LRCX,wfe,12,0.18445638875988646,True
v4_pricecut,LRCX,wfe,13,0.19864517914305146,True
v4_pricecut,LRCX,wfe,14,0.2525108530094107,True
v4_pricecut,LRCX,wfe,15,0.18805078036495892,True
v4_pricecut,LRCX,wfe,16,0.20160703793968526,True
v4_pricecut,LRCX,wfe,17,0.2631458278233261,True
v4_pricecut,LRCX,wfe,18,0.21877443801217478,True
v4_pricecut,LRCX,wfe,19,0.2748246558998817,True
v4_pricecut,LRCX,wfe,20,0.3110783906386505,True
v4_pricecut,ASML,wfe,-10,-0.0306689592199767,True
v4_pricecut,ASML,wfe,-9,-0.04614145035805706,True
v4_pricecut,ASML,wfe,-8,-0.048794146518970294,True
v4_pricecut,ASML,wfe,-7,-0.004936243232808835,True
v4_pricecut,ASML,wfe,-6,0.019810895538923567,True
v4_pricecut,ASML,wfe,-5,0.04094568045339653,True
v4_pricecut,ASML,wfe,-4,0.02281332295433991,True
v4_pricecut,ASML,wfe,-3,0.002797411117457571,True
v4_pricecut,ASML,wfe,-2,-0.0006662894521181073,True
v4_pricecut,ASML,wfe,-1,0.0,True
v4_pricecut,ASML,wfe,0,0.0037730088145710994,True
v4_pricecut,ASML,wfe,1,0.04525883849289869,True
v4_pricecut,ASML,wfe,2,0.06010863131902955,True
v4_pricecut,ASML,wfe,3,0.08281787564607779,True
v4_pricecut,ASML,wfe,4,0.06389058118410773,True
v4_pricecut,ASML,wfe,5,0.11170593569691967,True
v4_pricecut,ASML,wfe,6,0.13957260734009225,True
v4_pricecut,ASML,wfe,7,0.13493196694736653,True
v4_pricecut,ASML,wfe,8,0.19275375509666048,True
v4_pricecut,ASML,wfe,9,0.16778951285361465,True
v4_pricecut,ASML,wfe,10,0.15235903118509508,True
v4_pricecut,ASML,wfe,11,0.1235095465139251,True
v4_pricecut,ASML,wfe,12,0.1684628275128599,True
v4_pricecut,ASML,wfe,13,0.1762833121406704,True
v4_pricecut,ASML,wfe,14,0.17857371552577472,True
v4_pricecut,ASML,wfe,15,0.13067356348806047,True
v4_pricecut,ASML,wfe,16,0.12606706831044434,True
v4_pricecut,ASML,wfe,17,0.1615143612497274,True
v4_pricecut,ASML,wfe,18,0.14976020350393782,True
v4_pricecut,ASML,wfe,19,0.17334121497167843,True
v4_pricecut,ASML,wfe,20,0.21139814871723495,True
v4_pricecut,VST,power,-10,-0.09664919429795749,True
v4_pricecut,VST,power,-9,-0.11353725441218998,True
v4_pricecut,VST,power,-8,-0.12238583589377505,True
v4_pricecut,VST,power,-7,-0.07212496577725869,True
v4_pricecut,VST,power,-6,-0.039360372756855,True
v4_pricecut,VST,power,-5,0.003510143604288807,True
v4_pricecut,VST,power,-4,0.037600636301653445,True
v4_pricecut,VST,power,-3,0.011573536140242702,True
v4_pricecut,VST,power,-2,0.003989383641340716,True
v4_pricecut,VST,power,-1,0.0,True
v4_pricecut,VST,power,0,-0.04071709987121519,True
v4_pricecut,VST,power,1,-0.024781365817966083,True
v4_pricecut,VST,power,2,-0.048916714622373014,True
v4_pricecut,VST,power,3,-0.04471796723399368,True
v4_pricecut,VST,power,4,-0.02819515959314245,True
v4_pricecut,VST,power,5,-0.056272332660888935,True
v4_pricecut,VST,power,6,-0.04933808329338696,True
v4_pricecut,VST,power,7,-0.08311263206030528,True
v4_pricecut,VST,power,8,-0.06128356102340593,True
v4_pricecut,VST,power,9,-0.05600965683092518,True
v4_pricecut,VST,power,10,-0.050456648918746794,True
v4_pricecut,VST,power,11,0.0013492279897056036,True
v4_pricecut,VST,power,12,0.012856701037380347,True
v4_pricecut,VST,power,13,0.018606750296339847,True
v4_pricecut,VST,power,14,0.04372797596647349,True
v4_pricecut,VST,power,15,0.04766277445729106,True
v4_pricecut,VST,power,16,0.05486909408137297,True
v4_pricecut,VST,power,17,0.07643786902503624,True
v4_pricecut,VST,power,18,0.06445493107992828,True
v4_pricecut,VST,power,19,0.03309199940827856,True
v4_pricecut,VST,power,20,-0.007144396285919896,True
v4_pricecut,CEG,power,-10,-0.03348766483720489,True
v4_pricecut,CEG,power,-9,-0.048828998215939556,True
v4_pricecut,CEG,power,-8,-0.04773671195974316,True
v4_pricecut,CEG,power,-7,0.01185938639080586,True
v4_pricecut,CEG,power,-6,0.026071859130736286,True
v4_pricecut,CEG,power,-5,0.050260882076614166,True
v4_pricecut,CEG,power,-4,0.05784582109640368,True
v4_pricecut,CEG,power,-3,0.01529960199730862,True
v4_pricecut,CEG,power,-2,-0.0013396551055073758,True
v4_pricecut,CEG,power,-1,0.0,True
v4_pricecut,CEG,power,0,-0.08570645193540205,True
v4_pricecut,CEG,power,1,-0.06447944377807513,True
v4_pricecut,CEG,power,2,-0.08190451776424634,True
v4_pricecut,CEG,power,3,-0.08702109007630021,True
v4_pricecut,CEG,power,4,-0.07541451706620794,True
v4_pricecut,CEG,power,5,-0.10736891964349304,True
v4_pricecut,CEG,power,6,-0.09189302214604922,True
v4_pricecut,CEG,power,7,-0.10957688419650857,True
v4_pricecut,CEG,power,8,-0.12475791751082976,True
v4_pricecut,CEG,power,9,-0.10245001383380448,True
v4_pricecut,CEG,power,10,-0.10008986296973799,True
v4_pricecut,CEG,power,11,-0.05959403058429391,True
v4_pricecut,CEG,power,12,-0.052574314608935246,True
v4_pricecut,CEG,power,13,-0.05186897849123273,True
v4_pricecut,CEG,power,14,-0.044006263766629417,True
v4_pricecut,CEG,power,15,-0.029834878886092042,True
v4_pricecut,CEG,power,16,-0.03408949672721118,True
v4_pricecut,CEG,power,17,-0.03947914083391346,True
v4_pricecut,CEG,power,18,-0.04315339745506286,True
v4_pricecut,CEG,power,19,-0.0856656621571954,True
v4_pricecut,CEG,power,20,-0.14568056175288646,True
v4_pricecut,VRT,power,-10,0.2018232824936259,True
v4_pricecut,VRT,power,-9,0.11824570171466675,True
v4_pricecut,VRT,power,-8,0.0727821822490542,True
v4_pricecut,VRT,power,-7,0.034545271552210544,True
v4_pricecut,VRT,power,-6,0.05683270966194698,True
v4_pricecut,VRT,power,-5,0.06507693457319608,True
v4_pricecut,VRT,power,-4,0.036577333915497334,True
v4_pricecut,VRT,power,-3,0.024882078173304123,True
v4_pricecut,VRT,power,-2,-0.001180732274798757,True
v4_pricecut,VRT,power,-1,0.0,True
v4_pricecut,VRT,power,0,0.018052753926030896,True
v4_pricecut,VRT,power,1,0.04720666553503339,True
v4_pricecut,VRT,power,2,0.04066327710690576,True
v4_pricecut,VRT,power,3,0.022562171877559933,True
v4_pricecut,VRT,power,4,-0.0032620528984370623,True
v4_pricecut,VRT,power,5,-0.018557518014639562,True
v4_pricecut,VRT,power,6,-0.04443982303869731,True
v4_pricecut,VRT,power,7,-0.05420191638232463,True
v4_pricecut,VRT,power,8,-0.029012645448105445,True
v4_pricecut,VRT,power,9,-0.018267166090690345,True
v4_pricecut,VRT,power,10,-0.019514497674075315,True
v4_pricecut,VRT,power,11,-0.04065665981296007,True
v4_pricecut,VRT,power,12,0.027746238017427594,True
v4_pricecut,VRT,power,13,0.0505526652145738,True
v4_pricecut,VRT,power,14,0.12519455989204253,True
v4_pricecut,VRT,power,15,0.041313932459890346,True
v4_pricecut,VRT,power,16,0.03961362700911408,True
v4_pricecut,VRT,power,17,0.06001617915785662,True
v4_pricecut,VRT,power,18,0.005161140042650558,True
v4_pricecut,VRT,power,19,-0.009502456583703633,True
v4_pricecut,VRT,power,20,0.0604690369686951,True
v4_pricecut,GEV,power,-10,0.12085610055985452,True
v4_pricecut,GEV,power,-9,0.08928676278320857,True
v4_pricecut,GEV,power,-8,0.0950235979301226,True
v4_pricecut,GEV,power,-7,0.09108883809615254,True
v4_pricecut,GEV,power,-6,0.10784643840201902,True
v4_pricecut,GEV,power,-5,0.09873613000365111,True
v4_pricecut,GEV,power,-4,0.11122615371774192,True
v4_pricecut,GEV,power,-3,0.07565763127756586,True
v4_pricecut,GEV,power,-2,0.03186192064893412,True
v4_pricecut,GEV,power,-1,0.0,True
v4_pricecut,GEV,power,0,-0.024514688667244044,True
v4_pricecut,GEV,power,1,-0.009183056770060816,True
v4_pricecut,GEV,power,2,-0.017255741366970057,True
v4_pricecut,GEV,power,3,-0.008276947154239878,True
v4_pricecut,GEV,power,4,0.009577017404387433,True
v4_pricecut,GEV,power,5,-0.005660996503682014,True
v4_pricecut,GEV,power,6,-0.008866065920598132,True
v4_pricecut,GEV,power,7,-0.04808124329571317,True
v4_pricecut,GEV,power,8,-0.03653112704369832,True
v4_pricecut,GEV,power,9,-0.005727743874170521,True
v4_pricecut,GEV,power,10,0.0033632515574844035,True
v4_pricecut,GEV,power,11,0.02640690323484307,True
v4_pricecut,GEV,power,12,0.10203984986961512,True
v4_pricecut,GEV,power,13,0.13369627646595728,True
v4_pricecut,GEV,power,14,0.15217539552759884,True
v4_pricecut,GEV,power,15,0.09995830588598942,True
v4_pricecut,GEV,power,16,0.12588056956919935,True
v4_pricecut,GEV,power,17,0.14377118886633422,True
v4_pricecut,GEV,power,18,0.11979695791020628,True
v4_pricecut,GEV,power,19,0.14865640251298728,True
v4_pricecut,GEV,power,20,0.19534439876463683,True
v4_pricecut,MSFT,model,-10,-0.026521607856166085,True
v4_pricecut,MSFT,model,-9,-0.018377732692878013,True
v4_pricecut,MSFT,model,-8,-0.026751315521742924,True
v4_pricecut,MSFT,model,-7,-0.034497041510222815,True
v4_pricecut,MSFT,model,-6,-0.03892828140435789,True
v4_pricecut,MSFT,model,-5,-0.04440150928451203,True
v4_pricecut,MSFT,model,-4,-0.06808770535471353,True
v4_pricecut,MSFT,model,-3,-0.07505958678040248,True
v4_pricecut,MSFT,model,-2,-0.04934287506816304,True
v4_pricecut,MSFT,model,-1,0.0,True
v4_pricecut,MSFT,model,0,0.0165932037418397,True
v4_pricecut,MSFT,model,1,-0.030609427877702267,True
v4_pricecut,MSFT,model,2,-0.06016031630497132,True
v4_pricecut,MSFT,model,3,-0.053651163707960414,True
v4_pricecut,MSFT,model,4,-0.0314052911896221,True
v4_pricecut,MSFT,model,5,-0.05880284415411552,True
v4_pricecut,MSFT,model,6,-0.06766749985732456,True
v4_pricecut,MSFT,model,7,-0.06259955159369035,True
v4_pricecut,MSFT,model,8,-0.11364199400525621,True
v4_pricecut,MSFT,model,9,-0.1184852250773778,True
v4_pricecut,MSFT,model,10,-0.12659363610882757,True
v4_pricecut,MSFT,model,11,-0.122350371534508,True
v4_pricecut,MSFT,model,12,-0.15084950498691274,True
v4_pricecut,MSFT,model,13,-0.17431363529560162,True
v4_pricecut,MSFT,model,14,-0.20410357453719108,True
v4_pricecut,MSFT,model,15,-0.1528126431186294,True
v4_pricecut,MSFT,model,16,-0.1714963369525888,True
v4_pricecut,MSFT,model,17,-0.21473976887311075,True
v4_pricecut,MSFT,model,18,-0.14536887330252313,True
v4_pricecut,MSFT,model,19,-0.18178656046394792,True
v4_pricecut,MSFT,model,20,-0.18665680055398504,True
v4_pricecut,GOOGL,model,-10,0.0829233898706736,True
v4_pricecut,GOOGL,model,-9,0.08763817023677323,True
v4_pricecut,GOOGL,model,-8,0.07016315024192643,True
v4_pricecut,GOOGL,model,-7,0.05695436916784402,True
v4_pricecut,GOOGL,model,-6,0.051829896886818716,True
v4_pricecut,GOOGL,model,-5,0.035426201512683164,True
v4_pricecut,GOOGL,model,-4,0.033140926479254595,True
v4_pricecut,GOOGL,model,-3,0.034149512509055846,True
v4_pricecut,GOOGL,model,-2,0.029091795483378036,True
v4_pricecut,GOOGL,model,-1,0.0,True
v4_pricecut,GOOGL,model,0,-0.016475169080223395,True
v4_pricecut,GOOGL,model,1,-0.060412022084077144,True
v4_pricecut,GOOGL,model,2,-0.06573054808656842,True
v4_pricecut,GOOGL,model,3,-0.024771443785972735,True
v4_pricecut,GOOGL,model,4,0.014537421749382773,True
v4_pricecut,GOOGL,model,5,-0.01462612649848527,True
v4_pricecut,GOOGL,model,6,-0.00044067972984862536,True
v4_pricecut,GOOGL,model,7,-0.0021322759986155404,True
v4_pricecut,GOOGL,model,8,-0.03145752916940037,True
v4_pricecut,GOOGL,model,9,-0.03200053181674534,True
v4_pricecut,GOOGL,model,10,-0.03640098854437035,True
v4_pricecut,GOOGL,model,11,-0.00670892659644462,True
v4_pricecut,GOOGL,model,12,-0.02225910442232948,True
v4_pricecut,GOOGL,model,13,-0.03542790491138348,True
v4_pricecut,GOOGL,model,14,-0.08406066612938634,True
v4_pricecut,GOOGL,model,15,-0.06078124671335683,True
v4_pricecut,GOOGL,model,16,-0.05895616071907828,True
v4_pricecut,GOOGL,model,17,-0.07161551310477243,True
v4_pricecut,GOOGL,model,18,-0.07631497082271022,True
v4_pricecut,GOOGL,model,19,-0.05379720846705549,True
v4_pricecut,GOOGL,model,20,-0.060204844106036326,True
v4_pricecut,ORCL,model,-10,-0.11652305847032896,True
v4_pricecut,ORCL,model,-9,-0.1456216128924721,True
v4_pricecut,ORCL,model,-8,-0.16742573630270297,True
v4_pricecut,ORCL,model,-7,-0.1475964135847745,True
v4_pricecut,ORCL,model,-6,-0.14098142802786917,True
v4_pricecut,ORCL,model,-5,-0.13311401398528844,True
v4_pricecut,ORCL,model,-4,-0.14562440214335126,True
v4_pricecut,ORCL,model,-3,-0.15542411048408145,True
v4_pricecut,ORCL,model,-2,-0.0992354351634992,True
v4_pricecut,ORCL,model,-1,0.0,True
v4_pricecut,ORCL,model,0,0.08849004251006054,True
v4_pricecut,ORCL,model,1,0.06940517825348991,True
v4_pricecut,ORCL,model,2,0.011992484405407566,True
v4_pricecut,ORCL,model,3,0.04259998854795555,True
v4_pricecut,ORCL,model,4,-0.009000662228105583,True
v4_pricecut,ORCL,model,5,-0.03323831383066356,True
v4_pricecut,ORCL,model,6,-0.050447789460848824,True
v4_pricecut,ORCL,model,7,-0.052624935063433576,True
v4_pricecut,ORCL,model,8,-0.17496133559771732,True
v4_pricecut,ORCL,model,9,-0.18066585431844295,True
v4_pricecut,ORCL,model,10,-0.1664151585628728,True
v4_pricecut,ORCL,model,11,-0.16985423954317191,True
v4_pricecut,ORCL,model,12,-0.1855503665999656,True
v4_pricecut,ORCL,model,13,-0.20617441361658795,True
v4_pricecut,ORCL,model,14,-0.25498576938478035,True
v4_pricecut,ORCL,model,15,-0.27977363108654263,True
v4_pricecut,ORCL,model,16,-0.32281754937540086,True
v4_pricecut,ORCL,model,17,-0.36360407905184466,True
v4_pricecut,ORCL,model,18,-0.3758602108610347,True
v4_pricecut,ORCL,model,19,-0.4056082259849818,True
v4_pricecut,ORCL,model,20,-0.4307024035077003,True
v4_pricecut,PLTR,model,-10,-0.1149393576837836,True
v4_pricecut,PLTR,model,-9,-0.10208169905886955,True
v4_pricecut,PLTR,model,-8,-0.09501267502001909,True
v4_pricecut,PLTR,model,-7,-0.09756441772767133,True
v4_pricecut,PLTR,model,-6,-0.09753924463307939,True
v4_pricecut,PLTR,model,-5,-0.10567177475858713,True
v4_pricecut,PLTR,model,-4,-0.1253188568992174,True
v4_pricecut,PLTR,model,-3,-0.1545805618368199,True
v4_pricecut,PLTR,model,-2,-0.08441481418193408,True
v4_pricecut,PLTR,model,-1,0.0,True
v4_pricecut,PLTR,model,0,0.019934216110629066,True
v4_pricecut,PLTR,model,1,-0.03888946703833085,True
v4_pricecut,PLTR,model,2,-0.1040365343934937,True
v4_pricecut,PLTR,model,3,-0.10270979447014383,True
v4_pricecut,PLTR,model,4,-0.09803762924246495,True
v4_pricecut,PLTR,model,5,-0.10662085667380872,True
v4_pricecut,PLTR,model,6,-0.12781955617762986,True
v4_pricecut,PLTR,model,7,-0.12182437547725034,True
v4_pricecut,PLTR,model,8,-0.14838307427820752,True
v4_pricecut,PLTR,model,9,-0.17810623132246928,True
v4_pricecut,PLTR,model,10,-0.1578644312749491,True
v4_pricecut,PLTR,model,11,-0.1495733917504909,True
v4_pricecut,PLTR,model,12,-0.1593100608898821,True
v4_pricecut,PLTR,model,13,-0.2007400264151995,True
v4_pricecut,PLTR,model,14,-0.2706058161480911,True
v4_pricecut,PLTR,model,15,-0.260832266493912,True
v4_pricecut,PLTR,model,16,-0.2843810839776415,True
v4_pricecut,PLTR,model,17,-0.3489078692831775,True
v4_pricecut,PLTR,model,18,-0.283629476843676,True
v4_pricecut,PLTR,model,19,-0.2839473986479639,True
v4_pricecut,PLTR,model,20,-0.29247016072078313,True
v4_pricecut,9984.T,model,-10,-0.20540381593283463,True
v4_pricecut,9984.T,model,-9,-0.24339624106288582,True
v4_pricecut,9984.T,model,-8,-0.2929393114950507,True
v4_pricecut,9984.T,model,-7,-0.1428559769555875,True
v4_pricecut,9984.T,model,-6,-0.05699091322537875,True
v4_pricecut,9984.T,model,-5,-0.0400251017677995,True
v4_pricecut,9984.T,model,-4,0.06597171088867526,True
v4_pricecut,9984.T,model,-3,-0.009414392983988051,True
v4_pricecut,9984.T,model,-2,-0.025112704188922308,True
v4_pricecut,9984.T,model,-1,0.0,True
v4_pricecut,9984.T,model,0,0.12209858097575932,True
v4_pricecut,9984.T,model,1,0.13569047611832374,True
v4_pricecut,9984.T,model,2,0.07358955250928645,True
v4_pricecut,9984.T,model,3,-0.032393746923133904,True
v4_pricecut,9984.T,model,4,-0.012606339788430176,True
v4_pricecut,9984.T,model,5,-0.035859276828460906,True
v4_pricecut,9984.T,model,6,-0.047100156654996894,True
v4_pricecut,9984.T,model,7,-0.11496370400127276,True
v4_pricecut,9984.T,model,8,-0.1291125088656795,True
v4_pricecut,9984.T,model,9,-0.14154069286937876,True
v4_pricecut,9984.T,model,10,-0.0921922435728586,True
v4_pricecut,9984.T,model,11,-0.09864282691223636,True
v4_pricecut,9984.T,model,12,-0.13754674014159818,True
v4_pricecut,9984.T,model,13,-0.10994847898339799,True
v4_pricecut,9984.T,model,14,-0.12362036996390913,True
v4_pricecut,9984.T,model,15,-0.12046421297181986,True
v4_pricecut,9984.T,model,16,-0.1907349355250929,True
v4_pricecut,9984.T,model,17,-0.16909162820328483,True
v4_pricecut,9984.T,model,18,-0.13818209341272691,True
v4_pricecut,9984.T,model,19,-0.22965654287302328,True
v4_pricecut,9984.T,model,20,-0.28600045955800013,True
v4_pricecut,9988.HK,china,-10,0.05959127118772045,True
v4_pricecut,9988.HK,china,-9,0.06618306592794543,True
v4_pricecut,9988.HK,china,-8,0.0734922907075557,True
v4_pricecut,9988.HK,china,-7,0.06863801043467355,True
v4_pricecut,9988.HK,china,-6,0.0332448122988076,True
v4_pricecut,9988.HK,china,-5,0.032540449413992256,True
v4_pricecut,9988.HK,china,-4,0.03751073755819334,True
v4_pricecut,9988.HK,china,-3,0.02195964726678934,True
v4_pricecut,9988.HK,china,-2,0.014439388874121661,True
v4_pricecut,9988.HK,china,-1,0.0,True
v4_pricecut,9988.HK,china,0,0.007060738849363979,True
v4_pricecut,9988.HK,china,1,0.04604546066945936,True
v4_pricecut,9988.HK,china,2,0.028324904957925057,True
v4_pricecut,9988.HK,china,3,0.01846153442345244,True
v4_pricecut,9988.HK,china,4,0.02112296690835702,True
v4_pricecut,9988.HK,china,5,0.00355936731438522,True
v4_pricecut,9988.HK,china,6,-0.00714988352846202,True
v4_pricecut,9988.HK,china,7,-0.030803815158511938,True
v4_pricecut,9988.HK,china,8,-0.07952440872551936,True
v4_pricecut,9988.HK,china,9,-0.07293618902930366,True
v4_pricecut,9988.HK,china,10,-0.08616361802764683,True
v4_pricecut,9988.HK,china,11,-0.09329458698752546,True
v4_pricecut,9988.HK,china,12,-0.08678011589127266,True
v4_pricecut,9988.HK,china,13,-0.0896057937977579,True
v4_pricecut,9988.HK,china,14,-0.10230164375055573,True
v4_pricecut,9988.HK,china,15,-0.12309186484917234,True
v4_pricecut,9988.HK,china,16,-0.12180156246747753,True
v4_pricecut,9988.HK,china,17,-0.1526529707624249,True
v4_pricecut,9988.HK,china,18,-0.1945831601278849,True
v4_pricecut,9988.HK,china,19,-0.17175134198881725,True
v4_pricecut,9988.HK,china,20,-0.16701975915047118,True
v4_pricecut,3067.HK,china,-10,-0.018877794996304598,True
v4_pricecut,3067.HK,china,-9,-0.027215276820339973,True
v4_pricecut,3067.HK,china,-8,-0.02609934481681009,True
v4_pricecut,3067.HK,china,-7,-0.019418344671899845,True
v4_pricecut,3067.HK,china,-6,-0.029770470725136278,True
v4_pricecut,3067.HK,china,-5,-0.01961397231383666,True
v4_pricecut,3067.HK,china,-4,-0.0018978069470501069,True
v4_pricecut,3067.HK,china,-3,0.0010313879654439972,True
v4_pricecut,3067.HK,china,-2,0.009945293233183161,True
v4_pricecut,3067.HK,china,-1,0.0,True
v4_pricecut,3067.HK,china,0,0.008876052609085416,True
v4_pricecut,3067.HK,china,1,0.03172370745291797,True
v4_pricecut,3067.HK,china,2,0.01959896316544185,True
v4_pricecut,3067.HK,china,3,0.018420494743559335,True
v4_pricecut,3067.HK,china,4,0.010741694308267657,True
v4_pricecut,3067.HK,china,5,-0.002611415257471883,True
v4_pricecut,3067.HK,china,6,0.0050805950876253725,True
v4_pricecut,3067.HK,china,7,-0.00048157827899375505,True
v4_pricecut,3067.HK,china,8,-0.0076479808109599645,True
v4_pricecut,3067.HK,china,9,-0.016638867727379658,True
v4_pricecut,3067.HK,china,10,-0.007118365655799153,True
v4_pricecut,3067.HK,china,11,-0.017176451298976048,True
v4_pricecut,3067.HK,china,12,-0.007688291895563637,True
v4_pricecut,3067.HK,china,13,-0.00650350010481171,True
v4_pricecut,3067.HK,china,14,-0.00981715238923453,True
v4_pricecut,3067.HK,china,15,-0.0248980442519402,True
v4_pricecut,3067.HK,china,16,-0.010492997462121068,True
v4_pricecut,3067.HK,china,17,-0.012103779328324737,True
v4_pricecut,3067.HK,china,18,-0.027814243519574067,True
v4_pricecut,3067.HK,china,19,-0.012622311740117631,True
v4_pricecut,3067.HK,china,20,0.01298575779079858,True
v4_pricecut,0981.HK,china,-10,-0.16755599790631504,True
v4_pricecut,0981.HK,china,-9,-0.1914598772620275,True
v4_pricecut,0981.HK,china,-8,-0.19914167245113035,True
v4_pricecut,0981.HK,china,-7,-0.10078534311424026,True
v4_pricecut,0981.HK,china,-6,-0.10313847471759363,True
v4_pricecut,0981.HK,china,-5,-0.03836226535190068,True
v4_pricecut,0981.HK,china,-4,0.017312305580302834,True
v4_pricecut,0981.HK,china,-3,0.037397517813692716,True
v4_pricecut,0981.HK,china,-2,0.08536721730898744,True
v4_pricecut,0981.HK,china,-1,0.0,True
v4_pricecut,0981.HK,china,0,-0.03523392877749032,True
v4_pricecut,0981.HK,china,1,-0.02914432092030328,True
v4_pricecut,0981.HK,china,2,-0.0013351108552557278,True
v4_pricecut,0981.HK,china,3,-0.004042073082400677,True
v4_pricecut,0981.HK,china,4,-0.06691945148663692,True
v4_pricecut,0981.HK,china,5,-0.0964715477416691,True
v4_pricecut,0981.HK,china,6,-0.05955548254588994,True
v4_pricecut,0981.HK,china,7,-0.08907819276767714,True
v4_pricecut,0981.HK,china,8,-0.06951092715627372,True
v4_pricecut,0981.HK,china,9,-0.1114268551597073,True
v4_pricecut,0981.HK,china,10,-0.04899738858111213,True
v4_pricecut,0981.HK,china,11,-0.07004530092022065,True
v4_pricecut,0981.HK,china,12,-0.03922247648164312,True
v4_pricecut,0981.HK,china,13,-0.013309555588512545,True
v4_pricecut,0981.HK,china,14,0.02413497309695778,True
v4_pricecut,0981.HK,china,15,0.029090399948470846,True
v4_pricecut,0981.HK,china,16,0.11135491462970748,True
v4_pricecut,0981.HK,china,17,0.13983046121558207,True
v4_pricecut,0981.HK,china,18,0.08521787659022717,True
v4_pricecut,0981.HK,china,19,0.12795777096853378,True
v4_pricecut,0981.HK,china,20,0.18712869605712523,True
v4_pricecut,2513.HK,china,-10,-0.45817012370108134,True
v4_pricecut,2513.HK,china,-9,-0.35786031026666265,True
v4_pricecut,2513.HK,china,-8,-0.46146110844400834,True
v4_pricecut,2513.HK,china,-7,-0.4289356391478023,True
v4_pricecut,2513.HK,china,-6,-0.46499674587519113,True
v4_pricecut,2513.HK,china,-5,-0.2351352553713708,True
v4_pricecut,2513.HK,china,-4,-0.18690559401318296,True
v4_pricecut,2513.HK,china,-3,-0.11847655944845226,True
v4_pricecut,2513.HK,china,-2,0.021339847165638304,True
v4_pricecut,2513.HK,china,-1,0.0,True
v4_pricecut,2513.HK,china,0,-0.09286867285094935,True
v4_pricecut,2513.HK,china,1,-0.1552909427660687,True
v4_pricecut,2513.HK,china,2,-0.10481222234003607,True
v4_pricecut,2513.HK,china,3,-0.11481626430335634,True
v4_pricecut,2513.HK,china,4,-0.19802749952318077,True
v4_pricecut,2513.HK,china,5,-0.17271614203989127,True
v4_pricecut,2513.HK,china,6,-0.3145747687494831,True
v4_pricecut,2513.HK,china,7,-0.3887545318223218,True
v4_pricecut,2513.HK,china,8,-0.3699042110170794,True
v4_pricecut,2513.HK,china,9,-0.3556853424033246,True
v4_pricecut,2513.HK,china,10,-0.07691197955920615,True
v4_pricecut,2513.HK,china,11,-0.05117509332348913,True
v4_pricecut,2513.HK,china,12,0.07511218853108659,True
v4_pricecut,2513.HK,china,13,0.3234313230610999,True
v4_pricecut,2513.HK,china,14,0.4705359804420466,True
v4_pricecut,2513.HK,china,15,0.3839891958548325,True
v4_pricecut,2513.HK,china,16,0.38258363157691555,True
v4_pricecut,2513.HK,china,17,0.4748540001518995,True
v4_pricecut,2513.HK,china,18,0.35403341647953734,True
v4_pricecut,2513.HK,china,19,0.2960722464309331,True
v4_pricecut,2513.HK,china,20,0.3728037987188815,True
glm52,NVDA,compute,-10,0.05891522504825719,True
glm52,NVDA,compute,-9,0.04743364711354836,True
glm52,NVDA,compute,-8,0.013160667502099876,True
glm52,NVDA,compute,-7,0.03721806855991172,True
glm52,NVDA,compute,-6,0.02238901600919796,True
glm52,NVDA,compute,-5,0.024006559379866843,True
glm52,NVDA,compute,-4,0.03342139875969963,True
glm52,NVDA,compute,-3,0.01556415615000617,True
glm52,NVDA,compute,-2,0.00430665516522577,True
glm52,NVDA,compute,-1,0.0,True
glm52,NVDA,compute,0,0.003839810807027888,True
glm52,NVDA,compute,1,-0.0009809670636427015,True
glm52,NVDA,compute,2,-0.004255865217422716,True
glm52,NVDA,compute,3,7.437990177461273e-05,True
glm52,NVDA,compute,4,-0.00714205029886994,True
glm52,NVDA,compute,5,-0.015799507212252983,True
glm52,NVDA,compute,6,-0.016757136738969614,True
glm52,NVDA,compute,7,-0.04134762310138562,True
glm52,NVDA,compute,8,-0.044023698445045056,True
glm52,NVDA,compute,9,-0.05598034020013909,True
glm52,NVDA,compute,10,-0.0469303754005157,True
glm52,NVDA,compute,11,-0.04418665159052182,True
glm52,NVDA,compute,12,-0.04071696596960095,True
glm52,NVDA,compute,13,-0.05126826174653054,True
glm52,NVDA,compute,14,-0.02553766184210282,True
glm52,NVDA,compute,15,0.007492803837039652,True
glm52,NVDA,compute,16,-0.01559896134451666,True
glm52,NVDA,compute,17,0.020869564668791085,True
glm52,NVDA,compute,18,0.004176605791102794,True
glm52,NVDA,compute,19,0.032897740530370534,True
glm52,NVDA,compute,20,0.03891047557973604,True
glm52,AVGO,compute,-10,0.15632190419019665,True
glm52,AVGO,compute,-9,0.1976183337170454,True
glm52,AVGO,compute,-8,0.19536412224625455,True
glm52,AVGO,compute,-7,0.06568864713814815,True
glm52,AVGO,compute,-6,0.0323614876266749,True
glm52,AVGO,compute,-5,0.04465699826195024,True
glm52,AVGO,compute,-4,0.04497268257286979,True
glm52,AVGO,compute,-3,0.01264416740506391,True
glm52,AVGO,compute,-2,0.014986297769058687,True
glm52,AVGO,compute,-1,0.0,True
glm52,AVGO,compute,0,-0.0003357179992420356,True
glm52,AVGO,compute,1,-0.025870366653895083,True
glm52,AVGO,compute,2,0.02633058803859356,True
glm52,AVGO,compute,3,0.047463497391517784,True
glm52,AVGO,compute,4,0.0037071390650140756,True
glm52,AVGO,compute,5,0.006163012650006294,True
glm52,AVGO,compute,6,0.015455832830173932,True
glm52,AVGO,compute,7,-0.0009222424021420039,True
glm52,AVGO,compute,8,-0.024409624110529826,True
glm52,AVGO,compute,9,-0.028809276406809303,True
glm52,AVGO,compute,10,-0.03155108404231832,True
glm52,AVGO,compute,11,-0.03869867014037354,True
glm52,AVGO,compute,12,-0.04557713687750109,True
glm52,AVGO,compute,13,-0.023182075663495283,True
glm52,AVGO,compute,14,-0.012863131550588491,True
glm52,AVGO,compute,15,0.031480825820764835,True
glm52,AVGO,compute,16,0.046429001766344236,True
glm52,AVGO,compute,17,0.04050447537721791,True
glm52,AVGO,compute,18,0.01904985551509597,True
glm52,AVGO,compute,19,0.021031272534183465,True
glm52,AVGO,compute,20,0.036943738147909855,True
glm52,AMD,compute,-10,-0.0320543189304745,True
glm52,AMD,compute,-9,-0.014527932987414616,True
glm52,AMD,compute,-8,0.02752786455314382,True
glm52,AMD,compute,-7,-0.003884188396292565,True
glm52,AMD,compute,-6,-0.06965596756445791,True
glm52,AMD,compute,-5,-0.03507316168082397,True
glm52,AMD,compute,-4,-0.05418985613549143,True
glm52,AMD,compute,-3,-0.08383232026991205,True
glm52,AMD,compute,-2,-0.04037986722823028,True
glm52,AMD,compute,-1,0.0,True
glm52,AMD,compute,0,0.036509134199127935,True
glm52,AMD,compute,1,-0.020143698016425127,True
glm52,AMD,compute,2,0.0001565577415609809,True
glm52,AMD,compute,3,0.022825318995933763,True
glm52,AMD,compute,4,0.05152926076855646,True
glm52,AMD,compute,5,0.02567538958360327,True
glm52,AMD,compute,6,0.029718654604510952,True
glm52,AMD,compute,7,0.04603140725672272,True
glm52,AMD,compute,8,0.03903896956221775,True
glm52,AMD,compute,9,0.04825013203176809,True
glm52,AMD,compute,10,0.10535011918423187,True
glm52,AMD,compute,11,0.049319173659322146,True
glm52,AMD,compute,12,0.023235295165576986,True
glm52,AMD,compute,13,0.07300616954251105,True
glm52,AMD,compute,14,0.024385880703887253,True
glm52,AMD,compute,15,0.024072264953943545,True
glm52,AMD,compute,16,0.06266808025487869,True
glm52,AMD,compute,17,0.07981477571056761,True
glm52,AMD,compute,18,0.05594108283161159,True
glm52,AMD,compute,19,0.0702197352778251,True
glm52,AMD,compute,20,0.03767351035051547,True
glm52,MRVL,compute,-10,-0.2719198417399298,True
glm52,MRVL,compute,-9,0.0050543892669123736,True
glm52,MRVL,compute,-8,0.04433710514094802,True
glm52,MRVL,compute,-7,0.0970209000039306,True
glm52,MRVL,compute,-6,-0.036950324545149904,True
glm52,MRVL,compute,-5,0.039522676163822545,True
glm52,MRVL,compute,-4,-0.02801181055224955,True
glm52,MRVL,compute,-3,-0.0628646032606417,True
glm52,MRVL,compute,-2,0.009471889955694479,True
glm52,MRVL,compute,-1,0.0,True
glm52,MRVL,compute,0,0.06830486066840802,True
glm52,MRVL,compute,1,-0.015431340084103518,True
glm52,MRVL,compute,2,0.032955252385660216,True
glm52,MRVL,compute,3,0.0783467918486549,True
glm52,MRVL,compute,4,0.07206366875730197,True
glm52,MRVL,compute,5,0.007257171075234936,True
glm52,MRVL,compute,6,0.0030907992890805147,True
glm52,MRVL,compute,7,0.011363457469665939,True
glm52,MRVL,compute,8,-0.02767005317077853,True
glm52,MRVL,compute,9,-0.011885845282458618,True
glm52,MRVL,compute,10,0.041245469088504016,True
glm52,MRVL,compute,11,-0.03412563327015139,True
glm52,MRVL,compute,12,-0.12018441251311618,True
glm52,MRVL,compute,13,-0.11832890489586578,True
glm52,MRVL,compute,14,-0.17704900813759394,True
glm52,MRVL,compute,15,-0.175509788042298,True
glm52,MRVL,compute,16,-0.14332983618220307,True
glm52,MRVL,compute,17,-0.17730715213579362,True
glm52,MRVL,compute,18,-0.23883456454211505,True
glm52,MRVL,compute,19,-0.22762182235672146,True
glm52,MRVL,compute,20,-0.3004285591350895,True
glm52,TSM,compute,-10,-0.0043496415045742864,True
glm52,TSM,compute,-9,0.016127976446563608,True
glm52,TSM,compute,-8,-0.003896533358062726,True
glm52,TSM,compute,-7,0.019623536297409316,True
glm52,TSM,compute,-6,-0.00039163931692165477,True
glm52,TSM,compute,-5,0.011740733831456573,True
glm52,TSM,compute,-4,0.025935497703430954,True
glm52,TSM,compute,-3,0.0002816918146626435,True
glm52,TSM,compute,-2,-0.000901783524976274,True
glm52,TSM,compute,-1,0.0,True
glm52,TSM,compute,0,0.009452699683923704,True
glm52,TSM,compute,1,-0.007270260225316072,True
glm52,TSM,compute,2,0.017583758821491102,True
glm52,TSM,compute,3,0.05987915760188667,True
glm52,TSM,compute,4,0.07433078069878185,True
glm52,TSM,compute,5,0.03858761338435723,True
glm52,TSM,compute,6,0.052965382753619394,True
glm52,TSM,compute,7,0.03155618178395159,True
glm52,TSM,compute,8,0.03932784275566448,True
glm52,TSM,compute,9,0.06605920247660002,True
glm52,TSM,compute,10,0.09738120002309447,True
glm52,TSM,compute,11,0.04038030566025519,True
glm52,TSM,compute,12,0.03493684044258227,True
glm52,TSM,compute,13,0.06050117153899848,True
glm52,TSM,compute,14,0.035726280702435,True
glm52,TSM,compute,15,0.04304028524003822,True
glm52,TSM,compute,16,0.026489096399013867,True
glm52,TSM,compute,17,0.01686697633996115,True
glm52,TSM,compute,18,0.00674078462286154,True
glm52,TSM,compute,19,-0.0071937592723836374,True
glm52,TSM,compute,20,-0.006647576550064649,True
glm52,2330.TW,compute,-10,-0.00949059453895984,True
glm52,2330.TW,compute,-9,-0.0037582983656356816,True
glm52,2330.TW,compute,-8,-0.004629907291788804,True
glm52,2330.TW,compute,-7,-0.0042936310652992304,True
glm52,2330.TW,compute,-6,0.0006525255677773956,True
glm52,2330.TW,compute,-5,0.006020209485090966,True
glm52,2330.TW,compute,-4,-0.016879943368445893,True
glm52,2330.TW,compute,-3,-0.005169284191435253,True
glm52,2330.TW,compute,-2,-0.002963163072723596,True
glm52,2330.TW,compute,-1,0.0,True
glm52,2330.TW,compute,0,0.00032821746165367927,True
glm52,2330.TW,compute,1,0.0017605260469926165,True
glm52,2330.TW,compute,2,-0.005996746988755852,True
glm52,2330.TW,compute,3,-0.008300335594364938,True
glm52,2330.TW,compute,4,0.005258012475916729,True
glm52,2330.TW,compute,5,0.010772487703007982,True
glm52,2330.TW,compute,6,-0.007518896259818497,True
glm52,2330.TW,compute,7,-0.012105313031418596,True
glm52,2330.TW,compute,8,0.0038269615887669417,True
glm52,2330.TW,compute,9,0.007006267728237425,True
glm52,2330.TW,compute,10,-0.0009715416437430235,True
glm52,2330.TW,compute,11,0.018513753835697422,True
glm52,2330.TW,compute,12,0.00827902141104353,True
glm52,2330.TW,compute,13,-0.0006473696443993759,True
glm52,2330.TW,compute,14,0.010273615871240871,True
glm52,2330.TW,compute,15,0.025521498802687503,True
glm52,2330.TW,compute,16,0.03011738086210336,True
glm52,2330.TW,compute,17,0.01796402109086337,True
glm52,2330.TW,compute,18,0.026303181709740997,True
glm52,2330.TW,compute,19,0.03603081757937332,True
glm52,2330.TW,compute,20,0.04206112893763869,True
glm52,SMH,compute,-10,-0.04902814711880765,True
glm52,SMH,compute,-9,-0.014262764517825488,True
glm52,SMH,compute,-8,-0.002686105552484719,True
glm52,SMH,compute,-7,-0.01422703908727474,True
glm52,SMH,compute,-6,-0.061734925515173344,True
glm52,SMH,compute,-5,-0.028464088845154834,True
glm52,SMH,compute,-4,-0.02891538720143494,True
glm52,SMH,compute,-3,-0.043338071571531245,True
glm52,SMH,compute,-2,-0.01123062571771527,True
glm52,SMH,compute,-1,0.0,True
glm52,SMH,compute,0,0.011915358738621151,True
glm52,SMH,compute,1,-0.018150136034265074,True
glm52,SMH,compute,2,0.004826600799595404,True
glm52,SMH,compute,3,0.03602591297535884,True
glm52,SMH,compute,4,0.05213064949128743,True
glm52,SMH,compute,5,0.012985031329316499,True
glm52,SMH,compute,6,0.012195430338669766,True
glm52,SMH,compute,7,0.03272775907748304,True
glm52,SMH,compute,8,0.006100518473600047,True
glm52,SMH,compute,9,0.014313065929188795,True
glm52,SMH,compute,10,0.0345768876570034,True
glm52,SMH,compute,11,-0.00558765684280349,True
glm52,SMH,compute,12,-0.034566620326144104,True
glm52,SMH,compute,13,-0.02873223959382365,True
glm52,SMH,compute,14,-0.04857955976802053,True
glm52,SMH,compute,15,-0.03173943364669718,True
glm52,SMH,compute,16,-0.02370853480758406,True
glm52,SMH,compute,17,-0.02137150765925,True
glm52,SMH,compute,18,-0.044684299851489584,True
glm52,SMH,compute,19,-0.03101712686295155,True
glm52,SMH,compute,20,-0.04432331316837956,True
glm52,MU,memory,-10,0.02421017920737345,True
glm52,MU,memory,-9,0.04686107247624882,True
glm52,MU,memory,-8,0.06391128558742132,True
glm52,MU,memory,-7,-0.011810361898120014,True
glm52,MU,memory,-6,-0.10478201882398697,True
glm52,MU,memory,-5,-0.02615758679538782,True
glm52,MU,memory,-4,-0.028789460189316607,True
glm52,MU,memory,-3,-0.05677707836526924,True
glm52,MU,memory,-2,0.020290090069413402,True
glm52,MU,memory,-1,0.0,True
glm52,MU,memory,0,0.07196265527615608,True
glm52,MU,memory,1,0.027366544252534375,True
glm52,MU,memory,2,0.05922384413806547,True
glm52,MU,memory,3,0.11792643251112711,True
glm52,MU,memory,4,0.18645757900574456,True
glm52,MU,memory,5,0.07865524763475662,True
glm52,MU,memory,6,0.07980573418346282,True
glm52,MU,memory,7,0.21792090976625822,True
glm52,MU,memory,8,0.16249938271258202,True
glm52,MU,memory,9,0.14932069608037324,True
glm52,MU,memory,10,0.14028545394821368,True
glm52,MU,memory,11,0.04393739287985543,True
glm52,MU,memory,12,0.004909613818164793,True
glm52,MU,memory,13,0.0001995280455879822,True
glm52,MU,memory,14,-0.029334866102949775,True
glm52,MU,memory,15,-0.02112110831109426,True
glm52,MU,memory,16,0.0065356548652246715,True
glm52,MU,memory,17,-0.00906488619120882,True
glm52,MU,memory,18,-0.03405741538895679,True
glm52,MU,memory,19,0.002882580712729066,True
glm52,MU,memory,20,-0.07799632869045503,True
glm52,000660.KS,memory,-10,0.03920664960015863,True
glm52,000660.KS,memory,-9,0.015809657091164553,True
glm52,000660.KS,memory,-8,0.01304860699764987,True
glm52,000660.KS,memory,-7,0.005012907815995504,True
glm52,000660.KS,memory,-6,-0.04245980393718618,True
glm52,000660.KS,memory,-5,-0.03588750614566827,True
glm52,000660.KS,memory,-4,0.03307544422052011,True
glm52,000660.KS,memory,-3,0.0009568326571951502,True
glm52,000660.KS,memory,-2,0.022230211322316507,True
glm52,000660.KS,memory,-1,0.0,True
glm52,000660.KS,memory,0,0.01152506164667777,True
glm52,000660.KS,memory,1,0.03087272325303303,True
glm52,000660.KS,memory,2,0.07193845623703687,True
glm52,000660.KS,memory,3,0.1126959138028365,True
glm52,000660.KS,memory,4,0.14295482917727398,True
glm52,000660.KS,memory,5,0.19067711548281352,True
glm52,000660.KS,memory,6,0.1627579452857102,True
glm52,000660.KS,memory,7,0.1562130931564436,True
glm52,000660.KS,memory,8,0.21041376372978782,True
glm52,000660.KS,memory,9,0.18294414174995843,True
glm52,000660.KS,memory,10,0.16793649583480708,True
glm52,000660.KS,memory,11,0.16657235533178927,True
glm52,000660.KS,memory,12,0.15264900579330387,True
glm52,000660.KS,memory,13,0.07738285858469851,True
glm52,000660.KS,memory,14,0.12471606520863432,True
glm52,000660.KS,memory,15,0.09490289456982559,True
glm52,000660.KS,memory,16,0.08268969036475404,True
glm52,000660.KS,memory,17,0.07919238763638958,True
glm52,000660.KS,memory,18,0.12461589380158244,True
glm52,000660.KS,memory,19,0.09694306068213265,True
glm52,000660.KS,memory,20,0.02384608070976313,True
glm52,005930.KS,memory,-10,-0.059681852794650325,True
glm52,005930.KS,memory,-9,0.0003143046426696827,True
glm52,005930.KS,memory,-8,0.03124370292642098,True
glm52,005930.KS,memory,-7,0.024548174797510924,True
glm52,005930.KS,memory,-6,0.015414059017814452,True
glm52,005930.KS,memory,-5,-0.0054806099420741106,True
glm52,005930.KS,memory,-4,0.0017393284735405246,True
glm52,005930.KS,memory,-3,-0.014460896757348962,True
glm52,005930.KS,memory,-2,-0.030374872523367458,True
glm52,005930.KS,memory,-1,0.0,True
glm52,005930.KS,memory,0,-0.006705360358616019,True
glm52,005930.KS,memory,1,-0.009972532532151135,True
glm52,005930.KS,memory,2,-0.015469661555886915,True
glm52,005930.KS,memory,3,0.007404375406586894,True
glm52,005930.KS,memory,4,-0.015062416997398742,True
glm52,005930.KS,memory,5,-0.02331571133086463,True
glm52,005930.KS,memory,6,-0.04935724056550583,True
glm52,005930.KS,memory,7,0.012437050734558142,True
glm52,005930.KS,memory,8,0.011151447311171125,True
glm52,005930.KS,memory,9,0.01658138478309823,True
glm52,005930.KS,memory,10,-0.0301673211149307,True
glm52,005930.KS,memory,11,-0.006379331239672936,True
glm52,005930.KS,memory,12,-0.0459072161077021,True
glm52,005930.KS,memory,13,-0.05868911184010983,True
glm52,005930.KS,memory,14,-0.03569040660619116,True
glm52,005930.KS,memory,15,-0.004010921725686956,True
glm52,005930.KS,memory,16,-0.02539569740554093,True
glm52,005930.KS,memory,17,-0.03496268403079483,True
glm52,005930.KS,memory,18,-0.03936942181215741,True
glm52,005930.KS,memory,19,-0.03942567540024555,True
glm52,005930.KS,memory,20,-0.05886540034218157,True
glm52,SNDK,memory,-10,-0.14625680746752323,True
glm52,SNDK,memory,-9,-0.17677099685165754,True
glm52,SNDK,memory,-8,-0.10922471271721168,True
glm52,SNDK,memory,-7,-0.1443789004219207,True
glm52,SNDK,memory,-6,-0.2160698295662984,True
glm52,SNDK,memory,-5,-0.17989965049077572,True
glm52,SNDK,memory,-4,-0.16556454212271543,True
glm52,SNDK,memory,-3,-0.14739813923305523,True
glm52,SNDK,memory,-2,-0.04520524659428116,True
glm52,SNDK,memory,-1,0.0,True
glm52,SNDK,memory,0,0.03159547929674744,True
glm52,SNDK,memory,1,-0.005976185903247,True
glm52,SNDK,memory,2,-0.012435917646045347,True
glm52,SNDK,memory,3,0.07197696991261004,True
glm52,SNDK,memory,4,0.1144104730077764,True
glm52,SNDK,memory,5,0.0012517454801379557,True
glm52,SNDK,memory,6,-0.019837328422012135,True
glm52,SNDK,memory,7,0.17066604687025588,True
glm52,SNDK,memory,8,0.07401707958823245,True
glm52,SNDK,memory,9,0.029992974444272846,True
glm52,SNDK,memory,10,0.11651307866519023,True
glm52,SNDK,memory,11,0.01958760559382089,True
glm52,SNDK,memory,12,-0.11530074825919545,True
glm52,SNDK,memory,13,-0.12986743812310042,True
glm52,SNDK,memory,14,-0.18659154821234836,True
glm52,SNDK,memory,15,-0.12393612171144941,True
glm52,SNDK,memory,16,-0.06728559004681145,True
glm52,SNDK,memory,17,-0.039812006329080774,True
glm52,SNDK,memory,18,-0.15564971420568963,True
glm52,SNDK,memory,19,-0.11788127774664314,True
glm52,SNDK,memory,20,-0.19990750119808798,True
glm52,AMAT,wfe,-10,-0.24279528102808978,True
glm52,AMAT,wfe,-9,-0.18012214329236453,True
glm52,AMAT,wfe,-8,-0.15586591156265772,True
glm52,AMAT,wfe,-7,-0.14916133696886913,True
glm52,AMAT,wfe,-6,-0.2020581895721243,True
glm52,AMAT,wfe,-5,-0.13464323647996412,True
glm52,AMAT,wfe,-4,-0.10886663806185215,True
glm52,AMAT,wfe,-3,-0.09310456567280756,True
glm52,AMAT,wfe,-2,-0.020225863773587704,True
glm52,AMAT,wfe,-1,0.0,True
glm52,AMAT,wfe,0,0.0012137684938542392,True
glm52,AMAT,wfe,1,-0.0100159959921573,True
glm52,AMAT,wfe,2,0.04263868289478001,True
glm52,AMAT,wfe,3,0.057870043166647456,True
glm52,AMAT,wfe,4,0.09708541468943288,True
glm52,AMAT,wfe,5,0.04193444598790119,True
glm52,AMAT,wfe,6,0.05144950476629351,True
glm52,AMAT,wfe,7,0.16928954177798872,True
glm52,AMAT,wfe,8,0.11955195705565025,True
glm52,AMAT,wfe,9,0.19770396720869243,True
glm52,AMAT,wfe,10,0.22084786713613536,True
glm52,AMAT,wfe,11,0.13117738347476227,True
glm52,AMAT,wfe,12,0.07227540166070501,True
glm52,AMAT,wfe,13,0.04089205652716554,True
glm52,AMAT,wfe,14,-0.007182886099817765,True
glm52,AMAT,wfe,15,0.018434208268660157,True
glm52,AMAT,wfe,16,0.03326438633686113,True
glm52,AMAT,wfe,17,0.05342492356723749,True
glm52,AMAT,wfe,18,0.02654756223819188,True
glm52,AMAT,wfe,19,0.05012876548491629,True
glm52,AMAT,wfe,20,0.02514960367475627,True
glm52,LRCX,wfe,-10,-0.1747992578845965,True
glm52,LRCX,wfe,-9,-0.12630565377169667,True
glm52,LRCX,wfe,-8,-0.09625840758427806,True
glm52,LRCX,wfe,-7,-0.11287692017233653,True
glm52,LRCX,wfe,-6,-0.1673598581118254,True
glm52,LRCX,wfe,-5,-0.11537985169140974,True
glm52,LRCX,wfe,-4,-0.09548794447804543,True
glm52,LRCX,wfe,-3,-0.09182842875821251,True
glm52,LRCX,wfe,-2,-0.00589693909282385,True
glm52,LRCX,wfe,-1,0.0,True
glm52,LRCX,wfe,0,0.027599254918974303,True
glm52,LRCX,wfe,1,-0.004868451756520287,True
glm52,LRCX,wfe,2,0.018976481741585616,True
glm52,LRCX,wfe,3,0.03316527212475062,True
glm52,LRCX,wfe,4,0.08703094599110983,True
glm52,LRCX,wfe,5,0.022570873346658082,True
glm52,LRCX,wfe,6,0.03612713092138442,True
glm52,LRCX,wfe,7,0.09766592080502523,True
glm52,LRCX,wfe,8,0.053294530993873934,True
glm52,LRCX,wfe,9,0.10934474888158086,True
glm52,LRCX,wfe,10,0.14559848362034966,True
glm52,LRCX,wfe,11,0.05883867370836615,True
glm52,LRCX,wfe,12,-0.03109414086812734,True
glm52,LRCX,wfe,13,-0.04878334925497896,True
glm52,LRCX,wfe,14,-0.10129329584818247,True
glm52,LRCX,wfe,15,-0.08282583315949044,True
glm52,LRCX,wfe,16,-0.04097446282843187,True
glm52,LRCX,wfe,17,-0.05212690552461652,True
glm52,LRCX,wfe,18,-0.09298998625742971,True
glm52,LRCX,wfe,19,-0.05622036417915943,True
glm52,LRCX,wfe,20,-0.08482166920262824,True
glm52,ASML,wfe,-10,-0.16401650403904355,True
glm52,ASML,wfe,-9,-0.12253067436071596,True
glm52,ASML,wfe,-8,-0.1076808815345851,True
glm52,ASML,wfe,-7,-0.08497163720753687,True
glm52,ASML,wfe,-6,-0.10389893166950692,True
glm52,ASML,wfe,-5,-0.056083577156694986,True
glm52,ASML,wfe,-4,-0.028216905513522406,True
glm52,ASML,wfe,-3,-0.03285754590624812,True
glm52,ASML,wfe,-2,0.02496424224304583,True
glm52,ASML,wfe,-1,0.0,True
glm52,ASML,wfe,0,-0.015430481668519569,True
glm52,ASML,wfe,1,-0.04427996633968956,True
glm52,ASML,wfe,2,0.0006733146592452499,True
glm52,ASML,wfe,3,0.008493799287055737,True
glm52,ASML,wfe,4,0.01078420267216007,True
glm52,ASML,wfe,5,-0.03711594936555418,True
glm52,ASML,wfe,6,-0.04172244454317031,True
glm52,ASML,wfe,7,-0.006275151603887252,True
glm52,ASML,wfe,8,-0.018029309349676836,True
glm52,ASML,wfe,9,0.005551702118063773,True
glm52,ASML,wfe,10,0.04360863586362029,True
glm52,ASML,wfe,11,-0.01746072995581649,True
glm52,ASML,wfe,12,-0.040796005736659424,True
glm52,ASML,wfe,13,-0.02401298173758004,True
glm52,ASML,wfe,14,-0.04887257313758386,True
glm52,ASML,wfe,15,-0.039545585565256225,True
glm52,ASML,wfe,16,-0.03612254608814691,True
glm52,ASML,wfe,17,-0.043049331069237695,True
glm52,ASML,wfe,18,-0.0643539166955085,True
glm52,ASML,wfe,19,-0.047130694817902885,True
glm52,ASML,wfe,20,-0.022344180565699645,True
glm52,VST,power,-10,0.01529255695970999,True
glm52,VST,power,-9,0.031228291012959097,True
glm52,VST,power,-8,0.0070929422085521665,True
glm52,VST,power,-7,0.011291689596931498,True
glm52,VST,power,-6,0.02781449723778273,True
glm52,VST,power,-5,-0.0002626758299637544,True
glm52,VST,power,-4,0.006671573537538222,True
glm52,VST,power,-3,-0.0271029752293801,True
glm52,VST,power,-2,-0.0052739041924807495,True
glm52,VST,power,-1,0.0,True
glm52,VST,power,0,0.005553007912178387,True
glm52,VST,power,1,0.057358884820630784,True
glm52,VST,power,2,0.06886635786830553,True
glm52,VST,power,3,0.07461640712726503,True
glm52,VST,power,4,0.09973763279739867,True
glm52,VST,power,5,0.10367243128821624,True
glm52,VST,power,6,0.11087875091229815,True
glm52,VST,power,7,0.13244752585596142,True
glm52,VST,power,8,0.12046458791085346,True
glm52,VST,power,9,0.08910165623920374,True
glm52,VST,power,10,0.048865260545005285,True
glm52,VST,power,11,0.029141329815291606,True
glm52,VST,power,12,0.03275497498079982,True
glm52,VST,power,13,0.05855013334593906,True
glm52,VST,power,14,0.06772615654808334,True
glm52,VST,power,15,0.05903637641718795,True
glm52,VST,power,16,0.06273621861295275,True
glm52,VST,power,17,0.06521271161561515,True
glm52,VST,power,18,0.07970581094213891,True
glm52,VST,power,19,0.07055650788144519,True
glm52,VST,power,20,0.08456714934060816,True
glm52,CEG,power,-10,0.016743561898402426,True
glm52,CEG,power,-9,0.03797057005572935,True
glm52,CEG,power,-8,0.020545496069558133,True
glm52,CEG,power,-7,0.015428923757504265,True
glm52,CEG,power,-6,0.027035496767596534,True
glm52,CEG,power,-5,-0.004918905809688567,True
glm52,CEG,power,-4,0.010556991687755257,True
glm52,CEG,power,-3,-0.007126870362704096,True
glm52,CEG,power,-2,-0.022307903677025287,True
glm52,CEG,power,-1,0.0,True
glm52,CEG,power,0,0.0023601508640664903,True
glm52,CEG,power,1,0.042855983249510565,True
glm52,CEG,power,2,0.04987569922486923,True
glm52,CEG,power,3,0.050581035342571745,True
glm52,CEG,power,4,0.05844375006717506,True
glm52,CEG,power,5,0.07261513494771243,True
glm52,CEG,power,6,0.0683605171065933,True
glm52,CEG,power,7,0.06297087299989101,True
glm52,CEG,power,8,0.05929661637874162,True
glm52,CEG,power,9,0.016784351676609077,True
glm52,CEG,power,10,-0.043230547919081985,True
glm52,CEG,power,11,-0.07683449271477549,True
glm52,CEG,power,12,-0.0477878271754717,True
glm52,CEG,power,13,-0.03473396228669934,True
glm52,CEG,power,14,-0.04140855425720069,True
glm52,CEG,power,15,-0.024370597845825515,True
glm52,CEG,power,16,-0.015756547827218803,True
glm52,CEG,power,17,-0.016285740893016154,True
glm52,CEG,power,18,0.027202302514000465,True
glm52,CEG,power,19,0.01165849599047597,True
glm52,CEG,power,20,0.020921150063333727,True
glm52,VRT,power,-10,0.03631992001672124,True
glm52,VRT,power,-9,0.06547383162572373,True
glm52,VRT,power,-8,0.058930443197596105,True
glm52,VRT,power,-7,0.04082933796825028,True
glm52,VRT,power,-6,0.015005113192253283,True
glm52,VRT,power,-5,-0.00029035192394921694,True
glm52,VRT,power,-4,-0.026172656948006967,True
glm52,VRT,power,-3,-0.03593475029163429,True
glm52,VRT,power,-2,-0.0107454793574151,True
glm52,VRT,power,-1,0.0,True
glm52,VRT,power,0,-0.0012473315833849696,True
glm52,VRT,power,1,-0.022389493722269727,True
glm52,VRT,power,2,0.04601340410811794,True
glm52,VRT,power,3,0.06881983130526415,True
glm52,VRT,power,4,0.14346172598273288,True
glm52,VRT,power,5,0.05958109855058069,True
glm52,VRT,power,6,0.05788079309980443,True
glm52,VRT,power,7,0.07828334524854696,True
glm52,VRT,power,8,0.023428306133340904,True
glm52,VRT,power,9,0.008764709506986712,True
glm52,VRT,power,10,0.07873620305938545,True
glm52,VRT,power,11,0.021653029680043012,True
glm52,VRT,power,12,0.0035439493386784093,True
glm52,VRT,power,13,0.04728463395536231,True
glm52,VRT,power,14,0.024666335511812854,True
glm52,VRT,power,15,0.06107921344243117,True
glm52,VRT,power,16,0.06361673995191364,True
glm52,VRT,power,17,0.04479380946090039,True
glm52,VRT,power,18,0.022364086365983304,True
glm52,VRT,power,19,0.0037411455450708786,True
glm52,VRT,power,20,0.009710186674160681,True
glm52,GEV,power,-10,-0.018786944793073523,True
glm52,GEV,power,-9,-0.0034553128958902946,True
glm52,GEV,power,-8,-0.011527997492799535,True
glm52,GEV,power,-7,-0.0025492032800693565,True
glm52,GEV,power,-6,0.015304761278557955,True
glm52,GEV,power,-5,6.674737048850687e-05,True
glm52,GEV,power,-4,-0.0031383220464276107,True
glm52,GEV,power,-3,-0.04235349942154265,True
glm52,GEV,power,-2,-0.030803383169527798,True
glm52,GEV,power,-1,0.0,True
glm52,GEV,power,0,0.009090995431654925,True
glm52,GEV,power,1,0.03213464710901359,True
glm52,GEV,power,2,0.10776759374378564,True
glm52,GEV,power,3,0.1394240203401278,True
glm52,GEV,power,4,0.15790313940176937,True
glm52,GEV,power,5,0.10568604976015994,True
glm52,GEV,power,6,0.13160831344336987,True
glm52,GEV,power,7,0.14949893274050474,True
glm52,GEV,power,8,0.1255247017843768,True
glm52,GEV,power,9,0.1543841463871578,True
glm52,GEV,power,10,0.20107214263880735,True
glm52,GEV,power,11,0.18135033763646025,True
glm52,GEV,power,12,0.17993431338244026,True
glm52,GEV,power,13,0.20007072521878566,True
glm52,GEV,power,14,0.15148846070200772,True
glm52,GEV,power,15,0.142989002770598,True
glm52,GEV,power,16,0.13046268500671054,True
glm52,GEV,power,17,0.14243875444577014,True
glm52,GEV,power,18,0.11570155353182177,True
glm52,GEV,power,19,0.12679879465049293,True
glm52,GEV,power,20,0.11939543550847276,True
glm52,MSFT,model,-10,0.1350784288192175,True
glm52,MSFT,model,-9,0.08787579719967553,True
glm52,MSFT,model,-8,0.05832490877240648,True
glm52,MSFT,model,-7,0.06483406136941738,True
glm52,MSFT,model,-6,0.0870799338877557,True
glm52,MSFT,model,-5,0.05968238092326228,True
glm52,MSFT,model,-4,0.050817725220053234,True
glm52,MSFT,model,-3,0.05588567348368745,True
glm52,MSFT,model,-2,0.00484323107212159,True
glm52,MSFT,model,-1,0.0,True
glm52,MSFT,model,0,-0.00810841103144977,True
glm52,MSFT,model,1,-0.0038651464571302085,True
glm52,MSFT,model,2,-0.03236427990953494,True
glm52,MSFT,model,3,-0.05582841021822382,True
glm52,MSFT,model,4,-0.08561834945981328,True
glm52,MSFT,model,5,-0.03432741804125161,True
glm52,MSFT,model,6,-0.053011111875211014,True
glm52,MSFT,model,7,-0.09625454379573295,True
glm52,MSFT,model,8,-0.02688364822514533,True
glm52,MSFT,model,9,-0.06330133538657012,True
glm52,MSFT,model,10,-0.06817157547660724,True
glm52,MSFT,model,11,-0.02306473721623803,True
glm52,MSFT,model,12,0.010452015816047044,True
glm52,MSFT,model,13,-0.013437732289687254,True
glm52,MSFT,model,14,0.01067601713369637,True
glm52,MSFT,model,15,-0.006398875255221093,True
glm52,MSFT,model,16,-0.020246988658206178,True
glm52,MSFT,model,17,-0.021401913638434245,True
glm52,MSFT,model,18,0.01293919575112934,True
glm52,MSFT,model,19,-0.013789187604899666,True
glm52,MSFT,model,20,0.01634196949943778,True
glm52,GOOGL,model,-10,0.015525362736521942,True
glm52,GOOGL,model,-9,-0.028411490267331807,True
glm52,GOOGL,model,-8,-0.03373001626982308,True
glm52,GOOGL,model,-7,0.007229088030772601,True
glm52,GOOGL,model,-6,0.04653795356612811,True
glm52,GOOGL,model,-5,0.017374405318260067,True
glm52,GOOGL,model,-4,0.03155985208689671,True
glm52,GOOGL,model,-3,0.029868255818129796,True
glm52,GOOGL,model,-2,0.0005430026473449701,True
glm52,GOOGL,model,-1,0.0,True
glm52,GOOGL,model,0,-0.004400456727625013,True
glm52,GOOGL,model,1,0.025291605220300717,True
glm52,GOOGL,model,2,0.009741427394415858,True
glm52,GOOGL,model,3,-0.003427373094638142,True
glm52,GOOGL,model,4,-0.052060134312641004,True
glm52,GOOGL,model,5,-0.028780714896611492,True
glm52,GOOGL,model,6,-0.02695562890233294,True
glm52,GOOGL,model,7,-0.039614981288027096,True
glm52,GOOGL,model,8,-0.04431443900596488,True
glm52,GOOGL,model,9,-0.021796676650310154,True
glm52,GOOGL,model,10,-0.02820431228929099,True
glm52,GOOGL,model,11,-0.0021490793164362643,True
glm52,GOOGL,model,12,0.011731315706211554,True
glm52,GOOGL,model,13,0.015526637142286859,True
glm52,GOOGL,model,14,0.03577928912463069,True
glm52,GOOGL,model,15,0.01892966575350563,True
glm52,GOOGL,model,16,-0.005982963020426446,True
glm52,GOOGL,model,17,-0.013837509152065941,True
glm52,GOOGL,model,18,-0.007836119866841074,True
glm52,GOOGL,model,19,0.0007189774658202808,True
glm52,GOOGL,model,20,0.03467659351025798,True
glm52,ORCL,model,-10,0.2691558968285035,True
glm52,ORCL,model,-9,0.25007103257193286,True
glm52,ORCL,model,-8,0.19265833872385052,True
glm52,ORCL,model,-7,0.2232658428663985,True
glm52,ORCL,model,-6,0.17166519209033737,True
glm52,ORCL,model,-5,0.1474275404877794,True
glm52,ORCL,model,-4,0.13021806485759413,True
glm52,ORCL,model,-3,0.12804091925500938,True
glm52,ORCL,model,-2,0.005704518720725638,True
glm52,ORCL,model,-1,0.0,True
glm52,ORCL,model,0,0.014250695755570142,True
glm52,ORCL,model,1,0.010811614775271039,True
glm52,ORCL,model,2,-0.004884512281522646,True
glm52,ORCL,model,3,-0.025508559298144995,True
glm52,ORCL,model,4,-0.0743199150663374,True
glm52,ORCL,model,5,-0.09910777676809968,True
glm52,ORCL,model,6,-0.1421516950569579,True
glm52,ORCL,model,7,-0.1829382247334017,True
glm52,ORCL,model,8,-0.19519435654259176,True
glm52,ORCL,model,9,-0.22494237166653885,True
glm52,ORCL,model,10,-0.25003654918925733,True
glm52,ORCL,model,11,-0.2626938612682119,True
glm52,ORCL,model,12,-0.2609807901891097,True
glm52,ORCL,model,13,-0.25064477901253657,True
glm52,ORCL,model,14,-0.24708542287098734,True
glm52,ORCL,model,15,-0.2577844776293894,True
glm52,ORCL,model,16,-0.24808633902081656,True
glm52,ORCL,model,17,-0.272828286515141,True
glm52,ORCL,model,18,-0.320558572453967,True
glm52,ORCL,model,19,-0.35941599085183373,True
glm52,ORCL,model,20,-0.3217570073543783,True
glm52,PLTR,model,-10,0.19804044743309834,True
glm52,PLTR,model,-9,0.13921676428413843,True
glm52,PLTR,model,-8,0.07406969692897558,True
glm52,PLTR,model,-7,0.07539643685232544,True
glm52,PLTR,model,-6,0.08006860208000433,True
glm52,PLTR,model,-5,0.07148537464866056,True
glm52,PLTR,model,-4,0.05028667514483942,True
glm52,PLTR,model,-3,0.05628185584521894,True
glm52,PLTR,model,-2,0.02972315704426176,True
glm52,PLTR,model,-1,0.0,True
glm52,PLTR,model,0,0.020241800047520186,True
glm52,PLTR,model,1,0.028532839571978386,True
glm52,PLTR,model,2,0.01879617043258719,True
glm52,PLTR,model,3,-0.022633795092730224,True
glm52,PLTR,model,4,-0.09249958482562182,True
glm52,PLTR,model,5,-0.08272603517144272,True
glm52,PLTR,model,6,-0.10627485265517223,True
glm52,PLTR,model,7,-0.17080163796070824,True
glm52,PLTR,model,8,-0.10552324552120673,True
glm52,PLTR,model,9,-0.10584116732549465,True
glm52,PLTR,model,10,-0.11436392939831386,True
glm52,PLTR,model,11,-0.024209177282793704,True
glm52,PLTR,model,12,0.02127522244117852,True
glm52,PLTR,model,13,0.03178432933743203,True
glm52,PLTR,model,14,0.06419546414137223,True
glm52,PLTR,model,15,0.04523625458718161,True
glm52,PLTR,model,16,0.004386050825324617,True
glm52,PLTR,model,17,-0.01628255555404312,True
glm52,PLTR,model,18,0.02818951331726094,True
glm52,PLTR,model,19,0.044987635521917646,True
glm52,PLTR,model,20,0.04799986737117212,True
glm52,9984.T,model,-10,0.2636392738451381,True
glm52,9984.T,model,-9,0.2772311689877025,True
glm52,9984.T,model,-8,0.2151302453786652,True
glm52,9984.T,model,-7,0.10914694594624486,True
glm52,9984.T,model,-6,0.12893435308094858,True
glm52,9984.T,model,-5,0.10568141604091785,True
glm52,9984.T,model,-4,0.09444053621438186,True
glm52,9984.T,model,-3,0.026576988868106,True
glm52,9984.T,model,-2,0.012428184003699272,True
glm52,9984.T,model,-1,0.0,True
glm52,9984.T,model,0,0.04934844929652016,True
glm52,9984.T,model,1,0.0428978659571424,True
glm52,9984.T,model,2,0.003993952727780581,True
glm52,9984.T,model,3,0.03159221388598077,True
glm52,9984.T,model,4,0.017920322905469632,True
glm52,9984.T,model,5,0.021076479897558897,True
glm52,9984.T,model,6,-0.04919424265571415,True
glm52,9984.T,model,7,-0.027550935333906068,True
glm52,9984.T,model,8,0.003358599456651845,True
glm52,9984.T,model,9,-0.08811585000364452,True
glm52,9984.T,model,10,-0.14445976668862137,True
glm52,9984.T,model,11,-0.14133828766827783,True
glm52,9984.T,model,12,-0.14102487515195783,True
glm52,9984.T,model,13,-0.08401593943850827,True
glm52,9984.T,model,14,-0.10282251507381979,True
glm52,9984.T,model,15,-0.1340144135777006,True
glm52,9984.T,model,16,-0.1479609065482297,True
glm52,9984.T,model,17,-0.1280568619592568,True
glm52,9984.T,model,18,-0.1428440597574756,True
glm52,9984.T,model,19,-0.05360350598669683,True
glm52,9984.T,model,20,-0.03517860860730693,True
glm52,9988.HK,china,-10,0.07999692787866763,True
glm52,9988.HK,china,-9,0.11898164969876301,True
glm52,9988.HK,china,-8,0.10126109398722871,True
glm52,9988.HK,china,-7,0.0913977234527561,True
glm52,9988.HK,china,-6,0.09405915593766068,True
glm52,9988.HK,china,-5,0.07649555634368888,True
glm52,9988.HK,china,-4,0.06578630550084164,True
glm52,9988.HK,china,-3,0.04213237387079172,True
glm52,9988.HK,china,-2,-0.0065882196962157025,True
glm52,9988.HK,china,-1,0.0,True
glm52,9988.HK,china,0,-0.013227428998343171,True
glm52,9988.HK,china,1,-0.020358397958221808,True
glm52,9988.HK,china,2,-0.013843926861969003,True
glm52,9988.HK,china,3,-0.01666960476845425,True
glm52,9988.HK,china,4,-0.02936545472125207,True
glm52,9988.HK,china,5,-0.050155675819868684,True
glm52,9988.HK,china,6,-0.048865373438173876,True
glm52,9988.HK,china,7,-0.07971678173312124,True
glm52,9988.HK,china,8,-0.12164697109858125,True
glm52,9988.HK,china,9,-0.0988151529595136,True
glm52,9988.HK,china,10,-0.09408357012116753,True
glm52,9988.HK,china,11,-0.08404521793160491,True
glm52,9988.HK,china,12,-0.1010013244574326,True
glm52,9988.HK,china,13,-0.09287193708112529,True
glm52,9988.HK,china,14,-0.08936649776874361,True
glm52,9988.HK,china,15,-0.0036006260718961514,True
glm52,9988.HK,china,16,0.008059583736685028,True
glm52,9988.HK,china,17,0.02221178340621144,True
glm52,9988.HK,china,18,0.02514325241307347,True
glm52,9988.HK,china,19,0.02081458767058031,True
glm52,9988.HK,china,20,0.030122535994889788,True
glm52,3067.HK,china,-10,0.025514920336465075,True
glm52,3067.HK,china,-9,0.04836257518029763,True
glm52,3067.HK,china,-8,0.03623783089282151,True
glm52,3067.HK,china,-7,0.03505936247093899,True
glm52,3067.HK,china,-6,0.027380562035647316,True
glm52,3067.HK,china,-5,0.014027452469907775,True
glm52,3067.HK,china,-4,0.02171946281500503,True
glm52,3067.HK,china,-3,0.016157289448385903,True
glm52,3067.HK,china,-2,0.008990886916419694,True
glm52,3067.HK,china,-1,0.0,True
glm52,3067.HK,china,0,0.009520502071580506,True
glm52,3067.HK,china,1,-0.0005375835715963895,True
glm52,3067.HK,china,2,0.008950575831816021,True
glm52,3067.HK,china,3,0.010135367622567948,True
glm52,3067.HK,china,4,0.006821715338145129,True
glm52,3067.HK,china,5,-0.00825917652456054,True
glm52,3067.HK,china,6,0.006145870265258591,True
glm52,3067.HK,china,7,0.004535088399054921,True
glm52,3067.HK,china,8,-0.011175375792194409,True
glm52,3067.HK,china,9,0.004016555987262027,True
glm52,3067.HK,china,10,0.029624625518178238,True
glm52,3067.HK,china,11,0.016201966496619313,True
glm52,3067.HK,china,12,0.014092156855623816,True
glm52,3067.HK,china,13,0.012201289556205364,True
glm52,3067.HK,china,14,0.009403361319689996,True
glm52,3067.HK,china,15,0.029758814524918797,True
glm52,3067.HK,china,16,0.03527456929886963,True
glm52,3067.HK,china,17,0.028257087941841785,True
glm52,3067.HK,china,18,0.017072817770359627,True
glm52,3067.HK,china,19,0.014373509300760201,True
glm52,3067.HK,china,20,0.01055230743870661,True
glm52,0981.HK,china,-10,0.07619292638221697,True
glm52,0981.HK,china,-9,0.08228253423940401,True
glm52,0981.HK,china,-8,0.11009174430445157,True
glm52,0981.HK,china,-7,0.10738478207730662,True
glm52,0981.HK,china,-6,0.04450740367307038,True
glm52,0981.HK,china,-5,0.014955307418038188,True
glm52,0981.HK,china,-4,0.05187137261381736,True
glm52,0981.HK,china,-3,0.02234866239203015,True
glm52,0981.HK,china,-2,0.04191592800343358,True
glm52,0981.HK,china,-1,0.0,True
glm52,0981.HK,china,0,0.06242946657859516,True
glm52,0981.HK,china,1,0.04138155423948664,True
glm52,0981.HK,china,2,0.07220437867806417,True
glm52,0981.HK,china,3,0.09811729957119475,True
glm52,0981.HK,china,4,0.13556182825666507,True
glm52,0981.HK,china,5,0.14051725510817814,True
glm52,0981.HK,china,6,0.22278176978941477,True
glm52,0981.HK,china,7,0.25125731637528936,True
glm52,0981.HK,china,8,0.19664473174993446,True
glm52,0981.HK,china,9,0.23938462612824107,True
glm52,0981.HK,china,10,0.2985555512168325,True
glm52,0981.HK,china,11,0.1848728361876555,True
glm52,0981.HK,china,12,0.13671174614796655,True
glm52,0981.HK,china,13,0.10124301011579817,True
glm52,0981.HK,china,14,0.07547933992548295,True
glm52,0981.HK,china,15,0.07751055272481278,True
glm52,0981.HK,china,16,0.18187734163543734,True
glm52,0981.HK,china,17,0.1280606633491015,True
glm52,0981.HK,china,18,0.11000908304861667,True
glm52,0981.HK,china,19,0.10477742859676908,True
glm52,0981.HK,china,20,0.06437780298819629,True
glm52,2513.HK,china,-10,0.26281666955237526,True
glm52,2513.HK,china,-9,0.20039439963725592,True
glm52,2513.HK,china,-8,0.25087312006328855,True
glm52,2513.HK,china,-7,0.24086907809996827,True
glm52,2513.HK,china,-6,0.15765784288014384,True
glm52,2513.HK,china,-5,0.18296920036343334,True
glm52,2513.HK,china,-4,0.04111057365384152,True
glm52,2513.HK,china,-3,-0.03306918941899717,True
glm52,2513.HK,china,-2,-0.014218868613754765,True
glm52,2513.HK,china,-1,0.0,True
glm52,2513.HK,china,0,0.27877336284411847,True
glm52,2513.HK,china,1,0.3045102490798355,True
glm52,2513.HK,china,2,0.4307975309344112,True
glm52,2513.HK,china,3,0.6791166654644245,True
glm52,2513.HK,china,4,0.8262213228453712,True
glm52,2513.HK,china,5,0.7396745382581571,True
glm52,2513.HK,china,6,0.7382689739802402,True
glm52,2513.HK,china,7,0.8305393425552241,True
glm52,2513.HK,china,8,0.709718758882862,True
glm52,2513.HK,china,9,0.6517575888342577,True
glm52,2513.HK,china,10,0.7284891411222061,True
glm52,2513.HK,china,11,0.5389715292515076,True
glm52,2513.HK,china,12,0.5482485275225519,True
glm52,2513.HK,china,13,0.3782862954080377,True
glm52,2513.HK,china,14,0.43432265212812293,True
glm52,2513.HK,china,15,0.53020620112766,True
glm52,2513.HK,china,16,0.6446665740615192,True
glm52,2513.HK,china,17,0.4243288439492252,True
glm52,2513.HK,china,18,0.42577751221645777,True
glm52,2513.HK,china,19,0.3928091027930103,True
glm52,2513.HK,china,20,0.44365626279063797,True
k3,NVDA,compute,-10,-0.07191184091746639,True
k3,NVDA,compute,-9,-0.08246313669439598,True
k3,NVDA,compute,-8,-0.05673253678996826,True
k3,NVDA,compute,-7,-0.023702071110825784,True
k3,NVDA,compute,-6,-0.046793836292382096,True
k3,NVDA,compute,-5,-0.010325310279074351,True
k3,NVDA,compute,-4,-0.027018269156762642,True
k3,NVDA,compute,-3,0.0017028655825050976,True
k3,NVDA,compute,-2,0.0077156006318706005,True
k3,NVDA,compute,-1,0.0,True
k3,NVDA,compute,0,-0.007236024329441371,True
k3,NVDA,compute,1,-0.00597054186331647,True
k3,NVDA,compute,2,-0.00481343943631618,True
k3,NVDA,compute,3,0.023056128214737903,True
k3,NVDA,compute,4,0.026538043366622688,True
k3,NVDA,compute,5,0.028532425094887515,True
k3,NVDA,compute,6,-0.019611310502646084,True
k3,NVDA,compute,7,-0.007302892858539245,True
k3,NVDA,compute,8,-0.022899929658924734,True
k3,NVDA,compute,9,-0.029214172072068223,True
k3,NVDA,compute,10,-0.006832950784977143,True
k3,NVDA,compute,11,0.004678790465741933,True
k3,NVDA,compute,12,-0.0033999424682527035,True
k3,NVDA,compute,13,0.0394626363793229,True
k3,NVDA,compute,14,0.04211413037791001,True
k3,NVDA,compute,15,0.05289772400294179,True
k3,NVDA,compute,16,0.026850899209484247,True
k3,NVDA,compute,17,0.029983705000449667,True
k3,NVDA,compute,18,0.05255176693102381,True
k3,NVDA,compute,19,0.04643769831190703,True
k3,NVDA,compute,20,0.0471830375804414,True
k3,AVGO,compute,-10,-0.047494997985366716,True
k3,AVGO,compute,-9,-0.02509993677136091,True
k3,AVGO,compute,-8,-0.014780992658454117,True
k3,AVGO,compute,-7,0.02956296471289921,True
k3,AVGO,compute,-6,0.04451114065847861,True
k3,AVGO,compute,-5,0.03858661426935228,True
k3,AVGO,compute,-4,0.017131994407230344,True
k3,AVGO,compute,-3,0.01911341142631784,True
k3,AVGO,compute,-2,0.03502587704004423,True
k3,AVGO,compute,-1,0.0,True
k3,AVGO,compute,0,0.005429058971749612,True
k3,AVGO,compute,1,0.023953472370248363,True
k3,AVGO,compute,2,0.027390633039945378,True
k3,AVGO,compute,3,0.05883540785481589,True
k3,AVGO,compute,4,0.06700385826674005,True
k3,AVGO,compute,5,0.05098904409235949,True
k3,AVGO,compute,6,0.057475587909665116,True
k3,AVGO,compute,7,0.06119673358849109,True
k3,AVGO,compute,8,0.05358186446903712,True
k3,AVGO,compute,9,0.06736502168801106,True
k3,AVGO,compute,10,0.06459652335900579,True
k3,AVGO,compute,11,0.05474002613604245,True
k3,AVGO,compute,12,0.08535192449951001,True
k3,AVGO,compute,13,0.09472885190679126,True
k3,AVGO,compute,14,0.10388994115529915,True
k3,AVGO,compute,15,0.10918349408587158,True
k3,AVGO,compute,16,0.09956584502882837,True
k3,AVGO,compute,17,0.08785332273596413,True
k3,AVGO,compute,18,0.08050039347567939,True
k3,AVGO,compute,19,0.07324652370034457,True
k3,AVGO,compute,20,0.01334685319493012,True
k3,AMD,compute,-10,0.023751399953182428,True
k3,AMD,compute,-9,0.07352227433011649,True
k3,AMD,compute,-8,0.024901985491492695,True
k3,AMD,compute,-7,0.024588369741548988,True
k3,AMD,compute,-6,0.06318418504248413,True
k3,AMD,compute,-5,0.08033088049817305,True
k3,AMD,compute,-4,0.05645718761921703,True
k3,AMD,compute,-3,0.07073584006543054,True
k3,AMD,compute,-2,0.038189615138120914,True
k3,AMD,compute,-1,0.0,True
k3,AMD,compute,0,0.004749293953656419,True
k3,AMD,compute,1,0.01933079704109275,True
k3,AMD,compute,2,0.07897010434543361,True
k3,AMD,compute,3,0.09849553896757968,True
k3,AMD,compute,4,0.09451063612815691,True
k3,AMD,compute,5,0.07232164457266244,True
k3,AMD,compute,6,0.022295096939362047,True
k3,AMD,compute,7,-0.052932531356856494,True
k3,AMD,compute,8,-0.08905225173788978,True
k3,AMD,compute,9,0.0006968463703564964,True
k3,AMD,compute,10,-0.024997457731169348,True
k3,AMD,compute,11,-0.024730049804725596,True
k3,AMD,compute,12,0.009554098272504419,True
k3,AMD,compute,13,-0.054402415130326176,True
k3,AMD,compute,14,-0.03581411307477822,True
k3,AMD,compute,15,-0.05964515506370738,True
k3,AMD,compute,16,-0.08561881511498193,True
k3,AMD,compute,17,-0.07217000262856743,True
k3,AMD,compute,18,-0.06146134509568402,True
k3,AMD,compute,19,-0.07279485702223987,True
k3,AMD,compute,20,-0.008483550133434825,True
k3,MRVL,compute,-10,0.25476805564177507,True
k3,MRVL,compute,-9,0.25662356325902547,True
k3,MRVL,compute,-8,0.1979034600172973,True
k3,MRVL,compute,-7,0.19944268011259325,True
k3,MRVL,compute,-6,0.23162263197268818,True
k3,MRVL,compute,-5,0.19764531601909763,True
k3,MRVL,compute,-4,0.1361179036127762,True
k3,MRVL,compute,-3,0.1473306457981698,True
k3,MRVL,compute,-2,0.07452390901980177,True
k3,MRVL,compute,-1,0.0,True
k3,MRVL,compute,0,0.01715964163698569,True
k3,MRVL,compute,1,0.04874977105946954,True
k3,MRVL,compute,2,0.09502641423767333,True
k3,MRVL,compute,3,0.11461046574982969,True
k3,MRVL,compute,4,0.12582983389596158,True
k3,MRVL,compute,5,0.06224271161574002,True
k3,MRVL,compute,6,0.038934283346160115,True
k3,MRVL,compute,7,-0.032191725261704995,True
k3,MRVL,compute,8,-0.0771626435340993,True
k3,MRVL,compute,9,0.005318182609348021,True
k3,MRVL,compute,10,0.021818292089581526,True
k3,MRVL,compute,11,0.0370369477859942,True
k3,MRVL,compute,12,0.12410745705102766,True
k3,MRVL,compute,13,0.09795258948072227,True
k3,MRVL,compute,14,0.09937648005141941,True
k3,MRVL,compute,15,0.12583542259774916,True
k3,MRVL,compute,16,0.08126174843089462,True
k3,MRVL,compute,17,0.10244512822497409,True
k3,MRVL,compute,18,0.11738279852494848,True
k3,MRVL,compute,19,0.12910548301344082,True
k3,MRVL,compute,20,0.12975206236493886,True
k3,TSM,compute,-10,0.04850038241596977,True
k3,TSM,compute,-9,0.07406471351238597,True
k3,TSM,compute,-8,0.04928982267582249,True
k3,TSM,compute,-7,0.05660382721342572,True
k3,TSM,compute,-6,0.04005263837240136,True
k3,TSM,compute,-5,0.030430518313348642,True
k3,TSM,compute,-4,0.020304326596249034,True
k3,TSM,compute,-3,0.006369782701003857,True
k3,TSM,compute,-2,0.006915965423322845,True
k3,TSM,compute,-1,0.0,True
k3,TSM,compute,0,-0.012997905044845659,True
k3,TSM,compute,1,-0.004230348258185579,True
k3,TSM,compute,2,0.031365358011607114,True
k3,TSM,compute,3,0.02844486561105608,True
k3,TSM,compute,4,0.03415438346498245,True
k3,TSM,compute,5,0.015666796853044396,True
k3,TSM,compute,6,0.007988821038433791,True
k3,TSM,compute,7,0.0006214615158706138,True
k3,TSM,compute,8,-0.024804450722194282,True
k3,TSM,compute,9,0.01641316557350425,True
k3,TSM,compute,10,0.012266672844737592,True
k3,TSM,compute,11,-0.0005488545730969463,True
k3,TSM,compute,12,-0.007082846963919032,True
k3,TSM,compute,13,-0.005620709151963332,True
k3,TSM,compute,14,0.008174332803685402,True
k3,TSM,compute,15,0.0009066727245512496,True
k3,TSM,compute,16,0.00015385970363546164,True
k3,TSM,compute,17,0.012058810710747103,True
k3,TSM,compute,18,0.021436998339363633,True
k3,TSM,compute,19,0.013055387437140631,True
k3,TSM,compute,20,0.0047588582233073495,True
k3,2330.TW,compute,-10,-0.043525842487317945,True
k3,2330.TW,compute,-9,-0.0326048569716777,True
k3,2330.TW,compute,-8,-0.017356974040231066,True
k3,2330.TW,compute,-7,-0.012761091980815209,True
k3,2330.TW,compute,-6,-0.0249144517520552,True
k3,2330.TW,compute,-5,-0.016575291133177572,True
k3,2330.TW,compute,-4,-0.006847655263545249,True
k3,2330.TW,compute,-3,-0.000817343905279877,True
k3,2330.TW,compute,-2,-0.012364963918845007,True
k3,2330.TW,compute,-1,0.0,True
k3,2330.TW,compute,0,-0.00873679832495533,True
k3,2330.TW,compute,1,0.009484591668265985,True
k3,2330.TW,compute,2,0.006395778095859228,True
k3,2330.TW,compute,3,-0.011077477695057958,True
k3,2330.TW,compute,4,-0.009554480450231218,True
k3,2330.TW,compute,5,-0.005661593238924567,True
k3,2330.TW,compute,6,-0.005188488254495027,True
k3,2330.TW,compute,7,0.012231757933331977,True
k3,2330.TW,compute,8,0.014836126632779667,True
k3,2330.TW,compute,9,0.019754160227072326,True
k3,2330.TW,compute,10,0.0380876287596541,True
k3,2330.TW,compute,11,0.008980926296936254,True
k3,2330.TW,compute,12,-0.011748163162551784,True
k3,2330.TW,compute,13,-0.004206813180970492,True
k3,2330.TW,compute,14,-0.016149869630254443,True
k3,2330.TW,compute,15,-0.010183631636572876,True
k3,2330.TW,compute,16,-0.02174044160582511,True
k3,2330.TW,compute,17,-0.01972107276247037,True
k3,2330.TW,compute,18,-0.020172876554079622,True
k3,2330.TW,compute,19,-0.022924264490987056,True
k3,2330.TW,compute,20,-0.034904028718377944,True
k3,SMH,compute,-10,0.030866578636748798,True
k3,SMH,compute,-9,0.03670095936906925,True
k3,SMH,compute,-8,0.016853639194872372,True
k3,SMH,compute,-7,0.03369376531619572,True
k3,SMH,compute,-6,0.041724664155308844,True
k3,SMH,compute,-5,0.0440616913036429,True
k3,SMH,compute,-4,0.02074889911140332,True
k3,SMH,compute,-3,0.03441607209994135,True
k3,SMH,compute,-2,0.02110988579451334,True
k3,SMH,compute,-1,0.0,True
k3,SMH,compute,0,-0.00687499249336998,True
k3,SMH,compute,1,-0.0038000621721900885,True
k3,SMH,compute,2,0.022015272652065043,True
k3,SMH,compute,3,0.031967796273217886,True
k3,SMH,compute,4,0.03958340719419251,True
k3,SMH,compute,5,0.01755589843626648,True
k3,SMH,compute,6,-0.002136722434698868,True
k3,SMH,compute,7,-0.027525925619344527,True
k3,SMH,compute,8,-0.05605445021273958,True
k3,SMH,compute,9,-0.021979263435258467,True
k3,SMH,compute,10,-0.02543364000601578,True
k3,SMH,compute,11,-0.033760370019744634,True
k3,SMH,compute,12,-0.013189600175327776,True
k3,SMH,compute,13,-0.014593763359393996,True
k3,SMH,compute,14,-0.007773038855547476,True
k3,SMH,compute,15,1.2194346169280834e-05,True
k3,SMH,compute,16,-0.02006766440889507,True
k3,SMH,compute,17,-0.010542143405062099,True
k3,SMH,compute,18,0.0027347320331756464,True
k3,SMH,compute,19,-0.0014558032114200259,True
k3,SMH,compute,20,-0.0022979785315042633,True
k3,MU,memory,-10,0.1244738995838155,True
k3,MU,memory,-9,0.11976381381123868,True
k3,MU,memory,-8,0.09022941966270093,True
k3,MU,memory,-7,0.09844317745455644,True
k3,MU,memory,-6,0.12609994063087537,True
k3,MU,memory,-5,0.11049939957444188,True
k3,MU,memory,-4,0.08550687037669391,True
k3,MU,memory,-3,0.12244686647837977,True
k3,MU,memory,-2,0.04156795707519567,True
k3,MU,memory,-1,0.0,True
k3,MU,memory,0,0.010149979145578136,True
k3,MU,memory,1,0.028361573468574264,True
k3,MU,memory,2,0.12486416215351426,True
k3,MU,memory,3,0.11823360237681069,True
k3,MU,memory,4,0.1689251324030021,True
k3,MU,memory,5,0.10764791995400369,True
k3,MU,memory,6,0.0879476367326415,True
k3,MU,memory,7,0.005048420253150887,True
k3,MU,memory,8,-0.07902341669313007,True
k3,MU,memory,9,0.05707167079187059,True
k3,MU,memory,10,-0.010245350535748265,True
k3,MU,memory,11,-0.01982098027548318,True
k3,MU,memory,12,0.020169048289241154,True
k3,MU,memory,13,0.02984143142135398,True
k3,MU,memory,14,0.020334239206430738,True
k3,MU,memory,15,0.004242227590632197,True
k3,MU,memory,16,-0.011828054095154528,True
k3,MU,memory,17,0.0002307560474150705,True
k3,MU,memory,18,0.04102044585574749,True
k3,MU,memory,19,0.07094314199626961,True
k3,MU,memory,20,0.09503294757303404,True
k3,000660.KS,memory,-10,0.10450354629618985,True
k3,000660.KS,memory,-9,0.07469037565738113,True
k3,000660.KS,memory,-8,0.06247717145230958,True
k3,000660.KS,memory,-7,0.05897986872394512,True
k3,000660.KS,memory,-6,0.10440337488913798,True
k3,000660.KS,memory,-5,0.07673054176968819,True
k3,000660.KS,memory,-4,0.003633561797318663,True
k3,000660.KS,memory,-3,0.03252296426261658,True
k3,000660.KS,memory,-2,0.056688021717587134,True
k3,000660.KS,memory,-1,0.0,True
k3,000660.KS,memory,0,0.0023773492518497363,True
k3,000660.KS,memory,1,0.007446029210871785,True
k3,000660.KS,memory,2,-0.003172860542326461,True
k3,000660.KS,memory,3,0.0012430588550440547,True
k3,000660.KS,memory,4,-0.02686557623108854,True
k3,000660.KS,memory,5,-0.0046621929273449325,True
k3,000660.KS,memory,6,-0.04834462199993972,True
k3,000660.KS,memory,7,-0.0877144196178854,True
k3,000660.KS,memory,8,-0.1333746840194543,True
k3,000660.KS,memory,9,-0.0361237023928922,True
k3,000660.KS,memory,10,-0.07551430070929754,True
k3,000660.KS,memory,11,-0.08524347110654418,True
k3,000660.KS,memory,12,-0.06608511744330947,True
k3,000660.KS,memory,13,-0.12875311861070493,True
k3,000660.KS,memory,14,-0.17282383091277254,True
k3,000660.KS,memory,15,-0.18074329586696258,True
k3,000660.KS,memory,16,-0.18448325942865296,True
k3,000660.KS,memory,17,-0.16666509743653357,True
k3,000660.KS,memory,18,-0.14416788026965932,True
k3,000660.KS,memory,19,-0.1359178306510298,True
k3,000660.KS,memory,20,-0.11002215458776021,True
k3,005930.KS,memory,-10,0.02321850670608505,True
k3,005930.KS,memory,-9,0.054897991586589256,True
k3,005930.KS,memory,-8,0.03351321590673528,True
k3,005930.KS,memory,-7,0.02394622928148138,True
k3,005930.KS,memory,-6,0.0195394915001188,True
k3,005930.KS,memory,-5,0.01948323791203066,True
k3,005930.KS,memory,-4,4.351297009463906e-05,True
k3,005930.KS,memory,-3,0.025592698656955903,True
k3,005930.KS,memory,-2,0.0259497367946544,True
k3,005930.KS,memory,-1,0.0,True
k3,005930.KS,memory,0,0.0015500096351406256,True
k3,005930.KS,memory,1,0.026273191386801287,True
k3,005930.KS,memory,2,0.024702426472456906,True
k3,005930.KS,memory,3,0.017449193502544702,True
k3,005930.KS,memory,4,-0.0025637341202457975,True
k3,005930.KS,memory,5,0.005624186586780766,True
k3,005930.KS,memory,6,-0.023383613904043088,True
k3,005930.KS,memory,7,-0.01537325305920767,True
k3,005930.KS,memory,8,-0.010213239508889416,True
k3,005930.KS,memory,9,0.0625549487514121,True
k3,005930.KS,memory,10,0.023464545442477558,True
k3,005930.KS,memory,11,0.009459536929236734,True
k3,005930.KS,memory,12,-0.002790492772811959,True
k3,005930.KS,memory,13,-0.02104007034196087,True
k3,005930.KS,memory,14,-0.012882059097337972,True
k3,005930.KS,memory,15,-0.023732465882245535,True
k3,005930.KS,memory,16,0.009486736376393523,True
k3,005930.KS,memory,17,0.03801747935426825,True
k3,005930.KS,memory,18,0.050788461987977485,True
k3,005930.KS,memory,19,0.050881438755910224,True
k3,005930.KS,memory,20,0.044395455602593614,True
k3,SNDK,memory,-10,0.20300925074946896,True
k3,SNDK,memory,-9,0.188442560885564,True
k3,SNDK,memory,-8,0.13171845079631606,True
k3,SNDK,memory,-7,0.194373877297215,True
k3,SNDK,memory,-6,0.25102440896185296,True
k3,SNDK,memory,-5,0.27849799267958364,True
k3,SNDK,memory,-4,0.16266028480297479,True
k3,SNDK,memory,-3,0.20042872126202127,True
k3,SNDK,memory,-2,0.11840249781057643,True
k3,SNDK,memory,-1,0.0,True
k3,SNDK,memory,0,-0.025543099054300633,True
k3,SNDK,memory,1,-0.0002740141735824153,True
k3,SNDK,memory,2,0.11471834469408293,True
k3,SNDK,memory,3,0.12602810244309026,True
k3,SNDK,memory,4,0.1520858314208411,True
k3,SNDK,memory,5,0.04913223167950509,True
k3,SNDK,memory,6,-0.06455438109605627,True
k3,SNDK,memory,7,-0.20850502201233745,True
k3,SNDK,memory,8,-0.2639175842372419,True
k3,SNDK,memory,9,-0.06529607758874256,True
k3,SNDK,memory,10,-0.12399526160968932,True
k3,SNDK,memory,11,-0.08289148441772465,True
k3,SNDK,memory,12,-0.013400522223744993,True
k3,SNDK,memory,13,-0.05984433785755616,True
k3,SNDK,memory,14,-0.12663396611543742,True
k3,SNDK,memory,15,-0.17583073384656434,True
k3,SNDK,memory,16,-0.1518513077981707,True
k3,SNDK,memory,17,-0.12207784770752728,True
k3,SNDK,memory,18,-0.07333602304059017,True
k3,SNDK,memory,19,0.04333043429297767,True
k3,SNDK,memory,20,0.11603852282153415,True
k3,AMAT,wfe,-10,0.06299741817907645,True
k3,AMAT,wfe,-9,0.03161407304553698,True
k3,AMAT,wfe,-8,-0.016460869581446325,True
k3,AMAT,wfe,-7,0.009156224787031597,True
k3,AMAT,wfe,-6,0.02398640285523257,True
k3,AMAT,wfe,-5,0.04414694008560893,True
k3,AMAT,wfe,-4,0.01726957875656332,True
k3,AMAT,wfe,-3,0.04085078200328773,True
k3,AMAT,wfe,-2,0.01587162019312771,True
k3,AMAT,wfe,-1,0.0,True
k3,AMAT,wfe,0,-0.0422171930336086,True
k3,AMAT,wfe,1,-0.05077098495404897,True
k3,AMAT,wfe,2,0.002149904815187398,True
k3,AMAT,wfe,3,-0.011739713764597148,True
k3,AMAT,wfe,4,0.023330265325333777,True
k3,AMAT,wfe,5,-0.013759475615658268,True
k3,AMAT,wfe,6,-0.047441330025837836,True
k3,AMAT,wfe,7,-0.11912043877566081,True
k3,AMAT,wfe,8,-0.18624959508301409,True
k3,AMAT,wfe,9,-0.07922381903660636,True
k3,AMAT,wfe,10,-0.07400848809822769,True
k3,AMAT,wfe,11,-0.07086558858654968,True
k3,AMAT,wfe,12,-0.05089615714418905,True
k3,AMAT,wfe,13,-0.0647148441905614,True
k3,AMAT,wfe,14,-0.07374788959743395,True
k3,AMAT,wfe,15,-0.06354130697342963,True
k3,AMAT,wfe,16,-0.09262722794614486,True
k3,AMAT,wfe,17,-0.08260252166287874,True
k3,AMAT,wfe,18,-0.04789379807211969,True
k3,AMAT,wfe,19,-0.0845354809465082,True
k3,AMAT,wfe,20,-0.13570912468181984,True
k3,LRCX,wfe,-10,0.0812471978101259,True
k3,LRCX,wfe,-9,0.06355798942327429,True
k3,LRCX,wfe,-8,0.01104804283007077,True
k3,LRCX,wfe,-7,0.029515505518762808,True
k3,LRCX,wfe,-6,0.07136687584982138,True
k3,LRCX,wfe,-5,0.060214433153636726,True
k3,LRCX,wfe,-4,0.01935135242082353,True
k3,LRCX,wfe,-3,0.05612097449909381,True
k3,LRCX,wfe,-2,0.027519669475625008,True
k3,LRCX,wfe,-1,0.0,True
k3,LRCX,wfe,0,-0.0090116452460407,True
k3,LRCX,wfe,1,-0.031156371922641313,True
k3,LRCX,wfe,2,-0.001047852298409424,True
k3,LRCX,wfe,3,-0.004380518070632,True
k3,LRCX,wfe,4,0.016318846660812625,True
k3,LRCX,wfe,5,-0.019080280235541203,True
k3,LRCX,wfe,6,-0.061574572066229294,True
k3,LRCX,wfe,7,-0.1302481496242729,True
k3,LRCX,wfe,8,-0.17582677791436652,True
k3,LRCX,wfe,9,-0.04293256357396835,True
k3,LRCX,wfe,10,-0.06531968681597089,True
k3,LRCX,wfe,11,-0.07731416908972033,True
k3,LRCX,wfe,12,-0.03513697396088222,True
k3,LRCX,wfe,13,-0.05906543828491806,True
k3,LRCX,wfe,14,-0.06074602374656113,True
k3,LRCX,wfe,15,-0.054319281317722456,True
k3,LRCX,wfe,16,-0.06735361782255289,True
k3,LRCX,wfe,17,-0.0477719736301907,True
k3,LRCX,wfe,18,-0.008928482539301008,True
k3,LRCX,wfe,19,0.012450258024421679,True
k3,LRCX,wfe,20,-7.677634093727903e-05,True
k3,ASML,wfe,-10,-0.018140254553629553,True
k3,ASML,wfe,-9,-0.0013572305545501706,True
k3,ASML,wfe,-8,-0.026216821954553993,True
k3,ASML,wfe,-7,-0.016889834382226354,True
k3,ASML,wfe,-6,-0.013466794905117041,True
k3,ASML,wfe,-5,-0.020393579886207824,True
k3,ASML,wfe,-4,-0.041698165512478624,True
k3,ASML,wfe,-3,-0.024474943634873014,True
k3,ASML,wfe,-2,0.00031157061733022573,True
k3,ASML,wfe,-1,0.0,True
k3,ASML,wfe,0,-0.005969928249410117,True
k3,ASML,wfe,1,-0.011929452081490766,True
k3,ASML,wfe,2,0.0049967119339155985,True
k3,ASML,wfe,3,0.010310013128361994,True
k3,ASML,wfe,4,0.030108421698822774,True
k3,ASML,wfe,5,0.015549596868931204,True
k3,ASML,wfe,6,-0.04106277289943261,True
k3,ASML,wfe,7,-0.07467102349203447,True
k3,ASML,wfe,8,-0.07468048132446814,True
k3,ASML,wfe,9,-0.04417503788416344,True
k3,ASML,wfe,10,-0.06433080759389842,True
k3,ASML,wfe,11,-0.07347152921646316,True
k3,ASML,wfe,12,-0.06550897146051682,True
k3,ASML,wfe,13,-0.07628330412221196,True
k3,ASML,wfe,14,-0.05712025685979505,True
k3,ASML,wfe,15,-0.04751969272275236,True
k3,ASML,wfe,16,-0.04885072012987646,True
k3,ASML,wfe,17,-0.008176815293578166,True
k3,ASML,wfe,18,-0.009534318314198487,True
k3,ASML,wfe,19,-0.00034912386052798894,True
k3,ASML,wfe,20,-0.0010515885710145056,True
k3,VST,power,-10,-0.019336984659699574,True
k3,VST,power,-9,0.006458173705439663,True
k3,VST,power,-8,0.01563419690758394,True
k3,VST,power,-7,0.006944416776688556,True
k3,VST,power,-6,0.010644258972453358,True
k3,VST,power,-5,0.013120751975115752,True
k3,VST,power,-4,0.027613851301639514,True
k3,VST,power,-3,0.01846454824094579,True
k3,VST,power,-2,0.032475189700108764,True
k3,VST,power,-1,0.0,True
k3,VST,power,0,0.03384554939549567,True
k3,VST,power,1,0.04906822086109841,True
k3,VST,power,2,0.05779044662108479,True
k3,VST,power,3,0.0897139532343223,True
k3,VST,power,4,0.12222446342305204,True
k3,VST,power,5,0.09975702214932802,True
k3,VST,power,6,0.06352195929539928,True
k3,VST,power,7,0.018061238189896578,True
k3,VST,power,8,-0.001370223656667946,True
k3,VST,power,9,0.006065197570449321,True
k3,VST,power,10,-0.0033067318574513394,True
k3,VST,power,11,0.03026329924683946,True
k3,VST,power,12,-0.08816014869439659,True
k3,VST,power,13,-0.09774510512641488,True
k3,VST,power,14,-0.08836930502259754,True
k3,VST,power,15,-0.10563062233458709,True
k3,VST,power,16,-0.08655141120712351,True
k3,VST,power,17,-0.06894197105887478,True
k3,VST,power,18,-0.0641513592546179,True
k3,VST,power,19,-0.07756128175759791,True
k3,VST,power,20,-0.06444661864540624,True
k3,CEG,power,-10,-0.06039688868436066,True
k3,CEG,power,-9,-0.0473430237955883,True
k3,CEG,power,-8,-0.054017615766089655,True
k3,CEG,power,-7,-0.03697965935471448,True
k3,CEG,power,-6,-0.028365609336107767,True
k3,CEG,power,-5,-0.028894802401905118,True
k3,CEG,power,-4,0.014593241005111501,True
k3,CEG,power,-3,-0.0009505655184129935,True
k3,CEG,power,-2,0.008312088554444763,True
k3,CEG,power,-1,0.0,True
k3,CEG,power,0,0.017603214603430395,True
k3,CEG,power,1,0.02094222663271683,True
k3,CEG,power,2,0.036385010737663315,True
k3,CEG,power,3,0.08872757447800517,True
k3,CEG,power,4,0.11043670241247394,True
k3,CEG,power,5,0.11712493402096413,True
k3,CEG,power,6,0.10423062092466928,True
k3,CEG,power,7,0.07556502111160057,True
k3,CEG,power,8,0.08892246871997678,True
k3,CEG,power,9,0.0779955091130562,True
k3,CEG,power,10,0.06844301214951543,True
k3,CEG,power,11,0.09190309709058653,True
k3,CEG,power,12,0.034614723608234144,True
k3,CEG,power,13,0.03570270320763669,True
k3,CEG,power,14,0.02412484530112735,True
k3,CEG,power,15,0.04557807048925344,True
k3,CEG,power,16,0.050568769635682465,True
k3,CEG,power,17,0.08283335919802592,True
k3,CEG,power,18,0.07670149803118953,True
k3,CEG,power,19,0.06505884254050098,True
k3,CEG,power,20,0.08018365251737691,True
k3,VRT,power,-10,0.012203813918232775,True
k3,VRT,power,-9,0.055944498534916676,True
k3,VRT,power,-8,0.03332620009136722,True
k3,VRT,power,-7,0.06973907802198553,True
k3,VRT,power,-6,0.072276604531468,True
k3,VRT,power,-5,0.05345367404045476,True
k3,VRT,power,-4,0.03102395094553767,True
k3,VRT,power,-3,0.012401010124625245,True
k3,VRT,power,-2,0.018370051253715047,True
k3,VRT,power,-1,0.0,True
k3,VRT,power,0,-0.0004476023133976881,True
k3,VRT,power,1,0.005763666513534105,True
k3,VRT,power,2,0.030434370241660957,True
k3,VRT,power,3,0.024524052522507667,True
k3,VRT,power,4,0.053207571857823766,True
k3,VRT,power,5,0.01840384638999293,True
k3,VRT,power,6,0.011941513071097809,True
k3,VRT,power,7,-0.04307089367517314,True
k3,VRT,power,8,-0.21193003648228714,True
k3,VRT,power,9,-0.22457309584031826,True
k3,VRT,power,10,-0.17103851797670444,True
k3,VRT,power,11,-0.10325980444639882,True
k3,VRT,power,12,-0.11084506159173824,True
k3,VRT,power,13,-0.07251241998359959,True
k3,VRT,power,14,-0.07882735494195625,True
k3,VRT,power,15,-0.1006027494361339,True
k3,VRT,power,16,-0.10609007143855731,True
k3,VRT,power,17,-0.06028660004555775,True
k3,VRT,power,18,-0.0445908557139747,True
k3,VRT,power,19,-0.06057357954793652,True
k3,VRT,power,20,-0.035897381080706836,True
k3,GEV,power,-10,0.062188470596148626,True
k3,GEV,power,-9,0.08232488243249403,True
k3,GEV,power,-8,0.03374261791571609,True
k3,GEV,power,-7,0.025243159984306374,True
k3,GEV,power,-6,0.012716842220418911,True
k3,GEV,power,-5,0.02469291165947851,True
k3,GEV,power,-4,-0.0020442892544698665,True
k3,GEV,power,-3,0.009052951864201297,True
k3,GEV,power,-2,0.0016495927221811257,True
k3,GEV,power,-1,0.0,True
k3,GEV,power,0,0.03579328663209136,True
k3,GEV,power,1,0.05471648652759509,True
k3,GEV,power,2,0.03599626818766488,True
k3,GEV,power,3,-0.049826447314974764,True
k3,GEV,power,4,0.015136039373236265,True
k3,GEV,power,5,0.010298990142845632,True
k3,GEV,power,6,-0.004690673601110085,True
k3,GEV,power,7,-0.04977363880881658,True
k3,GEV,power,8,-0.07595620535920578,True
k3,GEV,power,9,-0.02153334257144124,True
k3,GEV,power,10,-0.0195809571218577,True
k3,GEV,power,11,-0.02049227388135666,True
k3,GEV,power,12,-0.042272911504383615,True
k3,GEV,power,13,-0.03374269663207752,True
k3,GEV,power,14,-0.04754220043997304,True
k3,GEV,power,15,-0.06922710068442317,True
k3,GEV,power,16,-0.06570014885940623,True
k3,GEV,power,17,-0.04133533580937154,True
k3,GEV,power,18,-0.021301577306457098,True
k3,GEV,power,19,-0.02368767206322886,True
k3,GEV,power,20,-0.009228165994180415,True
k3,MSFT,model,-10,-0.03619841965113846,True
k3,MSFT,model,-9,-0.06008816775687276,True
k3,MSFT,model,-8,-0.03597441833348913,True
k3,MSFT,model,-7,-0.053049310722406595,True
k3,MSFT,model,-6,-0.06689742412539168,True
k3,MSFT,model,-5,-0.06805234910561975,True
k3,MSFT,model,-4,-0.03371123971605616,True
k3,MSFT,model,-3,-0.06043962307208517,True
k3,MSFT,model,-2,-0.030308465967747722,True
k3,MSFT,model,-1,0.0,True
k3,MSFT,model,0,-0.0031731433689143884,True
k3,MSFT,model,1,0.017056846319233543,True
k3,MSFT,model,2,-0.012670040467313015,True
k3,MSFT,model,3,-0.026356490575134117,True
k3,MSFT,model,4,-0.02988822661219448,True
k3,MSFT,model,5,-0.01833963462245869,True
k3,MSFT,model,6,0.003950270901797559,True
k3,MSFT,model,7,0.02458094081890394,True
k3,MSFT,model,8,0.037992293962376245,True
k3,MSFT,model,9,0.14970873293640263,True
k3,MSFT,model,10,0.17298025107293924,True
k3,MSFT,model,11,0.2037370459074559,True
k3,MSFT,model,12,0.18085900790665743,True
k3,MSFT,model,13,0.17903353565709068,True
k3,MSFT,model,14,0.20785454690387795,True
k3,MSFT,model,15,0.196456786608584,True
k3,MSFT,model,16,0.21151588889722817,True
k3,MSFT,model,17,0.21042254086758927,True
k3,MSFT,model,18,0.18029480842897883,True
k3,MSFT,model,19,0.17779187378015404,True
k3,MSFT,model,20,0.17617574382878054,True
k3,GOOGL,model,-10,0.0058685624431262795,True
k3,GOOGL,model,-9,0.009663883879201585,True
k3,GOOGL,model,-8,0.029916535861545412,True
k3,GOOGL,model,-7,0.013066912490420357,True
k3,GOOGL,model,-6,-0.01184571628351172,True
k3,GOOGL,model,-5,-0.019700262415151215,True
k3,GOOGL,model,-4,-0.013698873129926348,True
k3,GOOGL,model,-3,-0.005143775797264993,True
k3,GOOGL,model,-2,0.028813840247172706,True
k3,GOOGL,model,-1,0.0,True
k3,GOOGL,model,0,-0.006790102318595892,True
k3,GOOGL,model,1,0.007101649335997884,True
k3,GOOGL,model,2,-0.025121454594880355,True
k3,GOOGL,model,3,-0.034685478291244465,True
k3,GOOGL,model,4,-0.08951733901919212,True
k3,GOOGL,model,5,-0.07185118388715672,True
k3,GOOGL,model,6,-0.04765712571671976,True
k3,GOOGL,model,7,-0.016231241261519536,True
k3,GOOGL,model,8,0.013299183121094238,True
k3,GOOGL,model,9,-0.028242496132312667,True
k3,GOOGL,model,10,0.030456328679052014,True
k3,GOOGL,model,11,0.06069923460016735,True
k3,GOOGL,model,12,0.03831844070994528,True
k3,GOOGL,model,13,0.006271956860880223,True
k3,GOOGL,model,14,-0.003023757096525692,True
k3,GOOGL,model,15,-0.024372007191650447,True
k3,GOOGL,model,16,-0.012332764242533933,True
k3,GOOGL,model,17,-0.04810130223915099,True
k3,GOOGL,model,18,-0.05613860967328055,True
k3,GOOGL,model,19,-0.05946272253793161,True
k3,GOOGL,model,20,-0.05942475513546697,True
k3,ORCL,model,-10,0.10873263395507937,True
k3,ORCL,model,-9,0.1190686451316525,True
k3,ORCL,model,-8,0.12262800127320173,True
k3,ORCL,model,-7,0.11192894651479968,True
k3,ORCL,model,-6,0.1216270851233725,True
k3,ORCL,model,-5,0.09688513762904805,True
k3,ORCL,model,-4,0.049154851690222046,True
k3,ORCL,model,-3,0.010297433292355329,True
k3,ORCL,model,-2,0.047956416789810774,True
k3,ORCL,model,-1,0.0,True
k3,ORCL,model,0,0.032700621201385616,True
k3,ORCL,model,1,-0.00895318490903474,True
k3,ORCL,model,2,0.018324139908745707,True
k3,ORCL,model,3,0.013873708060012646,True
k3,ORCL,model,4,-0.014146576714862746,True
k3,ORCL,model,5,-0.04589236306364697,True
k3,ORCL,model,6,-0.0009909362075690709,True
k3,ORCL,model,7,0.00927658458341618,True
k3,ORCL,model,8,0.011177774534402829,True
k3,ORCL,model,9,0.05884361180198727,True
k3,ORCL,model,10,0.07031620109386694,True
k3,ORCL,model,11,0.14114644109607877,True
k3,ORCL,model,12,0.1347966723808094,True
k3,ORCL,model,13,0.13458039896078677,True
k3,ORCL,model,14,0.13188959342045514,True
k3,ORCL,model,15,0.14467448273203232,True
k3,ORCL,model,16,0.17470869623266783,True
k3,ORCL,model,17,0.14049903740387926,True
k3,ORCL,model,18,0.18544592483818523,True
k3,ORCL,model,19,0.19294570750596218,True
k3,ORCL,model,20,0.15714334701145916,True
k3,PLTR,model,-10,-0.04837267904353393,True
k3,PLTR,model,-9,-0.03786357214728042,True
k3,PLTR,model,-8,-0.005452437343340222,True
k3,PLTR,model,-7,-0.024411646897530836,True
k3,PLTR,model,-6,-0.06526185065938783,True
k3,PLTR,model,-5,-0.08593045703875557,True
k3,PLTR,model,-4,-0.04145838816745151,True
k3,PLTR,model,-3,-0.024660265962794803,True
k3,PLTR,model,-2,-0.021648034113540326,True
k3,PLTR,model,-1,0.0,True
k3,PLTR,model,0,-0.00029773553200129754,True
k3,PLTR,model,1,0.017139465327048242,True
k3,PLTR,model,2,-0.017611449006348145,True
k3,PLTR,model,3,-0.0754140639719525,True
k3,PLTR,model,4,-0.06592795939896856,True
k3,PLTR,model,5,-0.0583481370121417,True
k3,PLTR,model,6,0.012441595401165628,True
k3,PLTR,model,7,-0.04054207682999156,True
k3,PLTR,model,8,-0.02426100238109452,True
k3,PLTR,model,9,-0.06273761595858929,True
k3,PLTR,model,10,-0.06269003678867247,True
k3,PLTR,model,11,-0.05926783388467882,True
k3,PLTR,model,12,0.165490230868234,True
k3,PLTR,model,13,0.14823089353028962,True
k3,PLTR,model,14,0.1359623274260633,True
k3,PLTR,model,15,0.22251405761741516,True
k3,PLTR,model,16,0.2440527937032444,True
k3,PLTR,model,17,0.24575917176908213,True
k3,PLTR,model,18,0.21593267977162167,True
k3,PLTR,model,19,0.2499777221941324,True
k3,PLTR,model,20,0.22318812534602817,True
k3,9984.T,model,-10,-0.008298944694214327,True
k3,9984.T,model,-9,-0.03949084319809515,True
k3,9984.T,model,-8,-0.05343733616862423,True
k3,9984.T,model,-7,-0.03353329157965135,True
k3,9984.T,model,-6,-0.048320489377870146,True
k3,9984.T,model,-5,0.04092006439290863,True
k3,9984.T,model,-4,0.05934496177229853,True
k3,9984.T,model,-3,0.08439066976930576,True
k3,9984.T,model,-2,0.03652641795271805,True
k3,9984.T,model,-1,0.0,True
k3,9984.T,model,0,-0.053255413603958246,True
k3,9984.T,model,1,-0.02679609933367466,True
k3,9984.T,model,2,-0.033415687797425875,True
k3,9984.T,model,3,-0.0010421208389050918,True
k3,9984.T,model,4,-0.04664217136736859,True
k3,9984.T,model,5,-0.082792568873856,True
k3,9984.T,model,6,-0.08774659247130323,True
k3,9984.T,model,7,-0.1447217508112093,True
k3,9984.T,model,8,-0.17716964434157845,True
k3,9984.T,model,9,-0.08739596482797118,True
k3,9984.T,model,10,-0.05294749424178313,True
k3,9984.T,model,11,-0.0871937843910775,True
k3,9984.T,model,12,0.007535067052733879,True
k3,9984.T,model,13,-0.02825875957641344,True
k3,9984.T,model,14,-0.052523059664634886,True
k3,9984.T,model,15,-0.08541655387944047,True
k3,9984.T,model,16,-0.0871094468214828,True
k3,9984.T,model,17,-0.08874655616286375,True
k3,9984.T,model,18,-0.06566831908862625,True
k3,9984.T,model,19,-0.047720091337270176,True
k3,9984.T,model,20,-0.031531890759325165,True
k3,9988.HK,china,-10,-0.14833933985918257,True
k3,9988.HK,china,-9,-0.14020995248287527,True
k3,9988.HK,china,-8,-0.1367045131704936,True
k3,9988.HK,china,-7,-0.05093864147364613,True
k3,9988.HK,china,-6,-0.03927843166506495,True
k3,9988.HK,china,-5,-0.02512623199553854,True
k3,9988.HK,china,-4,-0.02219476298867651,True
k3,9988.HK,china,-3,-0.02652342773116967,True
k3,9988.HK,china,-2,-0.01721547940686019,True
k3,9988.HK,china,-1,0.0,True
k3,9988.HK,china,0,-0.019467743156282857,True
k3,9988.HK,china,1,-0.00621758239471859,True
k3,9988.HK,china,2,-0.004078632884188416,True
k3,9988.HK,china,3,-0.0239886257569637,True
k3,9988.HK,china,4,-0.025309825784819218,True
k3,9988.HK,china,5,-0.059022726602078635,True
k3,9988.HK,china,6,-0.059697792297265906,True
k3,9988.HK,china,7,-0.054833402265465736,True
k3,9988.HK,china,8,-0.06009705711858615,True
k3,9988.HK,china,9,-0.07804163892674598,True
k3,9988.HK,china,10,-0.03356681420231933,True
k3,9988.HK,china,11,0.029355276691849674,True
k3,9988.HK,china,12,0.04017068615425767,True
k3,9988.HK,china,13,0.0558585200068622,True
k3,9988.HK,china,14,0.041537889992596,True
k3,9988.HK,china,15,0.031322032199453176,True
k3,9988.HK,china,16,0.04403351031904634,True
k3,9988.HK,china,17,0.05269884307182782,True
k3,9988.HK,china,18,0.03049846185077687,True
k3,9988.HK,china,19,0.026490163787355137,True
k3,9988.HK,china,20,0.021020023227473317,True
k3,3067.HK,china,-10,-0.0016364382868427896,True
k3,3067.HK,china,-9,-0.0035273055862612424,True
k3,3067.HK,china,-8,-0.00632523382277661,True
k3,3067.HK,china,-7,0.014030219382452191,True
k3,3067.HK,china,-6,0.019545974156403023,True
k3,3067.HK,china,-5,0.01252849279937518,True
k3,3067.HK,china,-4,0.0013442226278930214,True
k3,3067.HK,china,-3,-0.001355085841706405,True
k3,3067.HK,china,-2,-0.005176287703759996,True
k3,3067.HK,china,-1,0.0,True
k3,3067.HK,china,0,-0.024678460126031254,True
k3,3067.HK,china,1,-0.021219398755913943,True
k3,3067.HK,china,2,-0.006902235808825985,True
k3,3067.HK,china,3,-0.027323960731546304,True
k3,3067.HK,china,4,-0.03496064134279431,True
k3,3067.HK,china,5,-0.03984644261935966,True
k3,3067.HK,china,6,-0.034311676449529926,True
k3,3067.HK,china,7,-0.031874998835035306,True
k3,3067.HK,china,8,-0.02460228874543713,True
k3,3067.HK,china,9,-0.0363885309544818,True
k3,3067.HK,china,10,-0.032457278976159465,True
k3,3067.HK,china,11,-0.028480259579084954,True
k3,3067.HK,china,12,-0.020502104648802977,True
k3,3067.HK,china,13,-0.013270303106224901,True
k3,3067.HK,china,14,-0.019662597509491953,True
k3,3067.HK,china,15,-0.01916709147358464,True
k3,3067.HK,china,16,-0.014106119485468582,True
k3,3067.HK,china,17,-0.02248828515347956,True
k3,3067.HK,china,18,-0.02599863016241377,True
k3,3067.HK,china,19,-0.021309222175136977,True
k3,3067.HK,china,20,-0.02719440911018811,True
k3,0981.HK,china,-10,0.10003772844774339,True
k3,0981.HK,china,-9,0.06456899241557501,True
k3,0981.HK,china,-8,0.038805322225259786,True
k3,0981.HK,china,-7,0.040836535024589615,True
k3,0981.HK,china,-6,0.14520332393521418,True
k3,0981.HK,china,-5,0.09138664564887833,True
k3,0981.HK,china,-4,0.07333506534839351,True
k3,0981.HK,china,-3,0.06810341089654592,True
k3,0981.HK,china,-2,0.027703785287973126,True
k3,0981.HK,china,-1,0.0,True
k3,0981.HK,china,0,-0.08705561931301453,True
k3,0981.HK,china,1,-0.08059556705846305,True
k3,0981.HK,china,2,-0.0009522202699949744,True
k3,0981.HK,china,3,-0.02641576750927488,True
k3,0981.HK,china,4,-0.06905179623927182,True
k3,0981.HK,china,5,-0.05073807870050828,True
k3,0981.HK,china,6,-0.0703221717243725,True
k3,0981.HK,china,7,-0.0966098737121488,True
k3,0981.HK,china,8,-0.14393965670059305,True
k3,0981.HK,china,9,-0.22645115074226307,True
k3,0981.HK,china,10,-0.20747793023547523,True
k3,0981.HK,china,11,-0.22903445443107362,True
k3,0981.HK,china,12,-0.17436290819711076,True
k3,0981.HK,china,13,-0.1362773402092392,True
k3,0981.HK,china,14,-0.1610391947005212,True
k3,0981.HK,china,15,-0.14297867160224342,True
k3,0981.HK,china,16,-0.16394044492068893,True
k3,0981.HK,china,17,-0.16659287653897792,True
k3,0981.HK,china,18,-0.12661581749095507,True
k3,0981.HK,china,19,-0.12267508447639486,True
k3,0981.HK,china,20,-0.06461131657168995,True
k3,2513.HK,china,-10,0.2155479307513266,True
k3,2513.HK,china,-9,0.04558569863681239,True
k3,2513.HK,china,-8,0.10162205535689761,True
k3,2513.HK,china,-7,0.19750560435643472,True
k3,2513.HK,china,-6,0.31196597729029385,True
k3,2513.HK,china,-5,0.09162824717799989,True
k3,2513.HK,china,-4,0.09307691544523244,True
k3,2513.HK,china,-3,0.06010850602178497,True
k3,2513.HK,china,-2,0.11095566601941265,True
k3,2513.HK,china,-1,0.0,True
k3,2513.HK,china,0,-0.3173006852207072,True
k3,2513.HK,china,1,-0.5582977488059866,True
k3,2513.HK,china,2,-0.2438666108194676,True
k3,2513.HK,china,3,-0.2710488646525162,True
k3,2513.HK,china,4,-0.28715883294066646,True
k3,2513.HK,china,5,-0.22245889262080176,True
k3,2513.HK,china,6,-0.19723186433165996,True
k3,2513.HK,china,7,-0.40783522386604165,True
k3,2513.HK,china,8,-0.4359582534727595,True
k3,2513.HK,china,9,-0.6188981288994269,True
k3,2513.HK,china,10,-0.4839644248435926,True
k3,2513.HK,china,11,-0.5380774549538305,True
k3,2513.HK,china,12,-0.4602172451543778,True
k3,2513.HK,china,13,-0.4324158405461418,True
k3,2513.HK,china,14,-0.37418758807597463,True
k3,2513.HK,china,15,-0.24305182597314712,True
k3,2513.HK,china,16,-0.24869117388031103,True
k3,2513.HK,china,17,-0.28676497570625425,True
k3,2513.HK,china,18,-0.26510734332937336,True
k3,2513.HK,china,19,-0.176999356092848,True
k3,2513.HK,china,20,-0.20226604469841458,True
k3_weights,NVDA,compute,-10,-0.05555069425165016,False
k3_weights,NVDA,compute,-9,-0.026829559512382417,False
k3_weights,NVDA,compute,-8,-0.020816824463016914,False
k3_weights,NVDA,compute,-7,-0.028532425094887515,False
k3_weights,NVDA,compute,-6,-0.035768449424328885,False
k3_weights,NVDA,compute,-5,-0.034502966958203984,False
k3_weights,NVDA,compute,-4,-0.033345864531203695,False
k3_weights,NVDA,compute,-3,-0.0054762968801496115,False
k3_weights,NVDA,compute,-2,-0.001994381728264827,False
k3_weights,NVDA,compute,-1,0.0,False
k3_weights,NVDA,compute,0,-0.0481437355975336,False
k3_weights,NVDA,compute,1,-0.03583531795342676,False
k3_weights,NVDA,compute,2,-0.05143235475381225,False
k3_weights,NVDA,compute,3,-0.05774659716695574,False
k3_weights,NVDA,compute,4,-0.03536537587986466,False
k3_weights,NVDA,compute,5,-0.02385363462914558,False
k3_weights,NVDA,compute,6,-0.03193236756314022,False
k3_weights,NVDA,compute,7,0.010930211284435387,False
k3_weights,NVDA,compute,8,0.013581705283022494,False
k3_weights,NVDA,compute,9,0.024365298908054278,False
k3_weights,NVDA,compute,10,-0.0016815258854032678,False
k3_weights,NVDA,compute,11,0.0014512799055621528,False
k3_weights,NVDA,compute,12,0.0240193418361363,False
k3_weights,NVDA,compute,13,0.017905273217019513,False
k3_weights,NVDA,compute,14,0.018650612485553886,False
k3_weights,NVDA,compute,15,0.01962695188892294,False
k3_weights,NVDA,compute,16,0.013006715884711362,False
k3_weights,NVDA,compute,17,0.010233680276108714,False
k3_weights,AVGO,compute,-10,-0.03385704968512915,False
k3_weights,AVGO,compute,-9,-0.03187563266604165,False
k3_weights,AVGO,compute,-8,-0.015963167052315264,False
k3_weights,AVGO,compute,-7,-0.05098904409235949,False
k3_weights,AVGO,compute,-6,-0.04555998512060988,False
k3_weights,AVGO,compute,-5,-0.02703557172211113,False
k3_weights,AVGO,compute,-4,-0.023598411052414114,False
k3_weights,AVGO,compute,-3,0.007846363762456399,False
k3_weights,AVGO,compute,-2,0.016014814174380554,False
k3_weights,AVGO,compute,-1,0.0,False
k3_weights,AVGO,compute,0,0.006486543817305623,False
k3_weights,AVGO,compute,1,0.0102076894961316,False
k3_weights,AVGO,compute,2,0.002592820376677629,False
k3_weights,AVGO,compute,3,0.01637597759565157,False
k3_weights,AVGO,compute,4,0.013607479266646294,False
k3_weights,AVGO,compute,5,0.00375098204368296,False
k3_weights,AVGO,compute,6,0.03436288040715052,False
k3_weights,AVGO,compute,7,0.043739807814431764,False
k3_weights,AVGO,compute,8,0.052900897062939656,False
k3_weights,AVGO,compute,9,0.05819444999351209,False
k3_weights,AVGO,compute,10,0.04857680093646888,False
k3_weights,AVGO,compute,11,0.03686427864360464,False
k3_weights,AVGO,compute,12,0.029511349383319896,False
k3_weights,AVGO,compute,13,0.022257479607985076,False
k3_weights,AVGO,compute,14,-0.03764219089742937,False
k3_weights,AVGO,compute,15,-0.03742537858088557,False
k3_weights,AVGO,compute,16,-0.052532753592096526,False
k3_weights,AVGO,compute,17,-0.10199499503756204,False
k3_weights,AMD,compute,-10,-0.015864456953445405,False
k3_weights,AMD,compute,-9,-0.0015858045072318916,False
k3_weights,AMD,compute,-8,-0.03413202943454152,False
k3_weights,AMD,compute,-7,-0.07232164457266244,False
k3_weights,AMD,compute,-6,-0.06757235061900602,False
k3_weights,AMD,compute,-5,-0.052990847531569685,False
k3_weights,AMD,compute,-4,0.006648459772771176,False
k3_weights,AMD,compute,-3,0.02617389439491724,False
k3_weights,AMD,compute,-2,0.022188991555494475,False
k3_weights,AMD,compute,-1,0.0,False
k3_weights,AMD,compute,0,-0.05002654763330039,False
k3_weights,AMD,compute,1,-0.12525417592951893,False
k3_weights,AMD,compute,2,-0.1613738963105522,False
k3_weights,AMD,compute,3,-0.07162479820230594,False
k3_weights,AMD,compute,4,-0.09731910230383178,False
k3_weights,AMD,compute,5,-0.09705169437738803,False
k3_weights,AMD,compute,6,-0.06276754630015802,False
k3_weights,AMD,compute,7,-0.1267240597029886,False
k3_weights,AMD,compute,8,-0.10813575764744066,False
k3_weights,AMD,compute,9,-0.1319667996363698,False
k3_weights,AMD,compute,10,-0.15794045968764436,False
k3_weights,AMD,compute,11,-0.14449164720122987,False
k3_weights,AMD,compute,12,-0.13378298966834645,False
k3_weights,AMD,compute,13,-0.1451165015949023,False
k3_weights,AMD,compute,14,-0.08080519470609726,False
k3_weights,AMD,compute,15,-0.09560749149055159,False
k3_weights,AMD,compute,16,-0.12217423219411838,False
k3_weights,AMD,compute,17,-0.1608126850113818,False
k3_weights,MRVL,compute,-10,0.07387519199703618,False
k3_weights,MRVL,compute,-9,0.08508793418242977,False
k3_weights,MRVL,compute,-8,0.01228119740406175,False
k3_weights,MRVL,compute,-7,-0.06224271161574002,False
k3_weights,MRVL,compute,-6,-0.04508306997875433,False
k3_weights,MRVL,compute,-5,-0.013492940556270483,False
k3_weights,MRVL,compute,-4,0.03278370262193331,False
k3_weights,MRVL,compute,-3,0.05236775413408967,False
k3_weights,MRVL,compute,-2,0.06358712228022156,False
k3_weights,MRVL,compute,-1,0.0,False
k3_weights,MRVL,compute,0,-0.023308428269579906,False
k3_weights,MRVL,compute,1,-0.09443443687744502,False
k3_weights,MRVL,compute,2,-0.13940535514983932,False
k3_weights,MRVL,compute,3,-0.056924529006392,False
k3_weights,MRVL,compute,4,-0.040424419526158495,False
k3_weights,MRVL,compute,5,-0.02520576382974582,False
k3_weights,MRVL,compute,6,0.06186474543528764,False
k3_weights,MRVL,compute,7,0.035709877864982253,False
k3_weights,MRVL,compute,8,0.03713376843567939,False
k3_weights,MRVL,compute,9,0.06359271098200914,False
k3_weights,MRVL,compute,10,0.0190190368151546,False
k3_weights,MRVL,compute,11,0.04020241660923407,False
k3_weights,MRVL,compute,12,0.05514008690920846,False
k3_weights,MRVL,compute,13,0.0668627713977008,False
k3_weights,MRVL,compute,14,0.06750935074919884,False
k3_weights,MRVL,compute,15,0.12311504472083712,False
k3_weights,MRVL,compute,16,0.058742597273530706,False
k3_weights,MRVL,compute,17,0.13403298494786942,False
k3_weights,TSM,compute,-10,0.004637529743204638,False
k3_weights,TSM,compute,-9,-0.00929701415204054,False
k3_weights,TSM,compute,-8,-0.00875083142972155,False
k3_weights,TSM,compute,-7,-0.015666796853044396,False
k3_weights,TSM,compute,-6,-0.028664701897890055,False
k3_weights,TSM,compute,-5,-0.019897145111229975,False
k3_weights,TSM,compute,-4,0.01569856115856272,False
k3_weights,TSM,compute,-3,0.012778068758011685,False
k3_weights,TSM,compute,-2,0.018487586611938056,False
k3_weights,TSM,compute,-1,0.0,False
k3_weights,TSM,compute,0,-0.007677975814610605,False
k3_weights,TSM,compute,1,-0.015045335337173782,False
k3_weights,TSM,compute,2,-0.04047124757523868,False
k3_weights,TSM,compute,3,0.0007463687204598557,False
k3_weights,TSM,compute,4,-0.003400124008306804,False
k3_weights,TSM,compute,5,-0.016215651426141342,False
k3_weights,TSM,compute,6,-0.022749643816963427,False
k3_weights,TSM,compute,7,-0.021287506005007728,False
k3_weights,TSM,compute,8,-0.007492464049358993,False
k3_weights,TSM,compute,9,-0.014760124128493146,False
k3_weights,TSM,compute,10,-0.015512937149408934,False
k3_weights,TSM,compute,11,-0.0036079861422972925,False
k3_weights,TSM,compute,12,0.0057702014863192375,False
k3_weights,TSM,compute,13,-0.002611409415903765,False
k3_weights,TSM,compute,14,-0.010907938629737046,False
k3_weights,TSM,compute,15,0.001512721827051422,False
k3_weights,TSM,compute,16,-0.023006386685048064,False
k3_weights,TSM,compute,17,-0.02582978625093979,False
k3_weights,2330.TW,compute,-10,-0.0011860620246206821,False
k3_weights,2330.TW,compute,-9,0.00484424933364469,False
k3_weights,2330.TW,compute,-8,-0.0067033706799204396,False
k3_weights,2330.TW,compute,-7,0.005661593238924567,False
k3_weights,2330.TW,compute,-6,-0.0030752050860307634,False
k3_weights,2330.TW,compute,-5,0.015146184907190552,False
k3_weights,2330.TW,compute,-4,0.012057371334783795,False
k3_weights,2330.TW,compute,-3,-0.005415884456133391,False
k3_weights,2330.TW,compute,-2,-0.0038928872113066504,False
k3_weights,2330.TW,compute,-1,0.0,False
k3_weights,2330.TW,compute,0,0.00047310498442953985,False
k3_weights,2330.TW,compute,1,0.017893351172256544,False
k3_weights,2330.TW,compute,2,0.020497719871704234,False
k3_weights,2330.TW,compute,3,0.025415753465996893,False
k3_weights,2330.TW,compute,4,0.04374922199857867,False
k3_weights,2330.TW,compute,5,0.01464251953586082,False
k3_weights,2330.TW,compute,6,-0.006086569923627216,False
k3_weights,2330.TW,compute,7,0.0014547800579540748,False
k3_weights,2330.TW,compute,8,-0.010488276391329876,False
k3_weights,2330.TW,compute,9,-0.004522038397648309,False
k3_weights,2330.TW,compute,10,-0.016078848366900544,False
k3_weights,2330.TW,compute,11,-0.014059479523545804,False
k3_weights,2330.TW,compute,12,-0.014511283315155055,False
k3_weights,2330.TW,compute,13,-0.01726267125206249,False
k3_weights,2330.TW,compute,14,-0.029242435479453377,False
k3_weights,2330.TW,compute,15,-0.028166172661284072,False
k3_weights,2330.TW,compute,16,-0.024499304612955797,False
k3_weights,2330.TW,compute,17,-0.024092174222143825,False
k3_weights,SMH,compute,-10,0.0031930006751368367,False
k3_weights,SMH,compute,-9,0.01686017366367487,False
k3_weights,SMH,compute,-8,0.0035539873582468573,False
k3_weights,SMH,compute,-7,-0.01755589843626648,False
k3_weights,SMH,compute,-6,-0.024430890929636462,False
k3_weights,SMH,compute,-5,-0.02135596060845657,False
k3_weights,SMH,compute,-4,0.004459374215798562,False
k3_weights,SMH,compute,-3,0.014411897836951404,False
k3_weights,SMH,compute,-2,0.02202750875792603,False
k3_weights,SMH,compute,-1,0.0,False
k3_weights,SMH,compute,0,-0.01969262087096535,False
k3_weights,SMH,compute,1,-0.04508182405561101,False
k3_weights,SMH,compute,2,-0.07361034864900606,False
k3_weights,SMH,compute,3,-0.03953516187152495,False
k3_weights,SMH,compute,4,-0.04298953844228226,False
k3_weights,SMH,compute,5,-0.051316268456011116,False
k3_weights,SMH,compute,6,-0.030745498611594257,False
k3_weights,SMH,compute,7,-0.03214966179566048,False
k3_weights,SMH,compute,8,-0.025328937291813958,False
k3_weights,SMH,compute,9,-0.0175437040900972,False
k3_weights,SMH,compute,10,-0.03762356284516155,False
k3_weights,SMH,compute,11,-0.02809804184132858,False
k3_weights,SMH,compute,12,-0.014821166403090835,False
k3_weights,SMH,compute,13,-0.019011701647686507,False
k3_weights,SMH,compute,14,-0.019853876967770745,False
k3_weights,SMH,compute,15,-0.007634703130753984,False
k3_weights,SMH,compute,16,-0.032319537119813724,False
k3_weights,SMH,compute,17,-0.044629855486201464,False
k3_weights,MU,memory,-10,-0.02214104957730978,False
k3_weights,MU,memory,-9,0.014798946524376078,False
k3_weights,MU,memory,-8,-0.06607996287880802,False
k3_weights,MU,memory,-7,-0.10764791995400369,False
k3_weights,MU,memory,-6,-0.09749794080842555,False
k3_weights,MU,memory,-5,-0.07928634648542943,False
k3_weights,MU,memory,-4,0.017216242199510567,False
k3_weights,MU,memory,-3,0.010585682422806997,False
k3_weights,MU,memory,-2,0.06127721244899842,False
k3_weights,MU,memory,-1,0.0,False
k3_weights,MU,memory,0,-0.01970028322136219,False
k3_weights,MU,memory,1,-0.1025994997008528,False
k3_weights,MU,memory,2,-0.18667133664713376,False
k3_weights,MU,memory,3,-0.0505762491621331,False
k3_weights,MU,memory,4,-0.11789327048975196,False
k3_weights,MU,memory,5,-0.12746890022948687,False
k3_weights,MU,memory,6,-0.08747887166476254,False
k3_weights,MU,memory,7,-0.07780648853264971,False
k3_weights,MU,memory,8,-0.08731368074757295,False
k3_weights,MU,memory,9,-0.10340569236337149,False
k3_weights,MU,memory,10,-0.11947597404915822,False
k3_weights,MU,memory,11,-0.10741716390658862,False
k3_weights,MU,memory,12,-0.0666274740982562,False
k3_weights,MU,memory,13,-0.03670477795773408,False
k3_weights,MU,memory,14,-0.012614972380969647,False
k3_weights,MU,memory,15,0.029458684999685403,False
k3_weights,MU,memory,16,-0.0262104981691893,False
k3_weights,MU,memory,17,-0.033069794170267564,False
k3_weights,000660.KS,memory,-10,0.10359611800077673,False
k3_weights,000660.KS,memory,-9,0.030499138028407202,False
k3_weights,000660.KS,memory,-8,0.05938854049370512,False
k3_weights,000660.KS,memory,-7,0.08355359794867567,False
k3_weights,000660.KS,memory,-6,0.02686557623108854,False
k3_weights,000660.KS,memory,-5,0.029242925482938276,False
k3_weights,000660.KS,memory,-4,0.034311605441960324,False
k3_weights,000660.KS,memory,-3,0.023692715688762078,False
k3_weights,000660.KS,memory,-2,0.028108635086132594,False
k3_weights,000660.KS,memory,-1,0.0,False
k3_weights,000660.KS,memory,0,0.022203383303743607,False
k3_weights,000660.KS,memory,1,-0.02147904576885118,False
k3_weights,000660.KS,memory,2,-0.06084884338679686,False
k3_weights,000660.KS,memory,3,-0.10650910778836575,False
k3_weights,000660.KS,memory,4,-0.00925812616180366,False
k3_weights,000660.KS,memory,5,-0.048648724478209004,False
k3_weights,000660.KS,memory,6,-0.05837789487545564,False
k3_weights,000660.KS,memory,7,-0.03921954121222093,False
k3_weights,000660.KS,memory,8,-0.10188754237961639,False
k3_weights,000660.KS,memory,9,-0.145958254681684,False
k3_weights,000660.KS,memory,10,-0.15387771963587404,False
k3_weights,000660.KS,memory,11,-0.15761768319756442,False
k3_weights,000660.KS,memory,12,-0.13979952120544503,False
k3_weights,000660.KS,memory,13,-0.11730230403857078,False
k3_weights,000660.KS,memory,14,-0.10905225441994126,False
k3_weights,000660.KS,memory,15,-0.08315657835667167,False
k3_weights,000660.KS,memory,16,-0.08315657835667167,False
k3_weights,005930.KS,memory,-10,0.022046972032276457,False
k3_weights,005930.KS,memory,-9,0.0026072470903404366,False
k3_weights,005930.KS,memory,-8,0.0281564327772017,False
k3_weights,005930.KS,memory,-7,0.028513470914900196,False
k3_weights,005930.KS,memory,-6,0.0025637341202457975,False
k3_weights,005930.KS,memory,-5,0.004113743755386423,False
k3_weights,005930.KS,memory,-4,0.028836925507047084,False
k3_weights,005930.KS,memory,-3,0.027266160592702704,False
k3_weights,005930.KS,memory,-2,0.0200129276227905,False
k3_weights,005930.KS,memory,-1,0.0,False
k3_weights,005930.KS,memory,0,0.008187920707026564,False
k3_weights,005930.KS,memory,1,-0.02081987978379729,False
k3_weights,005930.KS,memory,2,-0.012809518938961872,False
k3_weights,005930.KS,memory,3,-0.007649505388643618,False
k3_weights,005930.KS,memory,4,0.0651186828716579,False
k3_weights,005930.KS,memory,5,0.026028279562723355,False
k3_weights,005930.KS,memory,6,0.012023271049482531,False
k3_weights,005930.KS,memory,7,-0.00022675865256616135,False
k3_weights,005930.KS,memory,8,-0.018476336221715073,False
k3_weights,005930.KS,memory,9,-0.010318324977092175,False
k3_weights,005930.KS,memory,10,-0.021168731761999737,False
k3_weights,005930.KS,memory,11,0.01205047049663932,False
k3_weights,005930.KS,memory,12,0.040581213474514044,False
k3_weights,005930.KS,memory,13,0.05335219610822328,False
k3_weights,005930.KS,memory,14,0.05344517287615602,False
k3_weights,005930.KS,memory,15,0.04695918972283941,False
k3_weights,005930.KS,memory,16,0.04695918972283941,False
k3_weights,SNDK,memory,-10,0.1135280531234697,False
k3_weights,SNDK,memory,-9,0.15129648958251618,False
k3_weights,SNDK,memory,-8,0.06927026613107135,False
k3_weights,SNDK,memory,-7,-0.04913223167950509,False
k3_weights,SNDK,memory,-6,-0.07467533073380572,False
k3_weights,SNDK,memory,-5,-0.049406245853087505,False
k3_weights,SNDK,memory,-4,0.06558611301457784,False
k3_weights,SNDK,memory,-3,0.07689587076358517,False
k3_weights,SNDK,memory,-2,0.102953599741336,False
k3_weights,SNDK,memory,-1,0.0,False
k3_weights,SNDK,memory,0,-0.11368661277556136,False
k3_weights,SNDK,memory,1,-0.25763725369184254,False
k3_weights,SNDK,memory,2,-0.31304981591674697,False
k3_weights,SNDK,memory,3,-0.11442830926824765,False
k3_weights,SNDK,memory,4,-0.1731274932891944,False
k3_weights,SNDK,memory,5,-0.13202371609722974,False
k3_weights,SNDK,memory,6,-0.06253275390325008,False
k3_weights,SNDK,memory,7,-0.10897656953706125,False
k3_weights,SNDK,memory,8,-0.1757661977949425,False
k3_weights,SNDK,memory,9,-0.22496296552606942,False
k3_weights,SNDK,memory,10,-0.20098353947767578,False
k3_weights,SNDK,memory,11,-0.17121007938703237,False
k3_weights,SNDK,memory,12,-0.12246825472009526,False
k3_weights,SNDK,memory,13,-0.005801797386527419,False
k3_weights,SNDK,memory,14,0.06690629114202906,False
k3_weights,SNDK,memory,15,0.15363053235207058,False
k3_weights,SNDK,memory,16,0.07624350253619383,False
k3_weights,SNDK,memory,17,0.053459253976297916,False
k3_weights,AMAT,wfe,-10,0.031029054372221587,False
k3_weights,AMAT,wfe,-9,0.054610257618946,False
k3_weights,AMAT,wfe,-8,0.02963109580878598,False
k3_weights,AMAT,wfe,-7,0.013759475615658268,False
k3_weights,AMAT,wfe,-6,-0.028457717417950334,False
k3_weights,AMAT,wfe,-5,-0.0370115093383907,False
k3_weights,AMAT,wfe,-4,0.015909380430845665,False
k3_weights,AMAT,wfe,-3,0.0020197618510611193,False
k3_weights,AMAT,wfe,-2,0.037089740940992044,False
k3_weights,AMAT,wfe,-1,0.0,False
k3_weights,AMAT,wfe,0,-0.03368185441017957,False
k3_weights,AMAT,wfe,1,-0.10536096316000254,False
k3_weights,AMAT,wfe,2,-0.17249011946735582,False
k3_weights,AMAT,wfe,3,-0.06546434342094809,False
k3_weights,AMAT,wfe,4,-0.06024901248256942,False
k3_weights,AMAT,wfe,5,-0.05710611297089141,False
k3_weights,AMAT,wfe,6,-0.03713668152853078,False
k3_weights,AMAT,wfe,7,-0.050955368574903126,False
k3_weights,AMAT,wfe,8,-0.05998841398177568,False
k3_weights,AMAT,wfe,9,-0.04978183135777137,False
k3_weights,AMAT,wfe,10,-0.0788677523304866,False
k3_weights,AMAT,wfe,11,-0.06884304604722047,False
k3_weights,AMAT,wfe,12,-0.03413432245646142,False
k3_weights,AMAT,wfe,13,-0.07077600533084993,False
k3_weights,AMAT,wfe,14,-0.12194964906616157,False
k3_weights,AMAT,wfe,15,-0.06632679600107316,False
k3_weights,AMAT,wfe,16,-0.08922816278569545,False
k3_weights,AMAT,wfe,17,-0.1283179871412825,False
k3_weights,LRCX,wfe,-10,0.038431632656364734,False
k3_weights,LRCX,wfe,-9,0.07520125473463501,False
k3_weights,LRCX,wfe,-8,0.04659994971116621,False
k3_weights,LRCX,wfe,-7,0.019080280235541203,False
k3_weights,LRCX,wfe,-6,0.010068634989500502,False
k3_weights,LRCX,wfe,-5,-0.01207609168710011,False
k3_weights,LRCX,wfe,-4,0.01803242793713178,False
k3_weights,LRCX,wfe,-3,0.014699762164909203,False
k3_weights,LRCX,wfe,-2,0.03539912689635383,False
k3_weights,LRCX,wfe,-1,0.0,False
k3_weights,LRCX,wfe,0,-0.04249429183068809,False
k3_weights,LRCX,wfe,1,-0.11116786938873169,False
k3_weights,LRCX,wfe,2,-0.15674649767882531,False
k3_weights,LRCX,wfe,3,-0.02385228333842715,False
k3_weights,LRCX,wfe,4,-0.04623940658042969,False
k3_weights,LRCX,wfe,5,-0.05823388885417913,False
k3_weights,LRCX,wfe,6,-0.01605669372534102,False
k3_weights,LRCX,wfe,7,-0.03998515804937686,False
k3_weights,LRCX,wfe,8,-0.041665743511019926,False
k3_weights,LRCX,wfe,9,-0.035239001082181254,False
k3_weights,LRCX,wfe,10,-0.04827333758701169,False
k3_weights,LRCX,wfe,11,-0.028691693394649498,False
k3_weights,LRCX,wfe,12,0.010151797696240195,False
k3_weights,LRCX,wfe,13,0.03153053825996288,False
k3_weights,LRCX,wfe,14,0.019003503894603924,False
k3_weights,LRCX,wfe,15,0.05460404643082217,False
k3_weights,LRCX,wfe,16,0.02427687230436959,False
k3_weights,LRCX,wfe,17,-0.023893219052619763,False
k3_weights,ASML,wfe,-10,-0.05724776238140983,False
k3_weights,ASML,wfe,-9,-0.04002454050380422,False
k3_weights,ASML,wfe,-8,-0.015238026251600978,False
k3_weights,ASML,wfe,-7,-0.015549596868931204,False
k3_weights,ASML,wfe,-6,-0.02151952511834132,False
k3_weights,ASML,wfe,-5,-0.02747904895042197,False
k3_weights,ASML,wfe,-4,-0.010552884935015605,False
k3_weights,ASML,wfe,-3,-0.005239583740569209,False
k3_weights,ASML,wfe,-2,0.01455882482989157,False
k3_weights,ASML,wfe,-1,0.0,False
k3_weights,ASML,wfe,0,-0.05661236976836381,False
k3_weights,ASML,wfe,1,-0.09022062036096568,False
k3_weights,ASML,wfe,2,-0.09023007819339934,False
k3_weights,ASML,wfe,3,-0.05972463475309464,False
k3_weights,ASML,wfe,4,-0.07988040446282962,False
k3_weights,ASML,wfe,5,-0.08902112608539436,False
k3_weights,ASML,wfe,6,-0.08105856832944802,False
k3_weights,ASML,wfe,7,-0.09183290099114316,False
k3_weights,ASML,wfe,8,-0.07266985372872625,False
k3_weights,ASML,wfe,9,-0.06306928959168356,False
k3_weights,ASML,wfe,10,-0.06440031699880766,False
k3_weights,ASML,wfe,11,-0.02372641216250937,False
k3_weights,ASML,wfe,12,-0.02508391518312969,False
k3_weights,ASML,wfe,13,-0.015898720729459193,False
k3_weights,ASML,wfe,14,-0.01660118543994571,False
k3_weights,ASML,wfe,15,0.005991098409656281,False
k3_weights,ASML,wfe,16,-0.02041850305900539,False
k3_weights,ASML,wfe,17,-0.04365547875475251,False
k3_weights,VST,power,-10,-0.07214317084768851,False
k3_weights,VST,power,-9,-0.08129247390838223,False
k3_weights,VST,power,-8,-0.06728183244921926,False
k3_weights,VST,power,-7,-0.09975702214932802,False
k3_weights,VST,power,-6,-0.06591147275383236,False
k3_weights,VST,power,-5,-0.05068880128822961,False
k3_weights,VST,power,-4,-0.04196657552824323,False
k3_weights,VST,power,-3,-0.010043068915005726,False
k3_weights,VST,power,-2,0.02246744127372402,False
k3_weights,VST,power,-1,0.0,False
k3_weights,VST,power,0,-0.036235062853928746,False
k3_weights,VST,power,1,-0.08169578395943144,False
k3_weights,VST,power,2,-0.10112724580599597,False
k3_weights,VST,power,3,-0.0936918245788787,False
k3_weights,VST,power,4,-0.10306375400677936,False
k3_weights,VST,power,5,-0.06949372290248856,False
k3_weights,VST,power,6,-0.1879171708437246,False
k3_weights,VST,power,7,-0.1975021272757429,False
k3_weights,VST,power,8,-0.18812632717192557,False
k3_weights,VST,power,9,-0.2053876444839151,False
k3_weights,VST,power,10,-0.18630843335645153,False
k3_weights,VST,power,11,-0.1686989932082028,False
k3_weights,VST,power,12,-0.16390838140394592,False
k3_weights,VST,power,13,-0.17731830390692593,False
k3_weights,VST,power,14,-0.16420364079473426,False
k3_weights,VST,power,15,-0.17629137847497134,False
k3_weights,VST,power,16,-0.1982217565611908,False
k3_weights,VST,power,17,-0.20151512140428096,False
k3_weights,CEG,power,-10,-0.10253169301585263,False
k3_weights,CEG,power,-9,-0.11807549953937713,False
k3_weights,CEG,power,-8,-0.10881284546651937,False
k3_weights,CEG,power,-7,-0.11712493402096413,False
k3_weights,CEG,power,-6,-0.09952171941753374,False
k3_weights,CEG,power,-5,-0.0961827073882473,False
k3_weights,CEG,power,-4,-0.08073992328330082,False
k3_weights,CEG,power,-3,-0.028397359542958966,False
k3_weights,CEG,power,-2,-0.006688231608490192,False
k3_weights,CEG,power,-1,0.0,False
k3_weights,CEG,power,0,-0.012894313096294852,False
k3_weights,CEG,power,1,-0.04155991290936356,False
k3_weights,CEG,power,2,-0.028202465300987356,False
k3_weights,CEG,power,3,-0.03912942490790794,False
k3_weights,CEG,power,4,-0.04868192187144871,False
k3_weights,CEG,power,5,-0.025221836930377606,False
k3_weights,CEG,power,6,-0.08251021041272999,False
k3_weights,CEG,power,7,-0.08142223081332745,False
k3_weights,CEG,power,8,-0.09300008871983678,False
k3_weights,CEG,power,9,-0.07154686353171069,False
k3_weights,CEG,power,10,-0.06655616438528167,False
k3_weights,CEG,power,11,-0.03429157482293821,False
k3_weights,CEG,power,12,-0.0404234359897746,False
k3_weights,CEG,power,13,-0.05206609148046315,False
k3_weights,CEG,power,14,-0.03694128150358722,False
k3_weights,CEG,power,15,-0.05063674257366557,False
k3_weights,CEG,power,16,-0.07374978071259974,False
k3_weights,CEG,power,17,-0.053989094633160484,False
k3_weights,VRT,power,-10,0.012620104555544742,False
k3_weights,VRT,power,-9,-0.006002836265367684,False
k3_weights,VRT,power,-8,-3.3795136277881e-05,False
k3_weights,VRT,power,-7,-0.01840384638999293,False
k3_weights,VRT,power,-6,-0.018851448703390616,False
k3_weights,VRT,power,-5,-0.012640179876458824,False
k3_weights,VRT,power,-4,0.012030523851668029,False
k3_weights,VRT,power,-3,0.006120206132514738,False
k3_weights,VRT,power,-2,0.03480372546783084,False
k3_weights,VRT,power,-1,0.0,False
k3_weights,VRT,power,0,-0.006462333318895119,False
k3_weights,VRT,power,1,-0.06147474006516607,False
k3_weights,VRT,power,2,-0.23033388287228007,False
k3_weights,VRT,power,3,-0.2429769422303112,False
k3_weights,VRT,power,4,-0.18944236436669737,False
k3_weights,VRT,power,5,-0.12166365083639175,False
k3_weights,VRT,power,6,-0.12924890798173116,False
k3_weights,VRT,power,7,-0.09091626637359251,False
k3_weights,VRT,power,8,-0.09723120133194918,False
k3_weights,VRT,power,9,-0.11900659582612683,False
k3_weights,VRT,power,10,-0.12449391782855024,False
k3_weights,VRT,power,11,-0.07869044643555068,False
k3_weights,VRT,power,12,-0.06299470210396763,False
k3_weights,VRT,power,13,-0.07897742593792945,False
k3_weights,VRT,power,14,-0.054301227470699764,False
k3_weights,VRT,power,15,-0.05746852475792874,False
k3_weights,VRT,power,16,-0.11082886685633753,False
k3_weights,VRT,power,17,-0.1490402436408278,False
k3_weights,GEV,power,-10,-0.012343279397315499,False
k3_weights,GEV,power,-9,-0.0012460382786443347,False
k3_weights,GEV,power,-8,-0.008649397420664506,False
k3_weights,GEV,power,-7,-0.010298990142845632,False
k3_weights,GEV,power,-6,0.025494296489245727,False
k3_weights,GEV,power,-5,0.044417496384749455,False
k3_weights,GEV,power,-4,0.02569727804481925,False
k3_weights,GEV,power,-3,-0.060125437457820397,False
k3_weights,GEV,power,-2,0.004837049230390633,False
k3_weights,GEV,power,-1,0.0,False
k3_weights,GEV,power,0,-0.014989663743955717,False
k3_weights,GEV,power,1,-0.06007262895166221,False
k3_weights,GEV,power,2,-0.08625519550205141,False
k3_weights,GEV,power,3,-0.03183233271428687,False
k3_weights,GEV,power,4,-0.029879947264703333,False
k3_weights,GEV,power,5,-0.03079126402420229,False
k3_weights,GEV,power,6,-0.05257190164722925,False
k3_weights,GEV,power,7,-0.04404168677492315,False
k3_weights,GEV,power,8,-0.05784119058281867,False
k3_weights,GEV,power,9,-0.0795260908272688,False
k3_weights,GEV,power,10,-0.07599913900225186,False
k3_weights,GEV,power,11,-0.051634325952217175,False
k3_weights,GEV,power,12,-0.03160056744930273,False
k3_weights,GEV,power,13,-0.03398666220607449,False
k3_weights,GEV,power,14,-0.019527156137026047,False
k3_weights,GEV,power,15,-0.0031799299972252726,False
k3_weights,GEV,power,16,-0.05761528570395846,False
k3_weights,GEV,power,17,-0.08086471504998372,False
k3_weights,MSFT,model,-10,-0.015371605093597474,False
k3_weights,MSFT,model,-9,-0.04209998844962648,False
k3_weights,MSFT,model,-8,-0.011968831345289033,False
k3_weights,MSFT,model,-7,0.01833963462245869,False
k3_weights,MSFT,model,-6,0.0151664912535443,False
k3_weights,MSFT,model,-5,0.03539648094169223,False
k3_weights,MSFT,model,-4,0.005669594155145674,False
k3_weights,MSFT,model,-3,-0.008016855952675428,False
k3_weights,MSFT,model,-2,-0.01154859198973579,False
k3_weights,MSFT,model,-1,0.0,False
k3_weights,MSFT,model,0,0.02228990552425625,False
k3_weights,MSFT,model,1,0.04292057544136263,False
k3_weights,MSFT,model,2,0.056331928584834934,False
k3_weights,MSFT,model,3,0.16804836755886132,False
k3_weights,MSFT,model,4,0.19131988569539793,False
k3_weights,MSFT,model,5,0.22207668052991458,False
k3_weights,MSFT,model,6,0.19919864252911612,False
k3_weights,MSFT,model,7,0.19737317027954937,False
k3_weights,MSFT,model,8,0.22619418152633664,False
k3_weights,MSFT,model,9,0.2147964212310427,False
k3_weights,MSFT,model,10,0.22985552351968686,False
k3_weights,MSFT,model,11,0.22876217549004796,False
k3_weights,MSFT,model,12,0.19863444305143751,False
k3_weights,MSFT,model,13,0.19613150840261273,False
k3_weights,MSFT,model,14,0.19451537845123923,False
k3_weights,MSFT,model,15,0.16530768629390824,False
k3_weights,MSFT,model,16,0.18504839425603858,False
k3_weights,MSFT,model,17,0.18845998802153563,False
k3_weights,GOOGL,model,-10,0.058152310757230374,False
k3_weights,GOOGL,model,-9,0.06670740808989173,False
k3_weights,GOOGL,model,-8,0.10066502413432943,False
k3_weights,GOOGL,model,-7,0.07185118388715672,False
k3_weights,GOOGL,model,-6,0.06506108156856083,False
k3_weights,GOOGL,model,-5,0.0789528332231546,False
k3_weights,GOOGL,model,-4,0.04672972929227637,False
k3_weights,GOOGL,model,-3,0.03716570559591226,False
k3_weights,GOOGL,model,-2,-0.0176661551320354,False
k3_weights,GOOGL,model,-1,0.0,False
k3_weights,GOOGL,model,0,0.02419405817043696,False
k3_weights,GOOGL,model,1,0.055619942625637186,False
k3_weights,GOOGL,model,2,0.08515036700825096,False
k3_weights,GOOGL,model,3,0.043608687754844055,False
k3_weights,GOOGL,model,4,0.10230751256620874,False
k3_weights,GOOGL,model,5,0.13255041848732407,False
k3_weights,GOOGL,model,6,0.110169624597102,False
k3_weights,GOOGL,model,7,0.07812314074803695,False
k3_weights,GOOGL,model,8,0.06882742679063103,False
k3_weights,GOOGL,model,9,0.047479176695506276,False
k3_weights,GOOGL,model,10,0.05951841964462279,False
k3_weights,GOOGL,model,11,0.023749881648005733,False
k3_weights,GOOGL,model,12,0.015712574213876174,False
k3_weights,GOOGL,model,13,0.01238846134922511,False
k3_weights,GOOGL,model,14,0.012426428751689755,False
k3_weights,GOOGL,model,15,0.008561182842693249,False
k3_weights,GOOGL,model,16,0.02622197568451412,False
k3_weights,GOOGL,model,17,0.02714095755487822,False
k3_weights,ORCL,model,-10,0.09504721475386901,False
k3_weights,ORCL,model,-9,0.0561897963560023,False
k3_weights,ORCL,model,-8,0.09384877985345774,False
k3_weights,ORCL,model,-7,0.04589236306364697,False
k3_weights,ORCL,model,-6,0.07859298426503258,False
k3_weights,ORCL,model,-5,0.03693917815461223,False
k3_weights,ORCL,model,-4,0.06421650297239268,False
k3_weights,ORCL,model,-3,0.059766071123659614,False
k3_weights,ORCL,model,-2,0.03174578634878422,False
k3_weights,ORCL,model,-1,0.0,False
k3_weights,ORCL,model,0,0.0449014268560779,False
k3_weights,ORCL,model,1,0.05516894764706315,False
k3_weights,ORCL,model,2,0.0570701375980498,False
k3_weights,ORCL,model,3,0.10473597486563424,False
k3_weights,ORCL,model,4,0.1162085641575139,False
k3_weights,ORCL,model,5,0.18703880415972574,False
k3_weights,ORCL,model,6,0.18068903544445636,False
k3_weights,ORCL,model,7,0.18047276202443374,False
k3_weights,ORCL,model,8,0.1777819564841021,False
k3_weights,ORCL,model,9,0.19056684579567928,False
k3_weights,ORCL,model,10,0.2206010592963148,False
k3_weights,ORCL,model,11,0.18639140046752622,False
k3_weights,ORCL,model,12,0.2313382879018322,False
k3_weights,ORCL,model,13,0.23883807056960915,False
k3_weights,ORCL,model,14,0.20303571007510612,False
k3_weights,ORCL,model,15,0.1786312647844568,False
k3_weights,ORCL,model,16,0.16903701437648433,False
k3_weights,ORCL,model,17,0.1606766612379369,False
k3_weights,PLTR,model,-10,0.01688974884469019,False
k3_weights,PLTR,model,-9,0.033687871049346896,False
k3_weights,PLTR,model,-8,0.03670010289860137,False
k3_weights,PLTR,model,-7,0.0583481370121417,False
k3_weights,PLTR,model,-6,0.0580504014801404,False
k3_weights,PLTR,model,-5,0.07548760233918994,False
k3_weights,PLTR,model,-4,0.04073668800579355,False
k3_weights,PLTR,model,-3,-0.017065926959810795,False
k3_weights,PLTR,model,-2,-0.007579822386826862,False
k3_weights,PLTR,model,-1,0.0,False
k3_weights,PLTR,model,0,0.07078973241330733,False
k3_weights,PLTR,model,1,0.01780606018215014,False
k3_weights,PLTR,model,2,0.03408713463104718,False
k3_weights,PLTR,model,3,-0.004389478946447589,False
k3_weights,PLTR,model,4,-0.0043418997765307665,False
k3_weights,PLTR,model,5,-0.0009196968725371235,False
k3_weights,PLTR,model,6,0.2238383678803757,False
k3_weights,PLTR,model,7,0.20657903054243132,False
k3_weights,PLTR,model,8,0.194310464438205,False
k3_weights,PLTR,model,9,0.28086219462955686,False
k3_weights,PLTR,model,10,0.3024009307153861,False
k3_weights,PLTR,model,11,0.30410730878122383,False
k3_weights,PLTR,model,12,0.27428081678376337,False
k3_weights,PLTR,model,13,0.3083258592062741,False
k3_weights,PLTR,model,14,0.28153626235816986,False
k3_weights,PLTR,model,15,0.27458100532791097,False
k3_weights,PLTR,model,16,0.28578990549400984,False
k3_weights,PLTR,model,17,0.3023150139078883,False
k3_weights,9984.T,model,-10,0.08756223576027722,False
k3_weights,9984.T,model,-9,0.10598713313966712,False
k3_weights,9984.T,model,-8,0.13103284113667435,False
k3_weights,9984.T,model,-7,0.08316858932008664,False
k3_weights,9984.T,model,-6,0.04664217136736859,False
k3_weights,9984.T,model,-5,-0.006613242236589656,False
k3_weights,9984.T,model,-4,0.01984607203369393,False
k3_weights,9984.T,model,-3,0.013226483569942715,False
k3_weights,9984.T,model,-2,0.0456000505284635,False
k3_weights,9984.T,model,-1,0.0,False
k3_weights,9984.T,model,0,-0.03615039750648741,False
k3_weights,9984.T,model,1,-0.04110442110393464,False
k3_weights,9984.T,model,2,-0.09807957944384071,False
k3_weights,9984.T,model,3,-0.13052747297420986,False
k3_weights,9984.T,model,4,-0.040753793460602594,False
k3_weights,9984.T,model,5,-0.006305322874414543,False
k3_weights,9984.T,model,6,-0.04055161302370891,False
k3_weights,9984.T,model,7,0.05417723842010247,False
k3_weights,9984.T,model,8,0.01838341179095515,False
k3_weights,9984.T,model,9,-0.005880888297266296,False
k3_weights,9984.T,model,10,-0.03877438251207188,False
k3_weights,9984.T,model,11,-0.040467275454114215,False
k3_weights,9984.T,model,12,-0.042104384795495164,False
k3_weights,9984.T,model,13,-0.019026147721257658,False
k3_weights,9984.T,model,14,-0.0010779199699015862,False
k3_weights,9984.T,model,15,0.015110280608043425,False
k3_weights,9984.T,model,16,0.015110280608043425,False
k3_weights,9988.HK,china,-10,0.036827963613402126,False
k3_weights,9988.HK,china,-9,0.032499298870908966,False
k3_weights,9988.HK,china,-8,0.041807247195218444,False
k3_weights,9988.HK,china,-7,0.059022726602078635,False
k3_weights,9988.HK,china,-6,0.03955498344579578,False
k3_weights,9988.HK,china,-5,0.052805144207360044,False
k3_weights,9988.HK,china,-4,0.05494409371789022,False
k3_weights,9988.HK,china,-3,0.035034100845114935,False
k3_weights,9988.HK,china,-2,0.03371290081725942,False
k3_weights,9988.HK,china,-1,0.0,False
k3_weights,9988.HK,china,0,-0.0006750656951872713,False
k3_weights,9988.HK,china,1,0.0041893243366128985,False
k3_weights,9988.HK,china,2,-0.0010743305165075157,False
k3_weights,9988.HK,china,3,-0.019018912324667347,False
k3_weights,9988.HK,china,4,0.025455912399759306,False
k3_weights,9988.HK,china,5,0.08837800329392831,False
k3_weights,9988.HK,china,6,0.09919341275633631,False
k3_weights,9988.HK,china,7,0.11488124660894083,False
k3_weights,9988.HK,china,8,0.10056061659467463,False
k3_weights,9988.HK,china,9,0.09034475880153181,False
k3_weights,9988.HK,china,10,0.10305623692112498,False
k3_weights,9988.HK,china,11,0.11172156967390645,False
k3_weights,9988.HK,china,12,0.0895211884528555,False
k3_weights,9988.HK,china,13,0.08551289038943377,False
k3_weights,9988.HK,china,14,0.08004274982955195,False
k3_weights,9988.HK,china,15,0.08573994804917007,False
k3_weights,9988.HK,china,16,0.12119920393966055,False
k3_weights,9988.HK,china,17,0.10033162769637904,False
k3_weights,3067.HK,china,-10,0.04119066524725268,False
k3_weights,3067.HK,china,-9,0.03849135677765325,False
k3_weights,3067.HK,china,-8,0.03467015491559966,False
k3_weights,3067.HK,china,-7,0.03984644261935966,False
k3_weights,3067.HK,china,-6,0.015167982493328402,False
k3_weights,3067.HK,china,-5,0.018627043863445714,False
k3_weights,3067.HK,china,-4,0.03294420681053367,False
k3_weights,3067.HK,china,-3,0.012522481887813353,False
k3_weights,3067.HK,china,-2,0.004885801276565349,False
k3_weights,3067.HK,china,-1,0.0,False
k3_weights,3067.HK,china,0,0.00553476616982973,False
k3_weights,3067.HK,china,1,0.00797144378432435,False
k3_weights,3067.HK,china,2,0.015244153873922528,False
k3_weights,3067.HK,china,3,0.003457911664877855,False
k3_weights,3067.HK,china,4,0.007389163643200192,False
k3_weights,3067.HK,china,5,0.011366183040274702,False
k3_weights,3067.HK,china,6,0.01934433797055668,False
k3_weights,3067.HK,china,7,0.026576139513134756,False
k3_weights,3067.HK,china,8,0.020183845109867704,False
k3_weights,3067.HK,china,9,0.020679351145775016,False
k3_weights,3067.HK,china,10,0.025740323133891074,False
k3_weights,3067.HK,china,11,0.017358157465880097,False
k3_weights,3067.HK,china,12,0.013847812456945885,False
k3_weights,3067.HK,china,13,0.01853722044422268,False
k3_weights,3067.HK,china,14,0.012652033509171545,False
k3_weights,3067.HK,china,15,0.015316767887465055,False
k3_weights,3067.HK,china,16,-0.006633171311010599,False
k3_weights,0981.HK,china,-10,0.1240731440489018,False
k3_weights,0981.HK,china,-9,0.1188414895970542,False
k3_weights,0981.HK,china,-8,0.07844186398848141,False
k3_weights,0981.HK,china,-7,0.05073807870050828,False
k3_weights,0981.HK,china,-6,-0.03631754061250625,False
k3_weights,0981.HK,china,-5,-0.029857488357954765,False
k3_weights,0981.HK,china,-4,0.04978585843051331,False
k3_weights,0981.HK,china,-3,0.024322311191233403,False
k3_weights,0981.HK,china,-2,-0.01831371753876354,False
k3_weights,0981.HK,china,-1,0.0,False
k3_weights,0981.HK,china,0,-0.019584093023864213,False
k3_weights,0981.HK,china,1,-0.045871795011640515,False
k3_weights,0981.HK,china,2,-0.09320157800008477,False
k3_weights,0981.HK,china,3,-0.1757130720417548,False
k3_weights,0981.HK,china,4,-0.15673985153496695,False
k3_weights,0981.HK,china,5,-0.17829637573056534,False
k3_weights,0981.HK,china,6,-0.12362482949660247,False
k3_weights,0981.HK,china,7,-0.08553926150873092,False
k3_weights,0981.HK,china,8,-0.11030111600001291,False
k3_weights,0981.HK,china,9,-0.09224059290173514,False
k3_weights,0981.HK,china,10,-0.11320236622018065,False
k3_weights,0981.HK,china,11,-0.11585479783846964,False
k3_weights,0981.HK,china,12,-0.07587773879044679,False
k3_weights,0981.HK,china,13,-0.07193700577588658,False
k3_weights,0981.HK,china,14,-0.013873237871181665,False
k3_weights,0981.HK,china,15,0.032450106043970806,False
k3_weights,0981.HK,china,16,0.04101786963193632,False
k3_weights,0981.HK,china,17,0.0017809671721114029,False
k3_weights,2513.HK,china,-10,0.3155358080660342,False
k3_weights,2513.HK,china,-9,0.28256739864258673,False
k3_weights,2513.HK,china,-8,0.3334145586402144,False
k3_weights,2513.HK,china,-7,0.22245889262080176,False
k3_weights,2513.HK,china,-6,-0.09484179259990544,False
k3_weights,2513.HK,china,-5,-0.33583885618518483,False
k3_weights,2513.HK,china,-4,-0.021407718198665826,False
k3_weights,2513.HK,china,-3,-0.048589972031714446,False
k3_weights,2513.HK,china,-2,-0.0646999403198647,False
k3_weights,2513.HK,china,-1,0.0,False
k3_weights,2513.HK,china,0,0.025227028289141806,False
k3_weights,2513.HK,china,1,-0.1853763312452399,False
k3_weights,2513.HK,china,2,-0.21349936085195775,False
k3_weights,2513.HK,china,3,-0.3964392362786251,False
k3_weights,2513.HK,china,4,-0.2615055322227908,False
k3_weights,2513.HK,china,5,-0.31561856233302876,False
k3_weights,2513.HK,china,6,-0.23775835253357602,False
k3_weights,2513.HK,china,7,-0.20995694792534003,False
k3_weights,2513.HK,china,8,-0.15172869545517287,False
k3_weights,2513.HK,china,9,-0.020592933352345355,False
k3_weights,2513.HK,china,10,-0.02623228125950927,False
k3_weights,2513.HK,china,11,-0.06430608308545249,False
k3_weights,2513.HK,china,12,-0.042648450708571595,False
k3_weights,2513.HK,china,13,0.04545953652795376,False
k3_weights,2513.HK,china,14,0.02019284792238718,False
k3_weights,2513.HK,china,15,-0.047309364340248905,False
k3_weights,2513.HK,china,16,-0.19073041090024478,False
k3_weights,2513.HK,china,17,-0.22184167398433985,False
v4_flash,NVDA,compute,-10,0.021978147742626852,False
v4_flash,NVDA,compute,-9,0.023243630208751753,False
v4_flash,NVDA,compute,-8,0.024400732635752043,False
v4_flash,NVDA,compute,-7,0.052270300286806126,False
v4_flash,NVDA,compute,-6,0.05575221543869091,False
v4_flash,NVDA,compute,-5,0.05774659716695574,False
v4_flash,NVDA,compute,-4,0.009602861569422139,False
v4_flash,NVDA,compute,-3,0.021911279213528978,False
v4_flash,NVDA,compute,-2,0.006314242413143489,False
v4_flash,NVDA,compute,-1,0.0,False
v4_flash,NVDA,compute,0,0.02238122128709108,False
v4_flash,NVDA,compute,1,0.033892962537810156,False
v4_flash,NVDA,compute,2,0.02581422960381552,False
v4_flash,NVDA,compute,3,0.06867680845139112,False
v4_flash,NVDA,compute,4,0.07132830244997823,False
v4_flash,NVDA,compute,5,0.08211189607501002,False
v4_flash,NVDA,compute,6,0.05606507128155247,False
v4_flash,NVDA,compute,7,0.05919787707251789,False
v4_flash,NVDA,compute,8,0.08176593900309204,False
v4_flash,NVDA,compute,9,0.07565187038397525,False
v4_flash,NVDA,compute,10,0.07639720965250962,False
v4_flash,NVDA,compute,11,0.07737354905587868,False
v4_flash,NVDA,compute,12,0.0707533130516671,False
v4_flash,NVDA,compute,13,0.06798027744306445,False
v4_flash,AVGO,compute,-10,-0.06193596271626145,False
v4_flash,AVGO,compute,-9,-0.0434115493177627,False
v4_flash,AVGO,compute,-8,-0.039974388648065684,False
v4_flash,AVGO,compute,-7,-0.008529613833195171,False
v4_flash,AVGO,compute,-6,-0.00036116342127101575,False
v4_flash,AVGO,compute,-5,-0.01637597759565157,False
v4_flash,AVGO,compute,-4,-0.009889433778345946,False
v4_flash,AVGO,compute,-3,-0.00616828809951997,False
v4_flash,AVGO,compute,-2,-0.01378315721897394,False
v4_flash,AVGO,compute,-1,0.0,False
v4_flash,AVGO,compute,0,-0.0027684983290052756,False
v4_flash,AVGO,compute,1,-0.01262499555196861,False
v4_flash,AVGO,compute,2,0.01798690281149895,False
v4_flash,AVGO,compute,3,0.027363830218780194,False
v4_flash,AVGO,compute,4,0.036524919467288086,False
v4_flash,AVGO,compute,5,0.04181847239786052,False
v4_flash,AVGO,compute,6,0.03220082334081731,False
v4_flash,AVGO,compute,7,0.020488301047953072,False
v4_flash,AVGO,compute,8,0.013135371787668326,False
v4_flash,AVGO,compute,9,0.005881502012333506,False
v4_flash,AVGO,compute,10,-0.05401816849308094,False
v4_flash,AVGO,compute,11,-0.05380135617653714,False
v4_flash,AVGO,compute,12,-0.0689087311877481,False
v4_flash,AVGO,compute,13,-0.11837097263321361,False
v4_flash,AMD,compute,-10,0.004052447583299923,False
v4_flash,AMD,compute,-9,0.018633950670736255,False
v4_flash,AMD,compute,-8,0.07827325797507712,False
v4_flash,AMD,compute,-7,0.09779869259722318,False
v4_flash,AMD,compute,-6,0.09381378975780041,False
v4_flash,AMD,compute,-5,0.07162479820230594,False
v4_flash,AMD,compute,-4,0.02159825056900555,False
v4_flash,AMD,compute,-3,-0.05362937772721299,False
v4_flash,AMD,compute,-2,-0.08974909810824627,False
v4_flash,AMD,compute,-1,0.0,False
v4_flash,AMD,compute,0,-0.025694304101525844,False
v4_flash,AMD,compute,1,-0.025426896175082092,False
v4_flash,AMD,compute,2,0.008857251902147922,False
v4_flash,AMD,compute,3,-0.05509926150068267,False
v4_flash,AMD,compute,4,-0.036510959445134716,False
v4_flash,AMD,compute,5,-0.060342001434063874,False
v4_flash,AMD,compute,6,-0.08631566148533842,False
v4_flash,AMD,compute,7,-0.07286684899892393,False
v4_flash,AMD,compute,8,-0.06215819146604051,False
v4_flash,AMD,compute,9,-0.07349170339259636,False
v4_flash,AMD,compute,10,-0.009180396503791322,False
v4_flash,AMD,compute,11,-0.02398269328824565,False
v4_flash,AMD,compute,12,-0.05054943399181244,False
v4_flash,AMD,compute,13,-0.08918788680907586,False
v4_flash,MRVL,compute,-10,0.011841459027637669,False
v4_flash,MRVL,compute,-9,0.04343158845012152,False
v4_flash,MRVL,compute,-8,0.08970823162832531,False
v4_flash,MRVL,compute,-7,0.10929228314048167,False
v4_flash,MRVL,compute,-6,0.12051165128661356,False
v4_flash,MRVL,compute,-5,0.056924529006392,False
v4_flash,MRVL,compute,-4,0.03361610073681209,False
v4_flash,MRVL,compute,-3,-0.037509907871053016,False
v4_flash,MRVL,compute,-2,-0.08248082614344732,False
v4_flash,MRVL,compute,-1,0.0,False
v4_flash,MRVL,compute,0,0.016500109480233505,False
v4_flash,MRVL,compute,1,0.03171876517664618,False
v4_flash,MRVL,compute,2,0.11878927444167964,False
v4_flash,MRVL,compute,3,0.09263440687137425,False
v4_flash,MRVL,compute,4,0.09405829744207139,False
v4_flash,MRVL,compute,5,0.12051723998840114,False
v4_flash,MRVL,compute,6,0.0759435658215466,False
v4_flash,MRVL,compute,7,0.09712694561562607,False
v4_flash,MRVL,compute,8,0.11206461591560046,False
v4_flash,MRVL,compute,9,0.1237873004040928,False
v4_flash,MRVL,compute,10,0.12443387975559084,False
v4_flash,MRVL,compute,11,0.18003957372722912,False
v4_flash,MRVL,compute,12,0.1156671262799227,False
v4_flash,MRVL,compute,13,0.19095751395426142,False
v4_flash,TSM,compute,-10,-0.02941107061834991,False
v4_flash,TSM,compute,-9,-0.02064351383168983,False
v4_flash,TSM,compute,-8,0.014952192438102863,False
v4_flash,TSM,compute,-7,0.012031700037551829,False
v4_flash,TSM,compute,-6,0.0177412178914782,False
v4_flash,TSM,compute,-5,-0.0007463687204598557,False
v4_flash,TSM,compute,-4,-0.00842434453507046,False
v4_flash,TSM,compute,-3,-0.015791704057633638,False
v4_flash,TSM,compute,-2,-0.041217616295698534,False
v4_flash,TSM,compute,-1,0.0,False
v4_flash,TSM,compute,0,-0.00414649272876666,False
v4_flash,TSM,compute,1,-0.016962020146601198,False
v4_flash,TSM,compute,2,-0.023496012537423283,False
v4_flash,TSM,compute,3,-0.022033874725467584,False
v4_flash,TSM,compute,4,-0.008238832769818849,False
v4_flash,TSM,compute,5,-0.015506492848953002,False
v4_flash,TSM,compute,6,-0.01625930586986879,False
v4_flash,TSM,compute,7,-0.004354354862757148,False
v4_flash,TSM,compute,8,0.005023832765859382,False
v4_flash,TSM,compute,9,-0.0033577781363636205,False
v4_flash,TSM,compute,10,-0.011654307350196902,False
v4_flash,TSM,compute,11,0.0007663531065915663,False
v4_flash,TSM,compute,12,-0.02375275540550792,False
v4_flash,TSM,compute,13,-0.026576154971399646,False
v4_flash,2330.TW,compute,-10,-0.028490958552027656,False
v4_flash,2330.TW,compute,-9,-0.010269568558806341,False
v4_flash,2330.TW,compute,-8,-0.013358382131213098,False
v4_flash,2330.TW,compute,-7,-0.030831637922130284,False
v4_flash,2330.TW,compute,-6,-0.029308640677303543,False
v4_flash,2330.TW,compute,-5,-0.025415753465996893,False
v4_flash,2330.TW,compute,-4,-0.024942648481567353,False
v4_flash,2330.TW,compute,-3,-0.007522402293740349,False
v4_flash,2330.TW,compute,-2,-0.004918033594292659,False
v4_flash,2330.TW,compute,-1,0.0,False
v4_flash,2330.TW,compute,0,0.018333468532581776,False
v4_flash,2330.TW,compute,1,-0.010773233930136072,False
v4_flash,2330.TW,compute,2,-0.03150232338962411,False
v4_flash,2330.TW,compute,3,-0.02396097340804282,False
v4_flash,2330.TW,compute,4,-0.03590402985732677,False
v4_flash,2330.TW,compute,5,-0.029937791863645202,False
v4_flash,2330.TW,compute,6,-0.04149460183289744,False
v4_flash,2330.TW,compute,7,-0.0394752329895427,False
v4_flash,2330.TW,compute,8,-0.03992703678115195,False
v4_flash,2330.TW,compute,9,-0.04267842471805938,False
v4_flash,2330.TW,compute,10,-0.05465818894545027,False
v4_flash,2330.TW,compute,11,-0.053581926127280965,False
v4_flash,2330.TW,compute,12,-0.04991505807895269,False
v4_flash,2330.TW,compute,13,-0.04950792768814072,False
v4_flash,SMH,compute,-10,0.015104270941888487,False
v4_flash,SMH,compute,-9,0.01817920126306838,False
v4_flash,SMH,compute,-8,0.04399453608732351,False
v4_flash,SMH,compute,-7,0.05394705970847635,False
v4_flash,SMH,compute,-6,0.06156267062945098,False
v4_flash,SMH,compute,-5,0.03953516187152495,False
v4_flash,SMH,compute,-4,0.0198425410005596,False
v4_flash,SMH,compute,-3,-0.00554666218408606,False
v4_flash,SMH,compute,-2,-0.034075186777481115,False
v4_flash,SMH,compute,-1,0.0,False
v4_flash,SMH,compute,0,-0.0034543765707573115,False
v4_flash,SMH,compute,1,-0.011781106584486167,False
v4_flash,SMH,compute,2,0.008789663259930691,False
v4_flash,SMH,compute,3,0.007385500075864471,False
v4_flash,SMH,compute,4,0.014206224579710991,False
v4_flash,SMH,compute,5,0.021991457781427748,False
v4_flash,SMH,compute,6,0.0019115990263633975,False
v4_flash,SMH,compute,7,0.011437120030196368,False
v4_flash,SMH,compute,8,0.024713995468434113,False
v4_flash,SMH,compute,9,0.02052346022383844,False
v4_flash,SMH,compute,10,0.019681284903754204,False
v4_flash,SMH,compute,11,0.031900458740770965,False
v4_flash,SMH,compute,12,0.007215624751711225,False
v4_flash,SMH,compute,13,-0.005094693614676515,False
v4_flash,MU,memory,-10,-0.04692169164629245,False
v4_flash,MU,memory,-9,-0.028710097323296324,False
v4_flash,MU,memory,-8,0.06779249136164367,False
v4_flash,MU,memory,-7,0.0611619315849401,False
v4_flash,MU,memory,-6,0.11185346161113152,False
v4_flash,MU,memory,-5,0.0505762491621331,False
v4_flash,MU,memory,-4,0.03087596594077091,False
v4_flash,MU,memory,-3,-0.0520232505387197,False
v4_flash,MU,memory,-2,-0.13609508748500065,False
v4_flash,MU,memory,-1,0.0,False
v4_flash,MU,memory,0,-0.06731702132761885,False
v4_flash,MU,memory,1,-0.07689265106735377,False
v4_flash,MU,memory,2,-0.036902622502629434,False
v4_flash,MU,memory,3,-0.027230239370516607,False
v4_flash,MU,memory,4,-0.03673743158543985,False
v4_flash,MU,memory,5,-0.05282944320123839,False
v4_flash,MU,memory,6,-0.06889972488702512,False
v4_flash,MU,memory,7,-0.05684091474445552,False
v4_flash,MU,memory,8,-0.0160512249361231,False
v4_flash,MU,memory,9,0.013871471204399022,False
v4_flash,MU,memory,10,0.037961276781163455,False
v4_flash,MU,memory,11,0.0800349341618185,False
v4_flash,MU,memory,12,0.024365750992943802,False
v4_flash,MU,memory,13,0.01750645499186554,False
v4_flash,000660.KS,memory,-10,0.1333746840194543,False
v4_flash,000660.KS,memory,-9,0.13575203327130403,False
v4_flash,000660.KS,memory,-8,0.14082071323032608,False
v4_flash,000660.KS,memory,-7,0.13020182347712783,False
v4_flash,000660.KS,memory,-6,0.13461774287449835,False
v4_flash,000660.KS,memory,-5,0.10650910778836575,False
v4_flash,000660.KS,memory,-4,0.12871249109210936,False
v4_flash,000660.KS,memory,-3,0.08503006201951457,False
v4_flash,000660.KS,memory,-2,0.045660264401568895,False
v4_flash,000660.KS,memory,-1,0.0,False
v4_flash,000660.KS,memory,0,0.0972509816265621,False
v4_flash,000660.KS,memory,1,0.05786038331015675,False
v4_flash,000660.KS,memory,2,0.048131212912910115,False
v4_flash,000660.KS,memory,3,0.06728956657614482,False
v4_flash,000660.KS,memory,4,0.004621565408749362,False
v4_flash,000660.KS,memory,5,-0.03944914689331824,False
v4_flash,000660.KS,memory,6,-0.04736861184750829,False
v4_flash,000660.KS,memory,7,-0.051108575409198664,False
v4_flash,000660.KS,memory,8,-0.03329041341707928,False
v4_flash,000660.KS,memory,9,-0.010793196250205028,False
v4_flash,000660.KS,memory,10,-0.0025431466315755102,False
v4_flash,000660.KS,memory,11,0.02335252943169408,False
v4_flash,000660.KS,memory,12,0.02335252943169408,False
v4_flash,005930.KS,memory,-10,0.010213239508889416,False
v4_flash,005930.KS,memory,-9,0.011763249144030041,False
v4_flash,005930.KS,memory,-8,0.0364864308956907,False
v4_flash,005930.KS,memory,-7,0.03491566598134632,False
v4_flash,005930.KS,memory,-6,0.027662433011434118,False
v4_flash,005930.KS,memory,-5,0.007649505388643618,False
v4_flash,005930.KS,memory,-4,0.015837426095670182,False
v4_flash,005930.KS,memory,-3,-0.013170374395153672,False
v4_flash,005930.KS,memory,-2,-0.005160013550318254,False
v4_flash,005930.KS,memory,-1,0.0,False
v4_flash,005930.KS,memory,0,0.07276818826030151,False
v4_flash,005930.KS,memory,1,0.033677784951366974,False
v4_flash,005930.KS,memory,2,0.01967277643812615,False
v4_flash,005930.KS,memory,3,0.007422746736077457,False
v4_flash,005930.KS,memory,4,-0.010826830833071455,False
v4_flash,005930.KS,memory,5,-0.0026688195884485566,False
v4_flash,005930.KS,memory,6,-0.013519226373356119,False
v4_flash,005930.KS,memory,7,0.01969997588528294,False
v4_flash,005930.KS,memory,8,0.04823071886315766,False
v4_flash,005930.KS,memory,9,0.0610017014968669,False
v4_flash,005930.KS,memory,10,0.06109467826479964,False
v4_flash,005930.KS,memory,11,0.05460869511148303,False
v4_flash,005930.KS,memory,12,0.05460869511148303,False
v4_flash,SNDK,memory,-10,0.03975297853444193,False
v4_flash,SNDK,memory,-9,0.06502206341516015,False
v4_flash,SNDK,memory,-8,0.1800144222828255,False
v4_flash,SNDK,memory,-7,0.19132418003183282,False
v4_flash,SNDK,memory,-6,0.21738190900958365,False
v4_flash,SNDK,memory,-5,0.11442830926824765,False
v4_flash,SNDK,memory,-4,0.0007416964926862946,False
v4_flash,SNDK,memory,-3,-0.14320894442359489,False
v4_flash,SNDK,memory,-2,-0.1986215066484993,False
v4_flash,SNDK,memory,-1,0.0,False
v4_flash,SNDK,memory,0,-0.05869918402094676,False
v4_flash,SNDK,memory,1,-0.017595406828982085,False
v4_flash,SNDK,memory,2,0.05189555536499757,False
v4_flash,SNDK,memory,3,0.0054517397311864,False
v4_flash,SNDK,memory,4,-0.06133788852669486,False
v4_flash,SNDK,memory,5,-0.11053465625782177,False
v4_flash,SNDK,memory,6,-0.08655523020942812,False
v4_flash,SNDK,memory,7,-0.056781770118784713,False
v4_flash,SNDK,memory,8,-0.008039945451847608,False
v4_flash,SNDK,memory,9,0.10862651188172023,False
v4_flash,SNDK,memory,10,0.18133460041027671,False
v4_flash,SNDK,memory,11,0.26805884162031823,False
v4_flash,SNDK,memory,12,0.19067181180444148,False
v4_flash,SNDK,memory,13,0.16788756324454557,False
v4_flash,AMAT,wfe,-10,0.037006626002997756,False
v4_flash,AMAT,wfe,-9,0.028452834082557388,False
v4_flash,AMAT,wfe,-8,0.08137372385179376,False
v4_flash,AMAT,wfe,-7,0.06748410527200921,False
v4_flash,AMAT,wfe,-6,0.10255408436194013,False
v4_flash,AMAT,wfe,-5,0.06546434342094809,False
v4_flash,AMAT,wfe,-4,0.03178248901076852,False
v4_flash,AMAT,wfe,-3,-0.03989661973905445,False
v4_flash,AMAT,wfe,-2,-0.10702577604640773,False
v4_flash,AMAT,wfe,-1,0.0,False
v4_flash,AMAT,wfe,0,0.005215330938378671,False
v4_flash,AMAT,wfe,1,0.00835823045005668,False
v4_flash,AMAT,wfe,2,0.02832766189241731,False
v4_flash,AMAT,wfe,3,0.014508974846044964,False
v4_flash,AMAT,wfe,4,0.005475929439172411,False
v4_flash,AMAT,wfe,5,0.015682512063176723,False
v4_flash,AMAT,wfe,6,-0.013403408909538506,False
v4_flash,AMAT,wfe,7,-0.0033787026262723785,False
v4_flash,AMAT,wfe,8,0.03133002096448667,False
v4_flash,AMAT,wfe,9,-0.005311661909901844,False
v4_flash,AMAT,wfe,10,-0.05648530564521348,False
v4_flash,AMAT,wfe,11,-0.0008624525801250726,False
v4_flash,AMAT,wfe,12,-0.023763819364747363,False
v4_flash,AMAT,wfe,13,-0.06285364372033442,False
v4_flash,LRCX,wfe,-10,0.03392091832792765,False
v4_flash,LRCX,wfe,-9,0.01177619165132704,False
v4_flash,LRCX,wfe,-8,0.04188471127555893,False
v4_flash,LRCX,wfe,-7,0.03855204550333635,False
v4_flash,LRCX,wfe,-6,0.05925141023478098,False
v4_flash,LRCX,wfe,-5,0.02385228333842715,False
v4_flash,LRCX,wfe,-4,-0.018642008492260942,False
v4_flash,LRCX,wfe,-3,-0.08731558605030454,False
v4_flash,LRCX,wfe,-2,-0.13289421434039816,False
v4_flash,LRCX,wfe,-1,0.0,False
v4_flash,LRCX,wfe,0,-0.022387123242002538,False
v4_flash,LRCX,wfe,1,-0.03438160551575198,False
v4_flash,LRCX,wfe,2,0.007795589613086129,False
v4_flash,LRCX,wfe,3,-0.016132874710949707,False
v4_flash,LRCX,wfe,4,-0.017813460172592777,False
v4_flash,LRCX,wfe,5,-0.011386717743754105,False
v4_flash,LRCX,wfe,6,-0.02442105424858454,False
v4_flash,LRCX,wfe,7,-0.0048394100562223485,False
v4_flash,LRCX,wfe,8,0.034004081034667344,False
v4_flash,LRCX,wfe,9,0.05538282159839003,False
v4_flash,LRCX,wfe,10,0.04285578723303107,False
v4_flash,LRCX,wfe,11,0.07845632976924932,False
v4_flash,LRCX,wfe,12,0.04812915564279674,False
v4_flash,LRCX,wfe,13,-4.093571419261366e-05,False
v4_flash,ASML,wfe,-10,0.03820510963475332,False
v4_flash,ASML,wfe,-9,0.03224558580267267,False
v4_flash,ASML,wfe,-8,0.049171749818079036,False
v4_flash,ASML,wfe,-7,0.05448505101252543,False
v4_flash,ASML,wfe,-6,0.07428345958298621,False
v4_flash,ASML,wfe,-5,0.05972463475309464,False
v4_flash,ASML,wfe,-4,0.003112264984730828,False
v4_flash,ASML,wfe,-3,-0.030495985607871035,False
v4_flash,ASML,wfe,-2,-0.030505443440304703,False
v4_flash,ASML,wfe,-1,0.0,False
v4_flash,ASML,wfe,0,-0.020155769709734983,False
v4_flash,ASML,wfe,1,-0.029296491332299723,False
v4_flash,ASML,wfe,2,-0.02133393357635338,False
v4_flash,ASML,wfe,3,-0.03210826623804852,False
v4_flash,ASML,wfe,4,-0.012945218975631612,False
v4_flash,ASML,wfe,5,-0.003344654838588923,False
v4_flash,ASML,wfe,6,-0.00467568224571302,False
v4_flash,ASML,wfe,7,0.03599822259058527,False
v4_flash,ASML,wfe,8,0.03464071956996495,False
v4_flash,ASML,wfe,9,0.04382591402363545,False
v4_flash,ASML,wfe,10,0.04312344931314893,False
v4_flash,ASML,wfe,11,0.06571573316275092,False
v4_flash,ASML,wfe,12,0.03930613169408925,False
v4_flash,ASML,wfe,13,0.016069155998342133,False
v4_flash,VST,power,-10,0.027780351825046345,False
v4_flash,VST,power,-9,0.04300302329064909,False
v4_flash,VST,power,-8,0.05172524905063547,False
v4_flash,VST,power,-7,0.08364875566387298,False
v4_flash,VST,power,-6,0.11615926585260272,False
v4_flash,VST,power,-5,0.0936918245788787,False
v4_flash,VST,power,-4,0.057456761724949956,False
v4_flash,VST,power,-3,0.011996040619447257,False
v4_flash,VST,power,-2,-0.007435421227117267,False
v4_flash,VST,power,-1,0.0,False
v4_flash,VST,power,0,-0.00937192942790066,False
v4_flash,VST,power,1,0.024198101676390138,False
v4_flash,VST,power,2,-0.09422534626484591,False
v4_flash,VST,power,3,-0.1038103026968642,False
v4_flash,VST,power,4,-0.09443450259304687,False
v4_flash,VST,power,5,-0.11169581990503641,False
v4_flash,VST,power,6,-0.09261660877757283,False
v4_flash,VST,power,7,-0.0750071686293241,False
v4_flash,VST,power,8,-0.07021655682506722,False
v4_flash,VST,power,9,-0.08362647932804723,False
v4_flash,VST,power,10,-0.07051181621585556,False
v4_flash,VST,power,11,-0.08259955389609264,False
v4_flash,VST,power,12,-0.10452993198231209,False
v4_flash,VST,power,13,-0.10782329682540226,False
v4_flash,CEG,power,-10,-0.0603922945096258,False
v4_flash,CEG,power,-9,-0.05705328248033936,False
v4_flash,CEG,power,-8,-0.04161049837539288,False
v4_flash,CEG,power,-7,0.010732065364948973,False
v4_flash,CEG,power,-6,0.03244119329941775,False
v4_flash,CEG,power,-5,0.03912942490790794,False
v4_flash,CEG,power,-4,0.026235111811613088,False
v4_flash,CEG,power,-3,-0.002430488001455622,False
v4_flash,CEG,power,-2,0.010926959606920583,False
v4_flash,CEG,power,-1,0.0,False
v4_flash,CEG,power,0,-0.009552496963540769,False
v4_flash,CEG,power,1,0.013907587977530333,False
v4_flash,CEG,power,2,-0.04338078550482205,False
v4_flash,CEG,power,3,-0.042292805905419506,False
v4_flash,CEG,power,4,-0.05387066381192884,False
v4_flash,CEG,power,5,-0.03241743862380275,False
v4_flash,CEG,power,6,-0.02742673947737373,False
v4_flash,CEG,power,7,0.00483785008496973,False
v4_flash,CEG,power,8,-0.001294011081866664,False
v4_flash,CEG,power,9,-0.012936666572555211,False
v4_flash,CEG,power,10,0.0021881434043207193,False
v4_flash,CEG,power,11,-0.011507317665757633,False
v4_flash,CEG,power,12,-0.034620355804691805,False
v4_flash,CEG,power,13,-0.014859669725252544,False
v4_flash,VRT,power,-10,0.22412549352692057,False
v4_flash,VRT,power,-9,0.23033676235385236,False
v4_flash,VRT,power,-8,0.2550074660819792,False
v4_flash,VRT,power,-7,0.24909714836282593,False
v4_flash,VRT,power,-6,0.277780667698142,False
v4_flash,VRT,power,-5,0.2429769422303112,False
v4_flash,VRT,power,-4,0.23651460891141607,False
v4_flash,VRT,power,-3,0.18150220216514512,False
v4_flash,VRT,power,-2,0.012643059358031117,False
v4_flash,VRT,power,-1,0.0,False
v4_flash,VRT,power,0,0.05353457786361382,False
v4_flash,VRT,power,1,0.12131329139391944,False
v4_flash,VRT,power,2,0.11372803424858002,False
v4_flash,VRT,power,3,0.15206067585671867,False
v4_flash,VRT,power,4,0.145745740898362,False
v4_flash,VRT,power,5,0.12397034640418436,False
v4_flash,VRT,power,6,0.11848302440176095,False
v4_flash,VRT,power,7,0.1642864957947605,False
v4_flash,VRT,power,8,0.17998224012634356,False
v4_flash,VRT,power,9,0.16399951629238174,False
v4_flash,VRT,power,10,0.18867571475961142,False
v4_flash,VRT,power,11,0.18550841747238245,False
v4_flash,VRT,power,12,0.13214807537397366,False
v4_flash,VRT,power,13,0.09393669858948339,False
v4_flash,GEV,power,-10,0.0573266292035326,False
v4_flash,GEV,power,-9,0.07624982909903633,False
v4_flash,GEV,power,-8,0.05752961075910612,False
v4_flash,GEV,power,-7,-0.028293104743533526,False
v4_flash,GEV,power,-6,0.036669381944677504,False
v4_flash,GEV,power,-5,0.03183233271428687,False
v4_flash,GEV,power,-4,0.016842668970331154,False
v4_flash,GEV,power,-3,-0.02824029623737534,False
v4_flash,GEV,power,-2,-0.05442286278776454,False
v4_flash,GEV,power,-1,0.0,False
v4_flash,GEV,power,0,0.001952385449583538,False
v4_flash,GEV,power,1,0.001041068690084579,False
v4_flash,GEV,power,2,-0.020739568932942376,False
v4_flash,GEV,power,3,-0.01220935406063628,False
v4_flash,GEV,power,4,-0.0260088578685318,False
v4_flash,GEV,power,5,-0.04769375811298193,False
v4_flash,GEV,power,6,-0.04416680628796499,False
v4_flash,GEV,power,7,-0.019801993237930304,False
v4_flash,GEV,power,8,0.00023176526498414063,False
v4_flash,GEV,power,9,-0.002154329491787621,False
v4_flash,GEV,power,10,0.012305176577260823,False
v4_flash,GEV,power,11,0.028652402717061598,False
v4_flash,GEV,power,12,-0.025782952989671593,False
v4_flash,GEV,power,13,-0.049032382335696845,False
v4_flash,MSFT,model,-10,-0.15288187630531702,False
v4_flash,MSFT,model,-9,-0.1326518866171691,False
v4_flash,MSFT,model,-8,-0.16237877340371565,False
v4_flash,MSFT,model,-7,-0.17606522351153675,False
v4_flash,MSFT,model,-6,-0.1795969595485971,False
v4_flash,MSFT,model,-5,-0.16804836755886132,False
v4_flash,MSFT,model,-4,-0.14575846203460507,False
v4_flash,MSFT,model,-3,-0.1251277921174987,False
v4_flash,MSFT,model,-2,-0.11171643897402639,False
v4_flash,MSFT,model,-1,0.0,False
v4_flash,MSFT,model,0,0.023271518136536606,False
v4_flash,MSFT,model,1,0.05402831297105326,False
v4_flash,MSFT,model,2,0.0311502749702548,False
v4_flash,MSFT,model,3,0.029324802720688048,False
v4_flash,MSFT,model,4,0.05814581396747531,False
v4_flash,MSFT,model,5,0.04674805367218138,False
v4_flash,MSFT,model,6,0.06180715596082553,False
v4_flash,MSFT,model,7,0.060713807931186636,False
v4_flash,MSFT,model,8,0.030586075492576192,False
v4_flash,MSFT,model,9,0.02808314084375141,False
v4_flash,MSFT,model,10,0.026467010892377907,False
v4_flash,MSFT,model,11,-0.002740681264953082,False
v4_flash,MSFT,model,12,0.017000026697177262,False
v4_flash,MSFT,model,13,0.020411620462674307,False
v4_flash,GOOGL,model,-10,0.021452393813716775,False
v4_flash,GOOGL,model,-9,0.03534414546831055,False
v4_flash,GOOGL,model,-8,0.003121041537432312,False
v4_flash,GOOGL,model,-7,-0.006442982158931798,False
v4_flash,GOOGL,model,-6,-0.061274842886879455,False
v4_flash,GOOGL,model,-5,-0.043608687754844055,False
v4_flash,GOOGL,model,-4,-0.019414629584407095,False
v4_flash,GOOGL,model,-3,0.012011254870793131,False
v4_flash,GOOGL,model,-2,0.041541679253406905,False
v4_flash,GOOGL,model,-1,0.0,False
v4_flash,GOOGL,model,0,0.05869882481136468,False
v4_flash,GOOGL,model,1,0.08894173073248002,False
v4_flash,GOOGL,model,2,0.06656093684225795,False
v4_flash,GOOGL,model,3,0.03451445299319289,False
v4_flash,GOOGL,model,4,0.025218739035786975,False
v4_flash,GOOGL,model,5,0.00387048894066222,False
v4_flash,GOOGL,model,6,0.015909731889778733,False
v4_flash,GOOGL,model,7,-0.019858806106838323,False
v4_flash,GOOGL,model,8,-0.027896113540967882,False
v4_flash,GOOGL,model,9,-0.031220226405618945,False
v4_flash,GOOGL,model,10,-0.0311822590031543,False
v4_flash,GOOGL,model,11,-0.035047504912150806,False
v4_flash,GOOGL,model,12,-0.017386712070329935,False
v4_flash,GOOGL,model,13,-0.016467730199965835,False
v4_flash,ORCL,model,-10,-0.026142990600601657,False
v4_flash,ORCL,model,-9,-0.06779679671102201,False
v4_flash,ORCL,model,-8,-0.040519471893241565,False
v4_flash,ORCL,model,-7,-0.044969903741974626,False
v4_flash,ORCL,model,-6,-0.07299018851685002,False
v4_flash,ORCL,model,-5,-0.10473597486563424,False
v4_flash,ORCL,model,-4,-0.05983454800955634,False
v4_flash,ORCL,model,-3,-0.04956702721857109,False
v4_flash,ORCL,model,-2,-0.04766583726758444,False
v4_flash,ORCL,model,-1,0.0,False
v4_flash,ORCL,model,0,0.011472589291879665,False
v4_flash,ORCL,model,1,0.0823028292940915,False
v4_flash,ORCL,model,2,0.07595306057882212,False
v4_flash,ORCL,model,3,0.0757367871587995,False
v4_flash,ORCL,model,4,0.07304598161846787,False
v4_flash,ORCL,model,5,0.08583087093004504,False
v4_flash,ORCL,model,6,0.11586508443068055,False
v4_flash,ORCL,model,7,0.08165542560189198,False
v4_flash,ORCL,model,8,0.12660231303619796,False
v4_flash,ORCL,model,9,0.1341020957039749,False
v4_flash,ORCL,model,10,0.09829973520947188,False
v4_flash,ORCL,model,11,0.07389528991882255,False
v4_flash,ORCL,model,12,0.06430103951085009,False
v4_flash,ORCL,model,13,0.05594068637230265,False
v4_flash,PLTR,model,-10,0.06243988042658799,False
v4_flash,PLTR,model,-9,0.07987708128563753,False
v4_flash,PLTR,model,-8,0.04512616695224114,False
v4_flash,PLTR,model,-7,-0.012676448013363206,False
v4_flash,PLTR,model,-6,-0.003190343440379273,False
v4_flash,PLTR,model,-5,0.004389478946447589,False
v4_flash,PLTR,model,-4,0.07517921135975492,False
v4_flash,PLTR,model,-3,0.02219553912859773,False
v4_flash,PLTR,model,-2,0.03847661357749477,False
v4_flash,PLTR,model,-1,0.0,False
v4_flash,PLTR,model,0,4.757916991682265e-05,False
v4_flash,PLTR,model,1,0.0034697820739104657,False
v4_flash,PLTR,model,2,0.2282278468268233,False
v4_flash,PLTR,model,3,0.2109685094888789,False
v4_flash,PLTR,model,4,0.19869994338465258,False
v4_flash,PLTR,model,5,0.28525167357600445,False
v4_flash,PLTR,model,6,0.3067904096618337,False
v4_flash,PLTR,model,7,0.3084967877276714,False
v4_flash,PLTR,model,8,0.27867029573021096,False
v4_flash,PLTR,model,9,0.3127153381527217,False
v4_flash,PLTR,model,10,0.28592574130461745,False
v4_flash,PLTR,model,11,0.27897048427435855,False
v4_flash,PLTR,model,12,0.29017938444045743,False
v4_flash,PLTR,model,13,0.3067044928543359,False
v4_flash,9984.T,model,-10,0.17716964434157845,False
v4_flash,9984.T,model,-9,0.1239142307376202,False
v4_flash,9984.T,model,-8,0.15037354500790379,False
v4_flash,9984.T,model,-7,0.14375395654415257,False
v4_flash,9984.T,model,-6,0.17612752350267336,False
v4_flash,9984.T,model,-5,0.13052747297420986,False
v4_flash,9984.T,model,-4,0.09437707546772245,False
v4_flash,9984.T,model,-3,0.08942305187027522,False
v4_flash,9984.T,model,-2,0.03244789353036914,False
v4_flash,9984.T,model,-1,0.0,False
v4_flash,9984.T,model,0,0.08977367951360726,False
v4_flash,9984.T,model,1,0.12422215009979531,False
v4_flash,9984.T,model,2,0.08997585995050095,False
v4_flash,9984.T,model,3,0.18470471139431233,False
v4_flash,9984.T,model,4,0.148910884765165,False
v4_flash,9984.T,model,5,0.12464658467694356,False
v4_flash,9984.T,model,6,0.09175309046213798,False
v4_flash,9984.T,model,7,0.09006019752009564,False
v4_flash,9984.T,model,8,0.08842308817871469,False
v4_flash,9984.T,model,9,0.1115013252529522,False
v4_flash,9984.T,model,10,0.12944955300430827,False
v4_flash,9984.T,model,11,0.14563775358225328,False
v4_flash,9984.T,model,12,0.14563775358225328,False
v4_flash,9988.HK,china,-10,0.058573895770463125,False
v4_flash,9988.HK,china,-9,0.07182405653202739,False
v4_flash,9988.HK,china,-8,0.07396300604255757,False
v4_flash,9988.HK,china,-7,0.05405301316978228,False
v4_flash,9988.HK,china,-6,0.052731813141926764,False
v4_flash,9988.HK,china,-5,0.019018912324667347,False
v4_flash,9988.HK,china,-4,0.018343846629480076,False
v4_flash,9988.HK,china,-3,0.023208236661280246,False
v4_flash,9988.HK,china,-2,0.017944581808159832,False
v4_flash,9988.HK,china,-1,0.0,False
v4_flash,9988.HK,china,0,0.044474824724426654,False
v4_flash,9988.HK,china,1,0.10739691561859566,False
v4_flash,9988.HK,china,2,0.11821232508100366,False
v4_flash,9988.HK,china,3,0.13390015893360818,False
v4_flash,9988.HK,china,4,0.11957952891934198,False
v4_flash,9988.HK,china,5,0.10936367112619916,False
v4_flash,9988.HK,china,6,0.12207514924579232,False
v4_flash,9988.HK,china,7,0.1307404819985738,False
v4_flash,9988.HK,china,8,0.10854010077752285,False
v4_flash,9988.HK,china,9,0.10453180271410112,False
v4_flash,9988.HK,china,10,0.0990616621542193,False
v4_flash,9988.HK,china,11,0.10475886037383741,False
v4_flash,9988.HK,china,12,0.1402181162643279,False
v4_flash,9988.HK,china,13,0.11935054002104639,False
v4_flash,3067.HK,china,-10,0.011710070828450547,False
v4_flash,3067.HK,china,-9,0.015169132198567858,False
v4_flash,3067.HK,china,-8,0.029486295145655816,False
v4_flash,3067.HK,china,-7,0.009064570222935497,False
v4_flash,3067.HK,china,-6,0.001427889611687494,False
v4_flash,3067.HK,china,-5,-0.003457911664877855,False
v4_flash,3067.HK,china,-4,0.002076854504951875,False
v4_flash,3067.HK,china,-3,0.004513532119446495,False
v4_flash,3067.HK,china,-2,0.011786242209044673,False
v4_flash,3067.HK,china,-1,0.0,False
v4_flash,3067.HK,china,0,0.0039312519783223365,False
v4_flash,3067.HK,china,1,0.007908271375396847,False
v4_flash,3067.HK,china,2,0.015886426305678825,False
v4_flash,3067.HK,china,3,0.0231182278482569,False
v4_flash,3067.HK,china,4,0.01672593344498985,False
v4_flash,3067.HK,china,5,0.01722143948089716,False
v4_flash,3067.HK,china,6,0.02228241146901322,False
v4_flash,3067.HK,china,7,0.013900245801002242,False
v4_flash,3067.HK,china,8,0.01038990079206803,False
v4_flash,3067.HK,china,9,0.015079308779344824,False
v4_flash,3067.HK,china,10,0.00919412184429369,False
v4_flash,3067.HK,china,11,0.0118588562225872,False
v4_flash,3067.HK,china,12,-0.010091082975888455,False
v4_flash,0981.HK,china,-10,0.13939553142924854,False
v4_flash,0981.HK,china,-9,0.14585558368380003,False
v4_flash,0981.HK,china,-8,0.2254989304722681,False
v4_flash,0981.HK,china,-7,0.2000353832329882,False
v4_flash,0981.HK,china,-6,0.15739935450299125,False
v4_flash,0981.HK,china,-5,0.1757130720417548,False
v4_flash,0981.HK,china,-4,0.15612897901789058,False
v4_flash,0981.HK,china,-3,0.12984127703011428,False
v4_flash,0981.HK,china,-2,0.08251149404167002,False
v4_flash,0981.HK,china,-1,0.0,False
v4_flash,0981.HK,china,0,0.018973220506787847,False
v4_flash,0981.HK,china,1,-0.0025833036888105454,False
v4_flash,0981.HK,china,2,0.05208824254515232,False
v4_flash,0981.HK,china,3,0.09017381053302387,False
v4_flash,0981.HK,china,4,0.06541195604174188,False
v4_flash,0981.HK,china,5,0.08347247914001965,False
v4_flash,0981.HK,china,6,0.06251070582157414,False
v4_flash,0981.HK,china,7,0.059858274203285156,False
v4_flash,0981.HK,china,8,0.099835333251308,False
v4_flash,0981.HK,china,9,0.10377606626586822,False
v4_flash,0981.HK,china,10,0.16183983417057313,False
v4_flash,0981.HK,china,11,0.2081631780857256,False
v4_flash,0981.HK,china,12,0.2167309416736911,False
v4_flash,0981.HK,china,13,0.1774940392138662,False
v4_flash,2513.HK,china,-10,0.30159744367871966,False
v4_flash,2513.HK,china,-9,0.060600380093440265,False
v4_flash,2513.HK,china,-8,0.37503151807995927,False
v4_flash,2513.HK,china,-7,0.34784926424691065,False
v4_flash,2513.HK,china,-6,0.3317392959587604,False
v4_flash,2513.HK,china,-5,0.3964392362786251,False
v4_flash,2513.HK,china,-4,0.4216662645677669,False
v4_flash,2513.HK,china,-3,0.2110629050333852,False
v4_flash,2513.HK,china,-2,0.18293987542666734,False
v4_flash,2513.HK,china,-1,0.0,False
v4_flash,2513.HK,china,0,0.13493370405583427,False
v4_flash,2513.HK,china,1,0.08082067394559633,False
v4_flash,2513.HK,china,2,0.15868088374504907,False
v4_flash,2513.HK,china,3,0.18648228835328506,False
v4_flash,2513.HK,china,4,0.24471054082345223,False
v4_flash,2513.HK,china,5,0.37584630292627974,False
v4_flash,2513.HK,china,6,0.3702069550191158,False
v4_flash,2513.HK,china,7,0.3321331531931726,False
v4_flash,2513.HK,china,8,0.3537907855700535,False
v4_flash,2513.HK,china,9,0.44189877280657885,False
v4_flash,2513.HK,china,10,0.4166320842010123,False
v4_flash,2513.HK,china,11,0.3491298719383762,False
v4_flash,2513.HK,china,12,0.2057088253783803,False
v4_flash,2513.HK,china,13,0.17459756229428525,False
