Date,excess_return,ticker
2024-01-02,,NVDA
2024-01-03,-0.0018755853020886448,NVDA
2024-01-04,0.014137806779278339,NVDA
2024-01-05,0.021453009176867877,NVDA
2024-01-08,0.04184227307017396,NVDA
2024-01-09,0.01485901694965941,NVDA
2024-01-10,0.01575991117193709,NVDA
2024-01-11,0.006568578556446436,NVDA
2024-01-12,-0.0025579339466252904,NVDA
2024-01-16,0.03020109000371285,NVDA
2024-01-17,-0.0001954637745482657,NVDA
2024-01-18,0.004534401875921468,NVDA
2024-01-19,0.021261527094047494,NVDA
2024-01-22,0.00143115753946077,NVDA
2024-01-23,-0.00047658521492088823,NVDA
2024-01-24,0.01903141277456033,NVDA
2024-01-25,0.002926334301640132,NVDA
2024-01-26,-0.0035802854267537043,NVDA
2024-01-29,0.013036011412014936,NVDA
2024-01-30,0.011613201317383748,NVDA
2024-01-31,-0.0002841091406544649,NVDA
2024-02-01,0.012380224800685902,NVDA
2024-02-02,0.03175361852074854,NVDA
2024-02-05,0.048136736556745774,NVDA
2024-02-06,-0.014115489584347607,NVDA
2024-02-07,0.016889030235671676,NVDA
2024-02-08,-0.008405297731277628,NVDA
2024-02-09,0.025363694195911002,NVDA
2024-02-12,0.005512964699524225,NVDA
2024-02-13,0.014057715307749241,NVDA
2024-02-14,0.013432145915851734,NVDA
2024-02-15,-0.019922893128040187,NVDA
2024-02-16,0.008489611453352808,NVDA
2024-02-20,-0.036931143560957835,NVDA
2024-02-21,-0.024913456031483427,NVDA
2024-02-22,0.12301442937945506,NVDA
2024-02-23,0.006495150966857821,NVDA
2024-02-26,0.004009870911660052,NVDA
2024-02-27,-0.007358446681441144,NVDA
2024-02-28,-0.007938093706527205,NVDA
2024-02-29,0.009952987047977757,NVDA
2024-03-01,0.024306489724435387,NVDA
2024-03-04,0.03889408903757996,NVDA
2024-03-05,0.02665273648388844,NVDA
2024-03-06,0.025067226179243285,NVDA
2024-03-07,0.0287100035370349,NVDA
2024-03-08,-0.04253505807167457,NVDA
2024-03-11,-0.016523264523208958,NVDA
2024-03-12,0.0548935198040601,NVDA
2024-03-13,-0.0034989139711871786,NVDA
2024-03-14,-0.03040332099884857,NVDA
2024-03-15,0.010740776585861589,NVDA
2024-03-18,-0.0024811145912391197,NVDA
2024-03-19,0.008115839357087928,NVDA
2024-03-20,-0.0009506565044050674,NVDA
2024-03-21,0.006972494439385635,NVDA
2024-03-22,0.029593164219964052,NVDA
2024-03-25,0.011169363540500576,NVDA
2024-03-26,-0.02278724605963145,NVDA
2024-03-27,-0.028684577788080645,NVDA
2024-03-28,0.003018910856490642,NVDA
2024-04-01,-0.0020372958619576664,NVDA
2024-04-02,-0.0014651840274266803,NVDA
2024-04-03,-0.007712009122982977,NVDA
2024-04-04,-0.019581031354072742,NVDA
2024-04-05,0.012470692127882543,NVDA
2024-04-08,-0.010287230310530582,NVDA
2024-04-09,-0.024321298442687045,NVDA
2024-04-10,0.028316044560706466,NVDA
2024-04-11,0.024432371066089864,NVDA
2024-04-12,-0.011112124274040625,NVDA
2024-04-15,-0.00850171414043377,NVDA
2024-04-16,0.01621537467893308,NVDA
2024-04-17,-0.02715720073145622,NVDA
2024-04-18,0.013262345328706182,NVDA
2024-04-19,-0.08450532222461327,NVDA
2024-04-22,0.032615433049491216,NVDA
2024-04-23,0.02106860520732745,NVDA
2024-04-24,-0.03726556058810271,NVDA
2024-04-25,0.04125769526106016,NVDA
2024-04-26,0.044610175436164745,NVDA
2024-04-29,-0.0038017640144030196,NVDA
2024-04-30,0.0034756061146605788,NVDA
2024-05-01,-0.03241968081635083,NVDA
2024-05-02,0.020200108599792266,NVDA
2024-05-03,0.014146495489501199,NVDA
2024-05-06,0.02615252327593698,NVDA
2024-05-07,-0.017521675450469232,NVDA
2024-05-08,-0.0009787574678084,NVDA
2024-05-09,-0.020766347828968357,NVDA
2024-05-10,0.010307887633717705,NVDA
2024-05-13,0.003475551049339387,NVDA
2024-05-14,0.004119082555979148,NVDA
2024-05-15,0.01970103575389892,NVDA
2024-05-16,-0.0008343235733052623,NVDA
2024-05-17,-0.019638293834743692,NVDA
2024-05-20,0.017628457634010886,NVDA
2024-05-21,0.004418621902734898,NVDA
2024-05-22,-0.004383775949407642,NVDA
2024-05-23,0.09361465985869177,NVDA
2024-05-24,0.01598541254566932,NVDA
2024-05-28,0.06370512775186477,NVDA
2024-05-29,0.015152781916909497,NVDA
2024-05-30,-0.027622411948533987,NVDA
2024-05-31,-0.006014906122701724,NVDA
2024-06-03,0.04243847673181733,NVDA
2024-06-04,0.009685491730857088,NVDA
2024-06-05,0.03031158668196099,NVDA
2024-06-06,-0.011501856257295273,NVDA
2024-06-07,-2.4391230706299893e-05,NVDA
2024-06-10,0.003402812930318966,NVDA
2024-06-11,-0.014008964307091532,NVDA
2024-06-12,0.02185316979780083,NVDA
2024-06-13,0.029212028432062276,NVDA
2024-06-14,0.0121947292196678,NVDA
2024-06-17,-0.01902334669648109,NVDA
2024-06-18,0.034208070609829555,NVDA
2024-06-20,-0.028307463437104552,NVDA
2024-06-21,-0.03003821423463293,NVDA
2024-06-24,-0.05772925232180626,NVDA
2024-06-25,0.05400880528719565,NVDA
2024-06-26,0.0003925763102623492,NVDA
2024-06-27,-0.02182849472055093,NVDA
2024-06-28,0.0015684232556933964,NVDA
2024-07-01,0.0002851404553734227,NVDA
2024-07-02,-0.023645163280547443,NVDA
2024-07-03,0.03641509753687178,NVDA
2024-07-05,-0.02965651290944038,NVDA
2024-07-08,0.01628434565920145,NVDA
2024-07-09,0.023638345869209765,NVDA
2024-07-10,0.016141310688018606,NVDA
2024-07-11,-0.0351019299137576,NVDA
2024-07-12,0.008481710643292395,NVDA
2024-07-15,-0.008893617250586239,NVDA
2024-07-16,-0.016709564885909245,NVDA
2024-07-17,-0.038740767465689,NVDA
2024-07-18,0.030677899634426353,NVDA
2024-07-19,-0.0175396587603327,NVDA
2024-07-22,0.03168588939835981,NVDA
2024-07-23,-0.004188613088951243,NVDA
2024-07-24,-0.033927041700938965,NVDA
2024-07-25,-0.006304201496087458,NVDA
2024-07-26,-0.003281011414254742,NVDA
2024-07-29,-0.015093982907349535,NVDA
2024-07-30,-0.059213532056594964,NVDA
2024-07-31,0.09138915551236337,NVDA
2024-08-01,-0.04455238657934668,NVDA
2024-08-02,0.006097366994318065,NVDA
2024-08-05,-0.03541912413319359,NVDA
2024-08-06,0.027622054874621327,NVDA
2024-08-07,-0.04169271505463712,NVDA
2024-08-08,0.029332011817361447,NVDA
2024-08-09,-0.0073070084414181835,NVDA
2024-08-12,0.0378035563722845,NVDA
2024-08-13,0.03875516477193042,NVDA
2024-08-14,0.016241776995848944,NVDA
2024-08-15,0.014733742725497656,NVDA
2024-08-16,0.012617636206854854,NVDA
2024-08-19,0.029535949116281657,NVDA
2024-08-20,-0.019279870846533598,NVDA
2024-08-21,0.005121833694906819,NVDA
2024-08-22,-0.021764320639448442,NVDA
2024-08-23,0.0337067670102309,NVDA
2024-08-26,-0.012994774408088716,NVDA
2024-08-27,0.011462455296537222,NVDA
2024-08-28,-0.009777061761430339,NVDA
2024-08-29,-0.0645130833625398,NVDA
2024-08-30,0.0031749841112009847,NVDA
2024-09-03,-0.06926526744848704,NVDA
2024-09-04,-0.014110952363981966,NVDA
2024-09-05,0.008438062066824514,NVDA
2024-09-06,-0.014559813258846255,NVDA
2024-09-09,0.022008305166420605,NVDA
2024-09-10,0.005994203839968293,NVDA
2024-09-11,0.056864866378446344,NVDA
2024-09-12,0.009212094430726125,NVDA
2024-09-13,-0.0048058739463305855,NVDA
2024-09-16,-0.015243780774794047,NVDA
2024-09-17,-0.010770619484907762,NVDA
2024-09-18,-0.015053708899626983,NVDA
2024-09-19,0.013955700894507928,NVDA
2024-09-20,-0.01408693834508945,NVDA
2024-09-23,-0.0004083602326945268,NVDA
2024-09-24,0.03407450240578047,NVDA
2024-09-25,0.020679701829179997,NVDA
2024-09-26,-0.003202926819551699,NVDA
2024-09-27,-0.01594066559959373,NVDA
2024-09-30,-0.002378676267765556,NVDA
2024-10-01,-0.02321610943628727,NVDA
2024-10-02,0.01427633403464057,NVDA
2024-10-03,0.03384918111334745,NVDA
2024-10-04,0.004881592152705672,NVDA
2024-10-07,0.032936288156244053,NVDA
2024-10-08,0.02485700224491172,NVDA
2024-10-09,-0.009645220130722443,NVDA
2024-10-10,0.01728867904669862,NVDA
2024-10-11,-0.0016361145989227666,NVDA
2024-10-14,0.015612259405492601,NVDA
2024-10-15,-0.03453679838906698,NVDA
2024-10-16,0.03070442770181181,NVDA
2024-10-17,0.008183733095800783,NVDA
2024-10-18,0.0012503721590411132,NVDA
2024-10-21,0.03862441221120516,NVDA
2024-10-22,-0.0019249194072203935,NVDA
2024-10-23,-0.013024818056981857,NVDA
2024-10-24,-0.0020038327030196257,NVDA
2024-10-25,0.0019403209436168467,NVDA
2024-10-28,-0.007394103210410563,NVDA
2024-10-29,-0.004380790926306055,NVDA
2024-10-30,-0.006028262245626692,NVDA
2024-10-31,-0.02280702800929646,NVDA
2024-11-01,0.012318552027557494,NVDA
2024-11-04,0.007706579344650244,NVDA
2024-11-05,0.01530075298424638,NVDA
2024-11-06,0.013131443333826098,NVDA
2024-11-07,0.006587323951599444,NVDA
2024-11-08,-0.009599371274763513,NVDA
2024-11-11,-0.015600148772773714,NVDA
2024-11-12,0.02245608362516993,NVDA
2024-11-13,-0.012427994563508626,NVDA
2024-11-14,0.010318374777705586,NVDA
2024-11-15,-0.00899805170362189,NVDA
2024-11-18,-0.019896555357120427,NVDA
2024-11-19,0.04093126451016893,NVDA
2024-11-20,-0.007071575902913629,NVDA
2024-11-21,0.0017414790908123479,NVDA
2024-11-22,-0.034313061493730146,NVDA
2024-11-25,-0.04425338018447622,NVDA
2024-11-26,0.0012402440546930293,NVDA
2024-11-27,-0.0037022936202850687,NVDA
2024-11-29,0.012525072613347454,NVDA
2024-12-02,-0.008084174019382218,NVDA
2024-12-03,0.008627968609200565,NVDA
2024-12-04,0.021913752934982433,NVDA
2024-12-05,0.002292426448147644,NVDA
2024-12-06,-0.027136194477519915,NVDA
2024-12-09,-0.01799713541851755,NVDA
2024-12-10,-0.02389943499692304,NVDA
2024-12-11,0.013164584495941156,NVDA
2024-12-12,-0.007767604289157681,NVDA
2024-12-13,-0.030381011642931277,NVDA
2024-12-16,-0.03119981993340204,NVDA
2024-12-17,-0.007858365418093705,NVDA
2024-12-18,0.025328387514214512,NVDA
2024-12-19,0.018100150234311663,NVDA
2024-12-20,0.021604138388752858,NVDA
2024-12-23,0.026536583645696332,NVDA
2024-12-24,-0.009538539056695328,NVDA
2024-12-26,-0.001390516871160763,NVDA
2024-12-27,-0.007706325676017478,NVDA
2024-12-30,0.01688644688519325,NVDA
2024-12-31,-0.015018430448656694,NVDA
2025-01-02,0.03145369036310175,NVDA
2025-01-03,0.0273416570266658,NVDA
2025-01-06,0.022328932823334924,NVDA
2025-01-07,-0.046180793402462506,NVDA
2025-01-08,-0.00038863085270257614,NVDA
2025-01-10,-0.014629659994616517,NVDA
2025-01-13,-0.016696987992558476,NVDA
2025-01-14,-0.010145083858157378,NVDA
2025-01-15,0.010690430207988655,NVDA
2025-01-16,-0.012761588872794327,NVDA
2025-01-17,0.013786621907756924,NVDA
2025-01-21,0.01655562793165899,NVDA
2025-01-22,0.030650541229817918,NVDA
2025-01-23,-0.0011045273358254448,NVDA
2025-01-24,-0.026077109909659058,NVDA
2025-01-27,-0.156399310342497,NVDA
2025-01-28,0.07082549087600398,NVDA
2025-01-29,-0.03999590220671134,NVDA
2025-01-30,0.003397317972176239,NVDA
2025-01-31,-0.03598089467626053,NVDA
2025-02-03,-0.02077559049711475,NVDA
2025-02-04,0.004713545727007329,NVDA
2025-02-05,0.046247090863387186,NVDA
2025-02-06,0.025169672217619343,NVDA
2025-02-07,0.021667652422993733,NVDA
2025-02-10,0.016290757883230533,NVDA
2025-02-11,-0.0033980925274850193,NVDA
2025-02-12,-0.013165622069591265,NVDA
2025-02-13,0.016871714775410496,NVDA
2025-02-14,0.021783761572907956,NVDA
2025-02-18,0.0016886837236382846,NVDA
2025-02-19,-0.0014982188639987015,NVDA
2025-02-20,0.01055427139877807,NVDA
2025-02-21,-0.020411106301708948,NVDA
2025-02-24,-0.019482885013516693,NVDA
2025-02-25,-0.01573741674815654,NVDA
2025-02-26,0.03364997785326551,NVDA
2025-02-27,-0.06042706815778942,NVDA
2025-02-28,0.023264554947016514,NVDA
2025-03-03,-0.06882345221543318,NVDA
2025-03-04,0.019801632357491883,NVDA
2025-03-05,-0.0017210250936328109,NVDA
2025-03-06,-0.0311911911872933,NVDA
2025-03-07,0.011665475807229875,NVDA
2025-03-10,-0.012471638128623397,NVDA
2025-03-11,0.01889518730568529,NVDA
2025-03-12,0.05107699606991556,NVDA
2025-03-13,0.016770761318181115,NVDA
2025-03-14,0.027466492325094016,NVDA
2025-03-17,-0.024207846372227948,NVDA
2025-03-18,-0.017708509917394366,NVDA
2025-03-19,0.004651414427610412,NVDA
2025-03-20,0.011953022194863827,NVDA
2025-03-21,-0.010318447536232789,NVDA
2025-03-24,0.009327202699808801,NVDA
2025-03-25,-0.011638354186385591,NVDA
2025-03-26,-0.04056218706980008,NVDA
2025-03-27,-0.014980130652502588,NVDA
2025-03-28,0.010759796042179026,NVDA
2025-03-31,-0.011789585163931804,NVDA
2025-04-01,0.008170768463658717,NVDA
2025-04-02,-0.004823822869763461,NVDA
2025-04-03,-0.026261332275971938,NVDA
2025-04-04,-0.012301567111798306,NVDA
2025-04-07,0.03228960944966808,NVDA
2025-04-08,0.004353902210810112,NVDA
2025-04-09,0.05826447994745809,NVDA
2025-04-10,-0.017484029007387214,NVDA
2025-04-11,0.01250213909485165,NVDA
2025-04-14,-0.008740469271858231,NVDA
2025-04-15,0.012254636675371522,NVDA
2025-04-16,-0.040574151206140385,NVDA
2025-04-17,-0.02895114017667133,NVDA
2025-04-21,-0.021119278385914875,NVDA
2025-04-22,-0.005688277857022861,NVDA
2025-04-23,0.015476735659918361,NVDA
2025-04-24,0.007829451314133706,NVDA
2025-04-25,0.031046568768839933,NVDA
2025-04-28,-0.02043508493726076,NVDA
2025-04-29,-0.0039190962592670076,NVDA
2025-04-30,-0.000791546251632802,NVDA
2025-05-01,0.011420815341498525,NVDA
2025-05-02,0.010829492923115858,NVDA
2025-05-05,-6.456671429511118e-06,NVDA
2025-05-06,0.0068821444035718216,NVDA
2025-05-07,0.026613254789965346,NVDA
2025-05-08,-0.00762715947792536,NVDA
2025-05-09,-0.005497840908161855,NVDA
2025-05-12,0.013074200200511754,NVDA
2025-05-13,0.03968542533505737,NVDA
2025-05-14,0.03481936879705749,NVDA
2025-05-15,-0.004873828571581029,NVDA
2025-05-16,-0.00012449470904662974,NVDA
2025-05-19,0.0002965790812687885,NVDA
2025-05-20,-0.005477782808882559,NVDA
2025-05-21,-0.005391660802326115,NVDA
2025-05-22,0.005914874838780726,NVDA
2025-05-23,-0.002357624359761168,NVDA
2025-05-27,0.008310162369619789,NVDA
2025-05-28,-0.0006633599521004285,NVDA
2025-05-29,0.030009786465518218,NVDA
2025-05-30,-0.028024215172338884,NVDA
2025-06-02,0.008646284752653166,NVDA
2025-06-03,0.019781591565183554,NVDA
2025-06-04,0.002160553505156315,NVDA
2025-06-05,-0.006136982740137853,NVDA
2025-06-06,0.002554377061444235,NVDA
2025-06-09,0.0049296969508807464,NVDA
2025-06-10,0.002689506202865566,NVDA
2025-06-11,-0.004435884409605961,NVDA
2025-06-12,0.012733684192341777,NVDA
2025-06-13,-0.008483817898232715,NVDA
2025-06-16,0.005163552340253119,NVDA
2025-06-17,0.005851835956095286,NVDA
2025-06-18,0.009562536641790409,NVDA
2025-06-20,-0.007175997414481827,NVDA
2025-06-23,-0.008007799161203977,NVDA
2025-06-24,0.010366867696273374,NVDA
2025-06-25,0.03987414048013438,NVDA
2025-06-26,-0.004716369808524412,NVDA
2025-06-27,0.014039563363241747,NVDA
2025-06-30,-0.004935743610862353,NVDA
2025-07-01,-0.021669761539513388,NVDA
2025-07-02,0.018498771217493548,NVDA
2025-07-03,0.003411417520981175,NVDA
2025-07-07,0.0006338513566044313,NVDA
2025-07-08,0.01049941754015915,NVDA
2025-07-09,0.01078605645915065,NVDA
2025-07-10,0.008901610432281437,NVDA
2025-07-11,0.007237394533165187,NVDA
2025-07-14,-0.008787694147876834,NVDA
2025-07-15,0.03869800355398478,NVDA
2025-07-16,0.002894129403380852,NVDA
2025-07-17,0.0014064675912948132,NVDA
2025-07-18,-0.0024546957624371757,NVDA
2025-07-21,-0.011163398787655154,NVDA
2025-07-22,-0.020520740483543243,NVDA
2025-07-23,0.017651855640183456,NVDA
2025-07-24,0.015057737786909442,NVDA
2025-07-25,-0.00378645150893675,NVDA
2025-07-28,0.015438296561653075,NVDA
2025-07-29,-0.005490274641383408,NVDA
2025-07-30,0.019858289318935185,NVDA
2025-07-31,-0.002526900110733976,NVDA
2025-08-01,-0.0037128057636754974,NVDA
2025-08-04,0.0172286018837573,NVDA
2025-08-05,-0.002900983057220863,NVDA
2025-08-06,-0.006018519460160299,NVDA
2025-08-07,0.004117689957045201,NVDA
2025-08-08,0.0013347631515090441,NVDA
2025-08-11,-0.0005458409502701045,NVDA
2025-08-12,-0.006466450052923456,NVDA
2025-08-13,-0.009108614668441817,NVDA
2025-08-14,0.0031406424781517117,NVDA
2025-08-15,-0.0042556747339101975,NVDA
2025-08-18,0.00900633817302321,NVDA
2025-08-19,-0.021964593984851177,NVDA
2025-08-20,0.0045875564559940685,NVDA
2025-08-21,0.0022430664665638034,NVDA
2025-08-22,0.001746153220282487,NVDA
2025-08-25,0.013062205694703621,NVDA
2025-08-26,0.006834245158058749,NVDA
2025-08-27,-0.0024714299296961784,NVDA
2025-08-28,-0.01414596795503087,NVDA
2025-08-29,-0.022168561063542036,NVDA
2025-09-02,-0.01129779696230404,NVDA
2025-09-03,-0.008773784680953689,NVDA
2025-09-04,-0.0029339496251630237,NVDA
2025-09-05,-0.028844051252032266,NVDA
2025-09-08,0.0028278858340486934,NVDA
2025-09-09,0.011622278462029456,NVDA
2025-09-10,0.037426117729213004,NVDA
2025-09-11,-0.006649827490000426,NVDA
2025-09-12,-0.000745397354147137,NVDA
2025-09-15,-0.008914331311705936,NVDA
2025-09-16,-0.015432648445925956,NVDA
2025-09-17,-0.024599092379584242,NVDA
2025-09-18,0.025367247046907515,NVDA
2025-09-19,-0.004309702974500951,NVDA
2025-09-22,0.03262786621831726,NVDA
2025-09-23,-0.021953234832824187,NVDA
2025-09-24,-0.004699376684907719,NVDA
2025-09-25,0.008380946652831511,NVDA
2025-09-26,-0.0012926062639451175,NVDA
2025-09-29,0.015711451442798285,NVDA
2025-09-30,0.02294231948442782,NVDA
2025-10-01,-0.0012542272926614473,NVDA
2025-10-02,0.004670971427803039,NVDA
2025-10-03,-0.0025277336036770848,NVDA
2025-10-06,-0.018630223093508036,NVDA
2025-10-07,0.0025811300498999046,NVDA
2025-10-08,0.010358129666763638,NVDA
2025-10-09,0.01934197736912857,NVDA
2025-10-10,-0.014768568653992453,NVDA
2025-10-13,0.006783310441869084,NVDA
2025-10-14,-0.03833585979621379,NVDA
2025-10-15,-0.008143487673788918,NVDA
2025-10-16,0.014660029571481381,NVDA
2025-10-17,0.001180017967677749,NVDA
2025-10-20,-0.01569249703893938,NVDA
2025-10-21,-0.007874927320097314,NVDA
2025-10-22,0.004811207539395568,NVDA
2025-10-23,0.002002974055473672,NVDA
2025-10-24,0.01163634575013539,NVDA
2025-10-27,0.010039652300521063,NVDA
2025-10-28,0.04095804500278799,NVDA
2025-10-29,0.024964928383397478,NVDA
2025-10-30,-0.004841324705586736,NVDA
2025-10-31,-0.006785793818770536,NVDA
2025-11-03,0.016674975345050136,NVDA
2025-11-04,-0.01988625259020882,NVDA
2025-11-05,-0.024156723017265236,NVDA
2025-11-06,-0.018405422025259632,NVDA
2025-11-07,0.003532257314074805,NVDA
2025-11-10,0.03443363670720512,NVDA
2025-11-11,-0.027370088338116716,NVDA
2025-11-12,0.00409643299238116,NVDA
2025-11-13,-0.01583975398634685,NVDA
2025-11-14,0.016802993951150924,NVDA
2025-11-17,-0.010373842864485283,NVDA
2025-11-18,-0.016232799731661807,NVDA
2025-11-19,0.02210204018954709,NVDA
2025-11-20,-0.00807581941682134,NVDA
2025-11-21,-0.017275617136128574,NVDA
2025-11-24,-0.00494279483068194,NVDA
2025-11-25,-0.03239702134772138,NVDA
2025-11-26,0.004831421928128243,NVDA
2025-11-28,-0.026324977145169903,NVDA
2025-12-01,0.01972731472795619,NVDA
2025-12-02,0.0007272387559940086,NVDA
2025-12-03,-0.012799579321407961,NVDA
2025-12-04,0.021870298375485042,NVDA
2025-12-05,-0.00937262206349665,NVDA
2025-12-08,0.01898778677490931,NVDA
2025-12-09,-0.004363358254431127,NVDA
2025-12-10,-0.010541542718274677,NVDA
2025-12-11,-0.012389563909435353,NVDA
2025-12-12,-0.013906558215835751,NVDA
2025-12-15,0.012262123851853879,NVDA
2025-12-16,0.006099129708857731,NVDA
2025-12-17,-0.020185770911763434,NVDA
2025-12-18,0.004160763534065026,NVDA
2025-12-19,0.025631285546502625,NVDA
2025-12-22,0.010025641104787653,NVDA
2025-12-23,0.024935645581274812,NVDA
2025-12-24,-0.006097613909476607,NVDA
2025-12-26,0.010192512627718031,NVDA
2025-12-29,-0.007345853427865201,NVDA
2025-12-30,-0.0012972389256722394,NVDA
2025-12-31,0.002739002252813094,NVDA
2026-01-02,0.014460801308676885,NVDA
2026-01-05,-0.01178448138966548,NVDA
2026-01-06,-0.013437023676937443,NVDA
2026-01-07,0.008975511836211147,NVDA
2026-01-08,-0.016051629135194645,NVDA
2026-01-09,-0.010884181967393047,NVDA
2026-01-12,-0.0003966974407223489,NVDA
2026-01-13,0.006177139378615415,NVDA
2026-01-14,-0.0037334615286441775,NVDA
2026-01-15,0.017532025706407772,NVDA
2026-01-16,-0.003556790649222208,NVDA
2026-01-20,-0.02332954932989484,NVDA
2026-01-21,0.015628716043214474,NVDA
2026-01-22,0.0010141251044011312,NVDA
2026-01-23,0.012042073739156223,NVDA
2026-01-26,-0.010805158176259155,NVDA
2026-01-27,0.0019092814640959688,NVDA
2026-01-28,0.012482040807527461,NVDA
2026-01-29,0.011159147511633272,NVDA
2026-01-30,0.004889319581170781,NVDA
2026-02-02,-0.03614913830558031,NVDA
2026-02-03,-0.013320497863387182,NVDA
2026-02-04,-0.0170737763373916,NVDA
2026-02-05,0.001149780101904696,NVDA
2026-02-06,0.054855479737692114,NVDA
2026-02-09,0.017033963368559668,NVDA
2026-02-10,-0.0032742401904464202,NVDA
2026-02-11,0.005298580788099194,NVDA
2026-02-12,0.0040490806546369384,NVDA
2026-02-13,-0.02446921416937986,NVDA
2026-02-17,0.012776999076800521,NVDA
2026-02-18,0.008702410965952367,NVDA
2026-02-19,0.0034114002971641355,NVDA
2026-02-20,0.0013564848552238828,NVDA
2026-02-23,0.021301958877188554,NVDA
2026-02-24,-0.003920323149258387,NVDA
2026-02-25,-0.0004347480560120687,NVDA
2026-02-26,-0.04396817248130702,NVDA
2026-02-27,-0.039332522304233564,NVDA
2026-03-02,0.028101436019148274,NVDA
2026-03-03,-0.0026427212812505374,NVDA
2026-03-04,0.0013419784725279271,NVDA
2026-03-05,0.004654956415521383,NVDA
2026-03-06,-0.01541289730159967,NVDA
2026-03-09,0.013532644914412195,NVDA
2026-03-10,0.011523541185143316,NVDA
2026-03-11,0.006981954274074553,NVDA
2026-03-12,0.0016552779393173012,NVDA
2026-03-13,-0.009961317080644072,NVDA
2026-03-16,0.005187873842706914,NVDA
2026-03-17,-0.011934069853499096,NVDA
2026-03-18,0.005592388348614641,NVDA
2026-03-19,-0.007086675813250842,NVDA
2026-03-20,-0.01471407705882033,NVDA
2026-03-23,0.005466913663432216,NVDA
2026-03-24,0.004351946207258983,NVDA
2026-03-25,0.01311424245009718,NVDA
2026-03-26,-0.01837291910856198,NVDA
2026-03-27,-0.0022333943315455684,NVDA
2026-03-30,-0.006454739792035369,NVDA
2026-03-31,0.02108278086919313,NVDA
2026-04-01,-0.004566467544697694,NVDA
2026-04-02,0.008142117527095927,NVDA
2026-04-06,-0.004590995217664151,NVDA
2026-04-07,0.002433280246699532,NVDA
2026-04-08,-0.00719762553062786,NVDA
2026-04-09,0.0032584060980749285,NVDA
2026-04-10,0.02389980561863947,NVDA
2026-04-13,-0.006690964561403945,NVDA
2026-04-14,0.019333337045787324,NVDA
2026-04-15,-0.001964350011194327,NVDA
2026-04-16,-0.007423010566610877,NVDA
2026-04-17,0.003649808579706537,NVDA
2026-04-20,0.005062323198331775,NVDA
2026-04-21,-0.007036795798901707,NVDA
2026-04-22,-0.003569510659721331,NVDA
2026-04-23,-0.008575556800292539,NVDA
2026-04-24,0.023372692693873987,NVDA
2026-04-27,0.038736135169442854,NVDA
2026-04-28,-0.005900833934554761,NVDA
2026-04-29,-0.02465521221480582,NVDA
2026-04-30,-0.05664770907991201,NVDA
2026-05-01,-0.01518172159284159,NVDA
2026-05-04,0.002036744298450799,NVDA
2026-05-05,-0.02291650292352987,NVDA
2026-05-06,0.03549652647244539,NVDA
2026-05-07,0.018698204852162448,NVDA
2026-05-08,-0.005827486740068721,NVDA
2026-05-11,0.0166188019993303,NVDA
2026-05-12,0.014605849379411673,NVDA
2026-05-13,0.01210893604701635,NVDA
2026-05-14,0.035864496189967454,NVDA
2026-05-15,-0.030005243373038226,NVDA
2026-05-18,-0.009092223214093309,NVDA
2026-05-19,-0.0015399245080960355,NVDA
2026-05-20,-0.0035473476710894403,NVDA
2026-05-21,-0.01978457524433974,NVDA
2026-05-22,-0.02345771412154729,NVDA
2026-05-26,-0.019784486108861188,NVDA
2026-05-27,-0.009436977472085495,NVDA
2026-05-28,-0.0006645299634167046,NVDA
2026-05-29,-0.01829939360618571,NVDA
2026-06-01,0.054748153895320506,NVDA
2026-06-02,-0.011481577934708831,NVDA
2026-06-03,-0.034272979611448484,NVDA
2026-06-04,0.024057401057811845,NVDA
2026-06-05,-0.014829052550713762,NVDA
2026-06-08,0.0016175433706688835,NVDA
2026-06-09,0.009414839379832785,NVDA
2026-06-10,-0.017857242609693458,NVDA
2026-06-11,-0.0112575009847804,NVDA
2026-06-12,-0.00430665516522577,NVDA
2026-06-15,0.003839810807027888,NVDA
2026-06-16,-0.0048207778706705895,NVDA
2026-06-17,-0.003274898153780015,NVDA
2026-06-18,0.004330245119197329,NVDA
2026-06-22,-0.007216430200644552,NVDA
2026-06-23,-0.008657456913383044,NVDA
2026-06-24,-0.0009576295267166302,NVDA
2026-06-25,-0.02459048636241601,NVDA
2026-06-26,-0.0026760753436594342,NVDA
2026-06-29,-0.011956641755094033,NVDA
2026-06-30,0.009049964799623389,NVDA
2026-07-01,0.002743723809993881,NVDA
2026-07-02,0.0034696856209208704,NVDA
2026-07-06,-0.010551295776929592,NVDA
2026-07-07,0.02573059990442772,NVDA
2026-07-08,0.03303046567914247,NVDA
2026-07-09,-0.023091765181556312,NVDA
2026-07-10,0.036468526013307745,NVDA
2026-07-13,-0.01669295887768829,NVDA
2026-07-14,0.02872113473926774,NVDA
2026-07-15,0.006012735049365503,NVDA
2026-07-16,-0.0077156006318706005,NVDA
2026-07-17,-0.007236024329441371,NVDA
2026-07-20,0.001265482466124901,NVDA
2026-07-21,0.0011571024270002894,NVDA
2026-07-22,0.027869567651054084,NVDA
2026-07-23,0.0034819151518847846,NVDA
2026-07-24,0.001994381728264827,NVDA
2026-07-27,-0.0481437355975336,NVDA
2026-07-28,0.01230841764410684,NVDA
2026-07-29,-0.015597036800385489,NVDA
2026-07-30,-0.006314242413143489,NVDA
2026-07-31,0.02238122128709108,NVDA
2026-08-03,0.011511741250719076,NVDA
2026-08-04,-0.008078732933994637,NVDA
2026-08-05,0.042862578847575605,NVDA
2026-08-06,0.0026514939985871067,NVDA
2026-08-07,0.010783593625031784,NVDA
2026-08-10,-0.026046824793457546,NVDA
2026-08-11,0.0031328057909654206,NVDA
2026-08-12,0.022568061930574146,NVDA
2026-08-13,-0.006114068619116786,NVDA
2026-08-14,0.0007453392685343729,NVDA
2026-08-17,0.0009763394033690531,NVDA
2026-08-18,-0.006620236004211577,NVDA
2026-08-19,-0.0027730356086026475,NVDA
2024-01-02,,AVGO
2024-01-03,-0.014363661144489726,AVGO
2024-01-04,-0.003921816800437128,AVGO
2024-01-05,-0.0009280607006605379,AVGO
2024-01-08,0.0036195804477419102,AVGO
2024-01-09,0.0051093745777830435,AVGO
2024-01-10,-0.008529946684197931,AVGO
2024-01-11,0.015724723546949093,AVGO
2024-01-12,0.006462934986130264,AVGO
2024-01-16,0.006648463222689749,AVGO
2024-01-17,-0.0045208171531925245,AVGO
2024-01-18,0.021716676217310216,AVGO
2024-01-19,0.037522556969502574,AVGO
2024-01-22,0.006344023821074352,AVGO
2024-01-23,0.0006080903004255234,AVGO
2024-01-24,0.016691282842288935,AVGO
2024-01-25,-0.020441363539180912,AVGO
2024-01-26,-0.014658532795756685,AVGO
2024-01-29,0.0004528478412595405,AVGO
2024-01-30,-0.0012439133798478608,AVGO
2024-01-31,-0.003803614321190807,AVGO
2024-02-01,0.005108744358901518,AVGO
2024-02-02,0.003312708724836355,AVGO
2024-02-05,0.01651254129779023,AVGO
2024-02-06,-0.014578213349329516,AVGO
2024-02-07,0.01751728615265602,AVGO
2024-02-08,0.01213192682907227,AVGO
2024-02-09,-0.0030086800022495197,AVGO
2024-02-12,-0.010551663931549271,AVGO
2024-02-13,0.005110439260774591,AVGO
2024-02-14,-0.0024289991356445384,AVGO
2024-02-15,-0.0007176791118235215,AVGO
2024-02-16,-0.0064975182050028835,AVGO
2024-02-20,-0.0077389286515003874,AVGO
2024-02-21,0.00474342845179887,AVGO
2024-02-22,0.03233199053239577,AVGO
2024-02-23,-0.0036093565699921726,AVGO
2024-02-26,0.010321422968836202,AVGO
2024-02-27,-0.012304822468141907,AVGO
2024-02-28,7.099635161722517e-05,AVGO
2024-02-29,1.6073066939625846e-05,AVGO
2024-03-01,0.05819320173458653,AVGO
2024-03-04,0.005780514845033835,AVGO
2024-03-05,-0.025252881667828575,AVGO
2024-03-06,-0.0008790565542033946,AVGO
2024-03-07,0.02629809537458172,AVGO
2024-03-08,-0.05787695485344724,AVGO
2024-03-11,-0.008272259727540643,AVGO
2024-03-12,-0.015192346905951837,AVGO
2024-03-13,-0.018963110681393225,AVGO
2024-03-14,0.006016214391574515,AVGO
2024-03-15,-0.009477679387124738,AVGO
2024-03-18,-0.008084996079098516,AVGO
2024-03-19,-0.001866204783348202,AVGO
2024-03-20,0.022687732262522964,AVGO
2024-03-21,0.05017060372559179,AVGO
2024-03-22,0.0029063511338565107,AVGO
2024-03-25,0.002238578082113918,AVGO
2024-03-26,-0.011732699075875708,AVGO
2024-03-27,-0.013029706884145398,AVGO
2024-03-28,0.006897757014010075,AVGO
2024-04-01,0.01646046605470719,AVGO
2024-04-02,0.00011447743339765282,AVGO
2024-04-03,0.015856528864437003,AVGO
2024-04-04,-0.018697418640454266,AVGO
2024-04-05,0.004793099620344243,AVGO
2024-04-08,-0.0027843469963100276,AVGO
2024-04-09,-0.005205804134218894,AVGO
2024-04-10,-4.9515587623005786e-05,AVGO
2024-04-11,0.02859687872637018,AVGO
2024-04-12,-0.012091720227682679,AVGO
2024-04-15,-0.008560979787771927,AVGO
2024-04-16,0.013825582093415001,AVGO
2024-04-17,-0.02328303655653219,AVGO
2024-04-18,-0.012880132816844636,AVGO
2024-04-19,-0.023164787901587935,AVGO
2024-04-22,0.0062546429546470605,AVGO
2024-04-23,0.005182877532107,AVGO
2024-04-24,0.0027071583075288785,AVGO
2024-04-25,0.034319882639289645,AVGO
2024-04-26,0.022325732364700812,AVGO
2024-04-29,-0.008115488575932694,AVGO
2024-04-30,-0.010031040984913808,AVGO
2024-05-01,-0.0378996536679459,AVGO
2024-05-02,-0.01614035330410868,AVGO
2024-05-03,0.011525743129907617,AVGO
2024-05-06,0.013987577363564263,AVGO
2024-05-07,-0.005668963613123523,AVGO
2024-05-08,0.01752842841030411,AVGO
2024-05-09,-0.017154325773576673,AVGO
2024-05-10,0.018209908776362305,AVGO
2024-05-13,0.001223247073591338,AVGO
2024-05-14,0.02488397468873149,AVGO
2024-05-15,0.024365126324588537,AVGO
2024-05-16,-0.014847272253691202,AVGO
2024-05-17,-0.011509990294963579,AVGO
2024-05-20,0.0063929417070651695,AVGO
2024-05-21,-0.012497740195175133,AVGO
2024-05-22,-0.004789095051351389,AVGO
2024-05-23,0.005262595335610243,AVGO
2024-05-24,0.0009763896439638486,AVGO
2024-05-28,-0.0005010579524995507,AVGO
2024-05-29,-0.008466864349651715,AVGO
2024-05-30,-0.008534204440762139,AVGO
2024-05-31,-0.02453035961590455,AVGO
2024-06-03,-0.010372805174464261,AVGO
2024-06-04,0.003992306910126864,AVGO
2024-06-05,0.040024288149674625,AVGO
2024-06-06,-0.008054502415327569,AVGO
2024-06-07,0.0047101208526250105,AVGO
2024-06-10,0.019734517438698695,AVGO
2024-06-11,0.00733274302672271,AVGO
2024-06-12,0.010312964447232176,AVGO
2024-06-13,0.11031965938312016,AVGO
2024-06-14,0.027670147465173933,AVGO
2024-06-17,0.04049245364647991,AVGO
2024-06-18,-0.0148218650918297,AVGO
2024-06-20,-0.03069392288474848,AVGO
2024-06-21,-0.04207911839036527,AVGO
2024-06-24,-0.0262487684920254,AVGO
2024-06-25,-0.018569026862248705,AVGO
2024-06-26,0.005003333954148204,AVGO
2024-06-27,-0.005937705373993296,AVGO
2024-06-28,0.01702707488023414,AVGO
2024-07-01,0.015882164523891795,AVGO
2024-07-02,-0.0003302906299174069,AVGO
2024-07-03,0.03406929125855651,AVGO
2024-07-05,-0.02546986561790998,AVGO
2024-07-08,0.022298432532325663,AVGO
2024-07-09,-0.008078494388170654,AVGO
2024-07-10,-0.0038286259938473677,AVGO
2024-07-11,-0.00028063810961231894,AVGO
2024-07-12,-0.00895738551919667,AVGO
2024-07-15,0.005240093720912498,AVGO
2024-07-16,-0.012354936960782936,AVGO
2024-07-17,-0.05262259735146113,AVGO
2024-07-18,0.03343477589709032,AVGO
2024-07-19,-0.011042779858733809,AVGO
2024-07-22,0.008516203742217954,AVGO
2024-07-23,0.020216923175755852,AVGO
2024-07-24,-0.042404708111962286,AVGO
2024-07-25,-0.002750244902303578,AVGO
2024-07-26,0.005550000916509923,AVGO
2024-07-29,-0.011349214486460646,AVGO
2024-07-30,-0.03179983764864325,AVGO
2024-07-31,0.08377590957914816,AVGO
2024-08-01,-0.0643265359848737,AVGO
2024-08-02,0.002015160215654177,AVGO
2024-08-05,0.018097451341446025,AVGO
2024-08-06,0.003357420697528646,AVGO
2024-08-07,-0.04373044954200811,AVGO
2024-08-08,0.03705381001013919,AVGO
2024-08-09,0.011934199650472266,AVGO
2024-08-12,0.0002739735496284368,AVGO
2024-08-13,0.024978823877694012,AVGO
2024-08-14,0.009425310662815711,AVGO
2024-08-15,0.027190441162710854,AVGO
2024-08-16,-0.003756037725933581,AVGO
2024-08-19,-0.001113650564976254,AVGO
2024-08-20,-0.008448965644471507,AVGO
2024-08-21,-0.00567837138575733,AVGO
2024-08-22,-0.004986637304233987,AVGO
2024-08-23,0.013674111758738228,AVGO
2024-08-26,-0.031602447744422335,AVGO
2024-08-27,0.008044859153069517,AVGO
2024-08-28,-0.008677722339621496,AVGO
2024-08-29,-0.006469029006724192,AVGO
2024-08-30,0.02499661853506918,AVGO
2024-09-03,-0.03274963616976745,AVGO
2024-09-04,0.011269122479781402,AVGO
2024-09-05,-0.009403826046130881,AVGO
2024-09-06,-0.08212734812106959,AVGO
2024-09-09,0.014723906065255754,AVGO
2024-09-10,0.0419484089643678,AVGO
2024-09-11,0.04418925669730278,AVGO
2024-09-12,0.029204743113703024,AVGO
2024-09-13,0.01437172222858063,AVGO
2024-09-16,-0.017700901364929855,AVGO
2024-09-17,-0.010023331261896473,AVGO
2024-09-18,-0.0005972480508855682,AVGO
2024-09-19,0.013262212651194538,AVGO
2024-09-20,0.02364796925409518,AVGO
2024-09-23,0.008049131530754927,AVGO
2024-09-24,0.006114629775393787,AVGO
2024-09-25,0.0029550202725117103,AVGO
2024-09-26,0.007051032362078935,AVGO
2024-09-27,-0.02521847685175871,AVGO
2024-09-30,-0.003808831015108538,AVGO
2024-10-01,-0.015562797404695239,AVGO
2024-10-02,0.01745699335728279,AVGO
2024-10-03,0.00792887995805458,AVGO
2024-10-04,0.01543120742812043,AVGO
2024-10-07,0.0018987024622569848,AVGO
2024-10-08,0.016936910690967366,AVGO
2024-10-09,0.020636077658299,AVGO
2024-10-10,-0.0002630460860704176,AVGO
2024-10-11,-0.024495207220389226,AVGO
2024-10-14,-0.0037931929973735734,AVGO
2024-10-15,-0.02188122446876939,AVGO
2024-10-16,0.00463970639517175,AVGO
2024-10-17,0.0255963297397237,AVGO
2024-10-18,-0.0156087181657103,AVGO
2024-10-21,-0.0013638299084268724,AVGO
2024-10-22,-0.004484090136851471,AVGO
2024-10-23,-0.017828852729103062,AVGO
2024-10-24,-0.020603091690589714,AVGO
2024-10-25,0.0035082901789253995,AVGO
2024-10-28,-0.0058424374085834785,AVGO
2024-10-29,0.03155255507622989,AVGO
2024-10-30,-0.007025726898229223,AVGO
2024-10-31,-0.014102340439615446,AVGO
2024-11-01,-0.012391053525784734,AVGO
2024-11-04,0.0007246787401813393,AVGO
2024-11-05,0.018571652136959216,AVGO
2024-11-06,0.005172477980420531,AVGO
2024-11-07,0.007827167832529014,AVGO
2024-11-08,-0.002092873496257752,AVGO
2024-11-11,-0.025510732869268082,AVGO
2024-11-12,-0.013338144864907697,AVGO
2024-11-13,-0.013806981741310231,AVGO
2024-11-14,-0.011633397942700796,AVGO
2024-11-15,-0.008941568622788054,AVGO
2024-11-18,-0.0019011817548433285,AVGO
2024-11-19,-0.008789341600665246,AVGO
2024-11-20,-0.012205785548227155,AVGO
2024-11-21,0.0006271821433214697,AVGO
2024-11-22,0.000164579317936564,AVGO
2024-11-25,0.0020057972376505973,AVGO
2024-11-26,-0.005840404536256116,AVGO
2024-11-27,-0.023354744203563982,AVGO
2024-11-29,0.006232321711686417,AVGO
2024-12-02,0.01613621783543806,AVGO
2024-12-03,0.006739713315351281,AVGO
2024-12-04,0.0019435599187858088,AVGO
2024-12-05,0.002246944804059403,AVGO
2024-12-06,0.04287339439736382,AVGO
2024-12-09,0.004526027089461593,AVGO
2024-12-10,-0.037247922415012624,AVGO
2024-12-11,0.04644521343646968,AVGO
2024-12-12,-0.0074871141125658625,AVGO
2024-12-13,0.21096907522797093,AVGO
2024-12-16,0.0919522173924685,AVGO
2024-12-17,-0.03545063287291228,AVGO
2024-12-18,-0.03490495456709741,AVGO
2024-12-19,-0.019523029347162435,AVGO
2024-12-20,0.002555624342390317,AVGO
2024-12-23,0.044012976918691216,AVGO
2024-12-24,0.017591105428344633,AVGO
2024-12-26,0.024101507668413902,AVGO
2024-12-27,-0.0014402710792298379,AVGO
2024-12-30,-0.012464395168296782,AVGO
2024-12-31,-0.007472073441197935,AVGO
2025-01-02,0.002561640386759656,AVGO
2025-01-03,-0.013778557342848607,AVGO
2025-01-06,0.005034927511150755,AVGO
2025-01-07,-0.015413454724649611,AVGO
2025-01-08,0.002751344357164065,AVGO
2025-01-10,-0.0062404388296792845,AVGO
2025-01-13,0.0075782946902389625,AVGO
2025-01-14,-0.001672338411576213,AVGO
2025-01-15,-0.008166206892968653,AVGO
2025-01-16,0.013196035381936255,AVGO
2025-01-17,0.017666421621083117,AVGO
2025-01-21,0.0061669534897381695,AVGO
2025-01-22,-0.010211100330537626,AVGO
2025-01-23,-0.004742338911726485,AVGO
2025-01-24,0.023895408374770888,AVGO
2025-01-27,-0.16157519978870294,AVGO
2025-01-28,0.010873660786105965,AVGO
2025-01-29,-0.003003097137592725,AVGO
2025-01-30,0.03987618269749049,AVGO
2025-01-31,0.027134617429657837,AVGO
2025-02-03,-0.00809245678276671,AVGO
2025-02-04,0.009156025475936858,AVGO
2025-02-05,0.037597344324765025,AVGO
2025-02-06,-0.00796863013000948,AVGO
2025-02-07,-0.015758966318290213,AVGO
2025-02-10,0.032200984185590364,AVGO
2025-02-11,0.0023834164659159995,AVGO
2025-02-12,0.004971206197021516,AVGO
2025-02-13,-0.016613087683411187,AVGO
2025-02-14,-0.015963753900464006,AVGO
2025-02-18,-0.021807081618931967,AVGO
2025-02-19,0.0005965710383559752,AVGO
2025-02-20,-0.004484677969842643,AVGO
2025-02-21,-0.015312686039147927,AVGO
2025-02-24,-0.03844205550017499,AVGO
2025-02-25,-0.013584773272498296,AVGO
2025-02-26,0.04766010585438263,AVGO
2025-02-27,-0.04558968368161498,AVGO
2025-02-28,-0.0074612462904859456,AVGO
2025-03-03,-0.04025241593703388,AVGO
2025-03-04,0.0036091446617589895,AVGO
2025-03-05,0.008681522909280481,AVGO
2025-03-06,-0.03751418359827685,AVGO
2025-03-07,0.07557148856842844,AVGO
2025-03-10,-0.015888971418309694,AVGO
2025-03-11,0.032512762422125085,AVGO
2025-03-12,0.010327659741299122,AVGO
2025-03-13,0.003267689912281213,AVGO
2025-03-14,-0.002274587489369928,AVGO
2025-03-17,-0.011795527973540665,AVGO
2025-03-18,-0.013238148333496014,AVGO
2025-03-19,0.022626077435031533,AVGO
2025-03-20,-0.019639337546188074,AVGO
2025-03-21,0.0025694600485524077,AVGO
2025-03-24,-0.023848561956747005,AVGO
2025-03-25,-0.021447827721027934,AVGO
2025-03-26,-0.030358889091614216,AVGO
2025-03-27,-0.035742466413187124,AVGO
2025-03-28,0.009852883859671202,AVGO
2025-03-31,-0.010000664028283701,AVGO
2025-04-01,-0.0015395643631626044,AVGO
2025-04-02,0.01369123387717508,AVGO
2025-04-03,-0.05598030584804903,AVGO
2025-04-04,0.012694611775797782,AVGO
2025-04-07,0.04986006852646163,AVGO
2025-04-08,0.03035977694774772,AVGO
2025-04-09,0.057761695983979955,AVGO
2025-04-10,-0.028465819842831586,AVGO
2025-04-11,0.036184287001520765,AVGO
2025-04-14,-0.02662826683861308,AVGO
2025-04-15,0.00218834988829375,AVGO
2025-04-16,0.006065828744969082,AVGO
2025-04-17,-0.020769635184316293,AVGO
2025-04-21,-0.003294849028595337,AVGO
2025-04-22,-0.0058407631211103705,AVGO
2025-04-23,0.01989150054205524,AVGO
2025-04-24,0.03384982864813679,AVGO
2025-04-25,0.010782881631721253,AVGO
2025-04-28,0.0011490208127948875,AVGO
2025-04-29,-0.01335982809721692,AVGO
2025-04-30,0.0069033911308125084,AVGO
2025-05-01,0.011961033720863767,AVGO
2025-05-02,0.016741508098713886,AVGO
2025-05-05,-0.008492722855108603,AVGO
2025-05-06,0.006201508516545218,AVGO
2025-05-07,0.01939742291493829,AVGO
2025-05-08,0.004076978284929922,AVGO
2025-05-09,0.002722836702464093,AVGO
2025-05-12,0.022352531370656514,AVGO
2025-05-13,0.03263642996529548,AVGO
2025-05-14,-0.007266685858887456,AVGO
2025-05-15,0.0011393783901318955,AVGO
2025-05-16,-0.021817779269559523,AVGO
2025-05-19,0.007838960706210152,AVGO
2025-05-20,0.00788117938265298,AVGO
2025-05-21,0.005541874935529378,AVGO
2025-05-22,0.0016068037240488664,AVGO
2025-05-23,0.0014212473734422915,AVGO
2025-05-27,0.00659640860860744,AVGO
2025-05-28,0.020355286892114854,AVGO
2025-05-29,0.008588886202727686,AVGO
2025-05-30,0.001991470392104233,AVGO
2025-06-02,0.019193484537031402,AVGO
2025-06-03,0.024418195277748467,AVGO
2025-06-04,0.013550453428164744,AVGO
2025-06-05,0.003141013126588099,AVGO
2025-06-06,-0.06103532090487107,AVGO
2025-06-09,-0.012260838228147719,AVGO
2025-06-10,-0.0051601508391536655,AVGO
2025-06-11,0.036661982049383646,AVGO
2025-06-12,0.01007215999274269,AVGO
2025-06-13,-0.016569321954918337,AVGO
2025-06-16,-0.0002356469816575668,AVGO
2025-06-17,-0.0010890160182768227,AVGO
2025-06-18,0.007720639965295817,AVGO
2025-06-20,0.0013752423327186847,AVGO
2025-06-23,0.004777509187093187,AVGO
2025-06-24,0.023472889931720253,AVGO
2025-06-25,0.0007775168665764554,AVGO
2025-06-26,0.011336234914715249,AVGO
2025-06-27,-0.006457359999837209,AVGO
2025-06-30,0.01666387350332421,AVGO
2025-07-01,-0.03191859103519068,AVGO
2025-07-02,0.012362157068259272,AVGO
2025-07-03,0.009582009750301879,AVGO
2025-07-07,0.003920651998922331,AVGO
2025-07-08,-0.009279811539771643,AVGO
2025-07-09,0.015140968765297025,AVGO
2025-07-10,-0.007597652177137704,AVGO
2025-07-11,-0.0014574587264526428,AVGO
2025-07-14,0.0008161132406288019,AVGO
2025-07-15,0.01827424452466353,AVGO
2025-07-16,-0.001486172659450169,AVGO
2025-07-17,0.01182559871519473,AVGO
2025-07-18,-0.009954832776037925,AVGO
2025-07-21,0.011870263265416625,AVGO
2025-07-22,-0.028759001517658866,AVGO
2025-07-23,0.013590135269666348,AVGO
2025-07-24,0.015414486948770012,AVGO
2025-07-25,0.0026745367254905617,AVGO
2025-07-28,0.010977784903527521,AVGO
2025-07-29,0.012096019597418461,AVGO
2025-07-30,0.015993730851820764,AVGO
2025-07-31,-0.02460584798451837,AVGO
2025-08-01,0.002516680293335405,AVGO
2025-08-04,0.012689696575860943,AVGO
2025-08-05,-0.009407041311686015,AVGO
2025-08-06,0.01689547102556954,AVGO
2025-08-07,0.0035255468250046107,AVGO
2025-08-08,-0.005309482259753473,AVGO
2025-08-11,-0.0005515411863044051,AVGO
2025-08-12,0.01647097448247603,AVGO
2025-08-13,-0.012527307516522868,AVGO
2025-08-14,0.007675200274540828,AVGO
2025-08-15,-0.011429498449640363,AVGO
2025-08-18,-0.0014964584052981067,AVGO
2025-08-19,-0.02246977738952527,AVGO
2025-08-20,-0.006808086665572866,AVGO
2025-08-21,-0.000766168187537275,AVGO
2025-08-22,-0.0002303735881579172,AVGO
2025-08-25,0.003670851438544176,AVGO
2025-08-26,0.008757962661953833,AVGO
2025-08-27,0.005952707942349811,AVGO
2025-08-28,0.02135204361690146,AVGO
2025-08-29,-0.025520264728157827,AVGO
2025-09-02,0.011269268648022468,AVGO
2025-09-03,0.005982701257552847,AVGO
2025-09-04,0.0031833848003950393,AVGO
2025-09-05,0.08844848632856106,AVGO
2025-09-08,0.02675841742527041,AVGO
2025-09-09,-0.029152662366833226,AVGO
2025-09-10,0.09290965040399612,AVGO
2025-09-11,-0.03306799418762196,AVGO
2025-09-12,-0.0037404299792305196,AVGO
2025-09-15,0.003137654974271875,AVGO
2025-09-16,-0.010451617879276398,AVGO
2025-09-17,-0.03717597957530039,AVGO
2025-09-18,-0.011348192410260083,AVGO
2025-09-19,-0.007934430671694415,AVGO
2025-09-22,-0.02218068666786177,AVGO
2025-09-23,0.00710700072386139,AVGO
2025-09-24,0.004607871906613603,AVGO
2025-09-25,-0.00518478807647238,AVGO
2025-09-26,-0.008784689198146012,AVGO
2025-09-29,-0.02463834736256132,AVGO
2025-09-30,0.0033757492493231567,AVGO
2025-10-01,0.005707621066669333,AVGO
2025-10-02,0.010162638245191147,AVGO
2025-10-03,0.004780309990728426,AVGO
2025-10-06,-0.01602992352088428,AVGO
2025-10-07,0.008018128094900767,AVGO
2025-10-08,0.01526324526075662,AVGO
2025-10-09,-0.0001791707793215025,AVGO
2025-10-10,-0.025585262635585693,AVGO
2025-10-13,0.0732097465688959,AVGO
2025-10-14,-0.029192242929222623,AVGO
2025-10-15,0.0136744045019066,AVGO
2025-10-16,0.0117045083660825,AVGO
2025-10-17,-0.020248964202840725,AVGO
2025-10-20,-0.012779618303181195,AVGO
2025-10-21,-0.01875910965971883,AVGO
2025-10-22,0.0027695304082095973,AVGO
2025-10-23,0.0032854992937281224,AVGO
2025-10-24,0.01755806316217523,AVGO
2025-10-27,0.00446572722376537,AVGO
2025-10-28,0.022055038645556913,AVGO
2025-10-29,0.029794775378510607,AVGO
2025-10-30,-0.00954045960725658,AVGO
2025-10-31,-0.02314827287574417,AVGO
2025-11-03,-0.02411354453904746,AVGO
2025-11-04,-0.009194777000116616,AVGO
2025-11-05,0.013319181137416258,AVGO
2025-11-06,0.009314609260308693,AVGO
2025-11-07,-0.014314848176500305,AVGO
2025-11-10,0.003435674496117258,AVGO
2025-11-11,-0.015437178196372692,AVGO
2025-11-12,0.010008480973389133,AVGO
2025-11-13,-0.02322335041165413,AVGO
2025-11-14,0.006512328137196377,AVGO
2025-11-17,0.009131881330318947,AVGO
2025-11-18,0.005956117625655288,AVGO
2025-11-19,0.034115136330679086,AVGO
2025-11-20,0.002279914000649086,AVGO
2025-11-21,-0.026756956410979527,AVGO
2025-11-24,0.08000293420264004,AVGO
2025-11-25,0.012388157422495993,AVGO
2025-11-26,0.02325277538960613,AVGO
2025-11-28,0.005391705044988981,AVGO
2025-12-01,-0.03942798983068929,AVGO
2025-12-02,-0.01954590078483598,AVGO
2025-12-03,-0.004959998927371423,AVGO
2025-12-04,0.0020335973025877863,AVGO
2025-12-05,0.019814729613284676,AVGO
2025-12-08,0.029369139584911608,AVGO
2025-12-09,0.011623819696412241,AVGO
2025-12-10,0.012220462492588346,AVGO
2025-12-11,-0.012871146384641818,AVGO
2025-12-12,-0.10205123144863659,AVGO
2025-12-15,-0.05249080729137834,AVGO
2025-12-16,0.0023953560043095123,AVGO
2025-12-17,-0.02709224656965592,AVGO
2025-12-18,-0.0026158628178274412,AVGO
2025-12-19,0.018323819063329694,AVGO
2025-12-22,0.0003269500006037873,AVGO
2025-12-23,0.01811470347593591,AVGO
2025-12-24,-0.00034826629191453407,AVGO
2025-12-26,0.005503109807614592,AVGO
2025-12-29,-0.0029592404006173467,AVGO
2025-12-30,0.0036377113775527548,AVGO
2025-12-31,-0.002476684138564167,AVGO
2026-01-02,0.006320949487754746,AVGO
2026-01-05,-0.020067098732846844,AVGO
2026-01-06,-0.007729639689011414,AVGO
2026-01-07,-0.0017477718232932205,AVGO
2026-01-08,-0.026902156364052132,AVGO
2026-01-09,0.02696677504963141,AVGO
2026-01-12,0.01994076117147081,AVGO
2026-01-13,0.008274886552119831,AVGO
2026-01-14,-0.03165610946163433,AVGO
2026-01-15,0.0055735935029010975,AVGO
2026-01-16,0.025854930855038205,AVGO
2026-01-20,-0.0343903067423561,AVGO
2026-01-21,-0.024918781376996435,AVGO
2026-01-22,-0.017361011344260824,AVGO
2026-01-23,-0.02000688767296488,AVGO
2026-01-26,0.010495833622397477,AVGO
2026-01-27,0.015123679757147457,AVGO
2026-01-28,-0.0019548132814062313,AVGO
2026-01-29,-0.0015572861360340085,AVGO
2026-01-30,0.013805419722081602,AVGO
2026-02-02,-0.007416588824344039,AVGO
2026-02-03,-0.017615728494361882,AVGO
2026-02-04,-0.02146609013983891,AVGO
2026-02-05,0.022453956707268574,AVGO
2026-02-06,0.04876857700890813,AVGO
2026-02-09,0.0249339679317373,AVGO
2026-02-10,-0.005578187915362243,AVGO
2026-02-11,0.004113093271145729,AVGO
2026-02-12,-0.013850039084768007,AVGO
2026-02-13,-0.02041255144783971,AVGO
2026-02-17,0.02344270333426479,AVGO
2026-02-18,-0.0045267589491055915,AVGO
2026-02-19,0.0052751467967988575,AVGO
2026-02-20,-0.012830035126220274,AVGO
2026-02-23,0.005261001647626884,AVGO
2026-02-24,-0.02547494818784113,AVGO
2026-02-25,0.006347364555853829,AVGO
2026-02-26,-0.020310892784513257,AVGO
2026-02-27,-0.0034997291141039,AVGO
2026-03-02,-0.00360361960161093,AVGO
2026-03-03,-0.004979997181026263,AVGO
2026-03-04,-0.0034392568716157257,AVGO
2026-03-05,0.049896598385939406,AVGO
2026-03-06,0.008252185050340977,AVGO
2026-03-09,0.03190263577951136,AVGO
2026-03-10,-0.009227332451743564,AVGO
2026-03-11,-0.0028208775881886083,AVGO
2026-03-12,0.0007815587835864335,AVGO
2026-03-13,-0.036028698973630924,AVGO
2026-03-16,-0.0026243179371654435,AVGO
2026-03-17,-0.01604104163044351,AVGO
2026-03-18,-0.002847987710100419,AVGO
2026-03-19,0.015465499351468459,AVGO
2026-03-20,-0.010950098114495432,AVGO
2026-03-23,0.028599951851112415,AVGO
2026-03-24,-0.0063110015271741204,AVGO
2026-03-25,-0.0049217399819880825,AVGO
2026-03-26,-0.005738317926196501,AVGO
2026-03-27,-0.008923005049628507,AVGO
2026-03-30,-0.016802904346800318,AVGO
2026-03-31,0.02012606407483375,AVGO
2026-04-01,0.0004994836716392115,AVGO
2026-04-02,0.0022295948403154853,AVGO
2026-04-06,-0.006380908867861912,AVGO
2026-04-07,0.06013677307089882,AVGO
2026-04-08,0.01938181880677803,AVGO
2026-04-09,0.0053907345483859,AVGO
2026-04-10,0.04437800745209319,AVGO
2026-04-13,0.011540403390640108,AVGO
2026-04-14,-0.01528552720852705,AVGO
2026-04-15,0.027106615999332284,AVGO
2026-04-16,-0.0004032982744224256,AVGO
2026-04-17,0.007050853911295896,AVGO
2026-04-20,-0.013963375814062928,AVGO
2026-04-21,0.010146438959149684,AVGO
2026-04-22,0.033077262518438566,AVGO
2026-04-23,-0.000783897030000702,AVGO
2026-04-24,-0.012254040645433228,AVGO
2026-04-27,-0.011371912288161923,AVGO
2026-04-28,-0.034812736722729554,AVGO
2026-04-29,0.00786321223248887,AVGO
2026-04-30,0.01983622974782584,AVGO
2026-05-01,-0.00037304153264106077,AVGO
2026-05-04,-0.009525550219501078,AVGO
2026-05-05,0.012849664952123696,AVGO
2026-05-06,-0.025064331617371316,AVGO
2026-05-07,-0.029548630015319155,AVGO
2026-05-08,0.018233244321316455,AVGO
2026-05-11,-0.006550087882715161,AVGO
2026-05-12,-0.013022737821395403,AVGO
2026-05-13,-0.016510973948869356,AVGO
2026-05-14,0.04663231429187498,AVGO
2026-05-15,-0.018558591052300955,AVGO
2026-05-18,-0.006280795286045304,AVGO
2026-05-19,-0.01699873084323844,AVGO
2026-05-20,-0.0002844802085286702,AVGO
2026-05-21,-0.009570434280244733,AVGO
2026-05-22,-0.0052694594993516475,AVGO
2026-05-26,0.0012255451782916538,AVGO
2026-05-27,0.0007815955490011461,AVGO
2026-05-28,0.002730864731544713,AVGO
2026-05-29,0.04256672776953341,AVGO
2026-06-01,0.023135035511444357,AVGO
2026-06-02,0.041296429526848755,AVGO
2026-06-03,-0.0022542114707908567,AVGO
2026-06-04,-0.1296754751081064,AVGO
2026-06-05,-0.03332715951147325,AVGO
2026-06-08,0.012295510635275342,AVGO
2026-06-09,0.0003156843109195506,AVGO
2026-06-10,-0.03232851516780588,AVGO
2026-06-11,0.0023421303639947766,AVGO
2026-06-12,-0.014986297769058687,AVGO
2026-06-15,-0.0003357179992420356,AVGO
2026-06-16,-0.025534648654653047,AVGO
2026-06-17,0.052200954692488644,AVGO
2026-06-18,0.021132909352924223,AVGO
2026-06-22,-0.04375635832650371,AVGO
2026-06-23,0.0024558735849922186,AVGO
2026-06-24,0.009292820180167638,AVGO
2026-06-25,-0.016378075232315936,AVGO
2026-06-26,-0.023487381708387822,AVGO
2026-06-29,-0.004399652296279477,AVGO
2026-06-30,-0.0027418076355090193,AVGO
2026-07-01,-0.007147586098055214,AVGO
2026-07-02,-0.006878466737127553,AVGO
2026-07-06,0.022395061214005807,AVGO
2026-07-07,0.010318944112906792,AVGO
2026-07-08,0.044343957371353326,AVGO
2026-07-09,0.0149481759455794,AVGO
2026-07-10,-0.005924526389126328,AVGO
2026-07-13,-0.021454619862121938,AVGO
2026-07-14,0.0019814170190874947,AVGO
2026-07-15,0.01591246561372639,AVGO
2026-07-16,-0.03502587704004423,AVGO
2026-07-17,0.005429058971749612,AVGO
2026-07-20,0.01852441339849875,AVGO
2026-07-21,0.0034371606696970147,AVGO
2026-07-22,0.03144477481487051,AVGO
2026-07-23,0.008168450411924155,AVGO
2026-07-24,-0.016014814174380554,AVGO
2026-07-27,0.006486543817305623,AVGO
2026-07-28,0.0037211456788259767,AVGO
2026-07-29,-0.007614869119453971,AVGO
2026-07-30,0.01378315721897394,AVGO
2026-07-31,-0.0027684983290052756,AVGO
2026-08-03,-0.009856497222963334,AVGO
2026-08-04,0.03061189836346756,AVGO
2026-08-05,0.009376927407281244,AVGO
2026-08-06,0.009161089248507892,AVGO
2026-08-07,0.005293552930572432,AVGO
2026-08-10,-0.00961764905704321,AVGO
2026-08-11,-0.011712522292864236,AVGO
2026-08-12,-0.007352929260284746,AVGO
2026-08-13,-0.00725386977533482,AVGO
2026-08-14,-0.05989967050541445,AVGO
2026-08-17,0.00021681231654380184,AVGO
2026-08-18,-0.015107375011210955,AVGO
2026-08-19,-0.049462241445465516,AVGO
2024-01-02,,AMD
2024-01-03,-0.013167336605740765,AMD
2024-01-04,0.010245664987140302,AMD
2024-01-05,0.017533999585111815,AMD
2024-01-08,0.032933684621645476,AMD
2024-01-09,0.018877419382270055,AMD
2024-01-10,-0.011590209740970359,AMD
2024-01-11,-0.00558522985062293,AMD
2024-01-12,-0.010425415477651079,AMD
2024-01-16,0.07993043828428092,AMD
2024-01-17,0.014624792711840584,AMD
2024-01-18,0.0013933342347698385,AMD
2024-01-19,0.04901572925355602,AMD
2024-01-22,-0.03664641379749778,AMD
2024-01-23,-0.0027149323706865403,AMD
2024-01-24,0.0514167932563252,AMD
2024-01-25,0.010156463606029398,AMD
2024-01-26,-0.011251812450500331,AMD
2024-01-29,-0.006921603367842977,AMD
2024-01-30,-0.02630601375910846,AMD
2024-01-31,-0.005945643516393595,AMD
2024-02-01,0.004794236652815087,AMD
2024-02-02,0.024494376214718727,AMD
2024-02-05,-0.018189198365999637,AMD
2024-02-06,-0.035117447329854556,AMD
2024-02-07,0.007825394196416369,AMD
2024-02-08,-0.0111952013944423,AMD
2024-02-09,0.008518847198527801,AMD
2024-02-12,0.0006100680650025225,AMD
2024-02-13,0.013565189268085476,AMD
2024-02-14,0.030053660236275093,AMD
2024-02-15,-0.013888870385523333,AMD
2024-02-16,-0.007375921969302368,AMD
2024-02-20,-0.04061247954276315,AMD
2024-02-21,-0.004475656789927562,AMD
2024-02-22,0.07274861639966179,AMD
2024-02-23,-0.026853909844472668,AMD
2024-02-26,-0.0023666910822086606,AMD
2024-02-27,0.00884046263962901,AMD
2024-02-28,-0.002897423548371414,AMD
2024-02-29,0.07817184469419747,AMD
2024-03-01,0.03623421975900154,AMD
2024-03-04,0.016908019561495458,AMD
2024-03-05,0.016992055833896735,AMD
2024-03-06,0.020195186782698826,AMD
2024-03-07,-0.011509684572273748,AMD
2024-03-08,-0.004516210652212749,AMD
2024-03-11,-0.04064684159492504,AMD
2024-03-12,0.0075551744565061085,AMD
2024-03-13,-0.03238527408355285,AMD
2024-03-14,-0.03796823342466027,AMD
2024-03-15,0.03311625336293389,AMD
2024-03-18,-0.01164052372873936,AMD
2024-03-19,-0.052112969428947054,AMD
2024-03-20,-0.021145939353628407,AMD
2024-03-21,-0.010580364892979865,AMD
2024-03-22,0.004270846215655766,AMD
2024-03-25,-0.0020578801217991938,AMD
2024-03-26,-0.001020927878916389,AMD
2024-03-27,0.0062232374121879985,AMD
2024-03-28,0.006844003966491208,AMD
2024-04-01,0.013552156504399449,AMD
2024-04-02,-0.016966330548993547,AMD
2024-04-03,0.009275348692304064,AMD
2024-04-04,-0.07085350326033968,AMD
2024-04-05,0.015587730705107994,AMD
2024-04-08,-0.0033510748874769902,AMD
2024-04-09,0.0014734081903924334,AMD
2024-04-10,-0.012777523472293772,AMD
2024-04-11,0.004061435473142083,AMD
2024-04-12,-0.027198395638192707,AMD
2024-04-15,-0.001706939625096382,AMD
2024-04-16,0.019303775203137086,AMD
2024-04-17,-0.04720955229301005,AMD
2024-04-18,0.012581359926289615,AMD
2024-04-19,-0.03505432228477812,AMD
2024-04-22,0.0035402163623183824,AMD
2024-04-23,0.00931545257562938,AMD
2024-04-24,-0.006868812744660779,AMD
2024-04-25,0.018066052100987662,AMD
2024-04-26,0.008083495788881123,AMD
2024-04-29,0.013580457397070589,AMD
2024-04-30,0.007610571161723811,AMD
2024-05-01,-0.0860538010197871,AMD
2024-05-02,0.00033274677547368015,AMD
2024-05-03,0.010026269965966783,AMD
2024-05-06,0.022923564889391734,AMD
2024-05-07,-0.008862839088378927,AMD
2024-05-08,-0.00466829062841434,AMD
2024-05-09,-0.010218015119830781,AMD
2024-05-10,-0.005444533206707902,AMD
2024-05-13,-0.011296977327246438,AMD
2024-05-14,0.010709835507731746,AMD
2024-05-15,0.02611658667415373,AMD
2024-05-16,0.020340383015303942,AMD
2024-05-17,0.011798907359994004,AMD
2024-05-20,0.004297113186833457,AMD
2024-05-21,-0.012045597928298513,AMD
2024-05-22,0.005406845481449096,AMD
2024-05-23,-0.02672582114783939,AMD
2024-05-24,0.026884465149223935,AMD
2024-05-28,0.027299843550807168,AMD
2024-05-29,-0.03135771375801433,AMD
2024-05-30,0.02047331290072041,AMD
2024-05-31,0.0027612224486768255,AMD
2024-06-03,-0.025631099225968512,AMD
2024-06-04,-0.024740154069755604,AMD
2024-06-05,0.017940761725239618,AMD
2024-06-06,0.004009442923576856,AMD
2024-06-07,0.007399460476340103,AMD
2024-06-10,-0.049924262220045534,AMD
2024-06-11,-0.0154832534175533,AMD
2024-06-12,-0.004992698363854409,AMD
2024-06-13,-0.007529635929687473,AMD
2024-06-14,-0.0068577857760567795,AMD
2024-06-17,-0.019910719754225426,AMD
2024-06-18,-0.02439734157497142,AMD
2024-06-20,0.05294004850041656,AMD
2024-06-21,-0.0007227038604815661,AMD
2024-06-24,0.005353170860572298,AMD
2024-06-25,-0.011370716406299941,AMD
2024-06-26,-0.019118805220943003,AMD
2024-06-27,0.009598558945347335,AMD
2024-06-28,0.02224039982229442,AMD
2024-07-01,-0.03410861773728069,AMD
2024-07-02,0.03067886402409492,AMD
2024-07-03,-0.010801064558848772,AMD
2024-07-05,0.037283560914368685,AMD
2024-07-08,0.03636427685995525,AMD
2024-07-09,-0.009802121166053723,AMD
2024-07-10,0.02763127184330294,AMD
2024-07-11,0.011132815689005149,AMD
2024-07-12,-0.007673091858898751,AMD
2024-07-15,-0.01253373379088707,AMD
2024-07-16,-0.013142612433359346,AMD
2024-07-17,-0.07785299751391861,AMD
2024-07-18,-0.018480579698036514,AMD
2024-07-19,-0.018363914999505404,AMD
2024-07-22,0.013120931567333294,AMD
2024-07-23,-0.008538800736956453,AMD
2024-07-24,-0.026244475122755517,AMD
2024-07-25,-0.03351988493774094,AMD
2024-07-26,0.0017973563111048918,AMD
2024-07-29,-0.0037226757149744216,AMD
2024-07-30,0.004408490878570426,AMD
2024-07-31,0.013539646185789955,AMD
2024-08-01,-0.06173691197391662,AMD
2024-08-02,0.023719383522168513,AMD
2024-08-05,0.04762769266845179,AMD
2024-08-06,-0.04453241880213987,AMD
2024-08-07,-0.0007781116017726575,AMD
2024-08-08,0.027621779817354586,AMD
2024-08-09,-0.020361241839816913,AMD
2024-08-12,0.01629678037491189,AMD
2024-08-13,0.006870858126569068,AMD
2024-08-14,-0.0030205554802318346,AMD
2024-08-15,0.02094405927661569,AMD
2024-08-16,0.006825306378520857,AMD
2024-08-19,0.03119062550386964,AMD
2024-08-20,0.009287728908788928,AMD
2024-08-21,0.004321582529583701,AMD
2024-08-22,-0.023504847852275468,AMD
2024-08-23,0.01060402843507724,AMD
2024-08-26,-0.022971691310208264,AMD
2024-08-27,0.0004115172301855097,AMD
2024-08-28,-0.016481310231940327,AMD
2024-08-29,-0.004497080643274032,AMD
2024-08-30,0.00903252727851278,AMD
2024-09-03,-0.050614687224151744,AMD
2024-09-04,0.030896573268040406,AMD
2024-09-05,-0.011136201707333981,AMD
2024-09-06,-0.010033442030493056,AMD
2024-09-09,0.0151138894599665,AMD
2024-09-10,0.024185880666058424,AMD
2024-09-11,0.02649342419021572,AMD
2024-09-12,-0.0037141680761418883,AMD
2024-09-13,0.005692317587773665,AMD
2024-09-16,0.0029166411370837864,AMD
2024-09-17,-0.008847789105931092,AMD
2024-09-18,-0.012578543815073395,AMD
2024-09-19,0.03044882093520851,AMD
2024-09-20,-0.003147752247246949,AMD
2024-09-23,0.002469495346398176,AMD
2024-09-24,0.005154225275352253,AMD
2024-09-25,0.022174642563004276,AMD
2024-09-26,0.02571895983652084,AMD
2024-09-27,-0.013352870806055961,AMD
2024-09-30,-0.0043522165933840284,AMD
2024-10-01,-0.01271374456987484,AMD
2024-10-02,-0.0012242286396544344,AMD
2024-10-03,0.019778987141767068,AMD
2024-10-04,0.036421128764210664,AMD
2024-10-07,0.011179010519779098,AMD
2024-10-08,-0.004177465889187992,AMD
2024-10-09,-0.018191934204824456,AMD
2024-10-10,-0.039680936058634764,AMD
2024-10-11,0.02078368545647269,AMD
2024-10-14,-0.0240848849888069,AMD
2024-10-15,-0.040173419199559746,AMD
2024-10-16,-0.0033832911254165765,AMD
2024-10-17,7.584855482889452e-05,AMD
2024-10-18,-0.008326941782484276,AMD
2024-10-21,0.010378776282040647,AMD
2024-10-22,-0.025514407322547505,AMD
2024-10-23,0.007755184997294329,AMD
2024-10-24,-0.004615982727045775,AMD
2024-10-25,0.011944423152288941,AMD
2024-10-28,0.023182919437696903,AMD
2024-10-29,0.029256520074806502,AMD
2024-10-30,-0.10464833173569321,AMD
2024-10-31,-0.005391870769443585,AMD
2024-11-01,-0.02283049061663167,AMD
2024-11-04,-0.005222109315103474,AMD
2024-11-05,-0.0059474519947047,AMD
2024-11-06,-0.0028075038396853103,AMD
2024-11-07,0.01638978022936577,AMD
2024-11-08,-0.013727877523572296,AMD
2024-11-11,-0.00348006125538447,AMD
2024-11-12,-0.023758527066938484,AMD
2024-11-13,-0.029323105808312988,AMD
2024-11-14,0.0036662180866002814,AMD
2024-11-15,-0.004674031799334344,AMD
2024-11-18,0.02251283376853852,AMD
2024-11-19,-0.0035505203311689826,AMD
2024-11-20,-0.012348746950512357,AMD
2024-11-21,-0.004390481258278456,AMD
2024-11-22,0.00463281634159074,AMD
2024-11-25,0.018314288332499373,AMD
2024-11-26,-0.029813655687686236,AMD
2024-11-27,-0.002899994821647489,AMD
2024-11-29,-0.0018727213786728925,AMD
2024-12-02,0.024126541566702464,AMD
2024-12-03,-0.003624671866560014,AMD
2024-12-04,0.001770493443367549,AMD
2024-12-05,-0.01565915571234555,AMD
2024-12-06,-0.028699662731851205,AMD
2024-12-09,-0.049497622823604814,AMD
2024-12-10,-0.0207941253160282,AMD
2024-12-11,0.0009467630881863087,AMD
2024-12-12,0.009926205550314648,AMD
2024-12-13,-0.03628634294849675,AMD
2024-12-16,-0.016032700550669965,AMD
2024-12-17,-0.00885594976771742,AMD
2024-12-18,0.007443248920603551,AMD
2024-12-19,-0.016595467288079035,AMD
2024-12-20,-0.005922418509816119,AMD
2024-12-23,0.034526255392038685,AMD
2024-12-24,3.4986536361358844e-06,AMD
2024-12-26,-0.00910757061871248,AMD
2024-12-27,0.014421196063098662,AMD
2024-12-30,-0.008822363796772592,AMD
2024-12-31,-0.005036560507789112,AMD
2025-01-02,0.0006324699054056637,AMD
2025-01-03,0.022308689180739805,AMD
2025-01-06,0.02137016683009474,AMD
2025-01-07,0.0007206208973000727,AMD
2025-01-08,-0.04424813892342705,AMD
2025-01-10,-0.03296841502451464,AMD
2025-01-13,0.01418916634588463,AMD
2025-01-14,-0.00958953066190471,AMD
2025-01-15,0.010046925714346067,AMD
2025-01-16,-0.005721080819830249,AMD
2025-01-17,0.008440790775056328,AMD
2025-01-21,0.0008807108359931703,AMD
2025-01-22,-0.0007549497567955754,AMD
2025-01-23,-0.007877637466494392,AMD
2025-01-24,0.0040404616980405095,AMD
2025-01-27,-0.0363168113701704,AMD
2025-01-28,-0.022002316962198343,AMD
2025-01-29,0.02935200690022377,AMD
2025-01-30,0.008532256886759626,AMD
2025-01-31,-0.023333321982001998,AMD
2025-02-03,-0.006559468674891988,AMD
2025-02-04,0.03255170134480956,AMD
2025-02-05,-0.06925587643319364,AMD
2025-02-06,-0.02186040595109162,AMD
2025-02-07,-0.011191602776192688,AMD
2025-02-10,0.014753462635345826,AMD
2025-02-11,0.007979559891190924,AMD
2025-02-12,0.004978168051812837,AMD
2025-02-13,-0.013478018077680787,AMD
2025-02-14,0.007281471745950618,AMD
2025-02-18,0.008114710798142077,AMD
2025-02-19,0.0033031634855147374,AMD
2025-02-20,-0.0002906584689323921,AMD
2025-02-21,-0.008627686827946235,AMD
2025-02-24,-0.013063913197759902,AMD
2025-02-25,-0.02646370181871127,AMD
2025-02-26,0.005061897351850142,AMD
2025-02-27,-0.02305859741850025,AMD
2025-02-28,-0.012156962018112338,AMD
2025-03-03,0.005667999298733406,AMD
2025-03-04,0.028352756973411886,AMD
2025-03-05,-0.003861728034078915,AMD
2025-03-06,-0.0002339655430096954,AMD
2025-03-07,0.007335307784754441,AMD
2025-03-10,0.0021511409486443256,AMD
2025-03-11,0.0037378981077411666,AMD
2025-03-12,0.02958775645106204,AMD
2025-03-13,-0.008795667777195426,AMD
2025-03-14,0.004851136958771818,AMD
2025-03-17,0.028761713949058354,AMD
2025-03-18,0.006814854124123748,AMD
2025-03-19,0.012645580223966668,AMD
2025-03-20,0.011925223835170584,AMD
2025-03-21,-0.009846252723405335,AMD
2025-03-24,0.045593189671598644,AMD
2025-03-25,0.002706484042394486,AMD
2025-03-26,-0.022500325763309625,AMD
2025-03-27,-0.026939424150961955,AMD
2025-03-28,-0.006009275821360127,AMD
2025-03-31,-0.004618456435757423,AMD
2025-04-01,-0.0076395548414023295,AMD
2025-04-02,-0.005522109171737455,AMD
2025-04-03,-0.03815593069458867,AMD
2025-04-04,-0.02549081181442503,AMD
2025-04-07,-0.027441189185531734,AMD
2025-04-08,-0.04895166594918621,AMD
2025-04-09,0.10030638787476231,AMD
2025-04-10,-0.04433697659299263,AMD
2025-04-11,0.033375974675389664,AMD
2025-04-14,0.004953240920428037,AMD
2025-04-15,0.007210928309943299,AMD
2025-04-16,-0.04568061402110324,AMD
2025-04-17,-0.008808010093810381,AMD
2025-04-21,0.002637215964821138,AMD
2025-04-22,-0.017765342017757035,AMD
2025-04-23,0.024342864316431623,AMD
2025-04-24,0.01640017850497255,AMD
2025-04-25,0.011727563850365996,AMD
2025-04-28,-0.0023763055549848033,AMD
2025-04-29,-0.010012139356144978,AMD
2025-04-30,0.013465963070022902,AMD
2025-05-01,-0.020192716102437558,AMD
2025-05-02,0.007266666374555086,AMD
2025-05-05,0.02390527467528969,AMD
2025-05-06,-0.010433490932312495,AMD
2025-05-07,0.013571499165602852,AMD
2025-05-08,0.002991571279997274,AMD
2025-05-09,0.011802586896737743,AMD
2025-05-12,0.010135273803795641,AMD
2025-05-13,0.024229951735406985,AMD
2025-05-14,0.039736256320972885,AMD
2025-05-15,-0.02456216087322627,AMD
2025-05-16,0.01443760441494124,AMD
2025-05-19,-0.021915401204288365,AMD
2025-05-20,-0.007438967251058415,AMD
2025-05-21,0.0011377578274514022,AMD
2025-05-22,-0.013989806192861387,AMD
2025-05-23,0.00568425144505369,AMD
2025-05-27,0.014551308006962138,AMD
2025-05-28,-0.01050861267909653,AMD
2025-05-29,-0.00045871566006638886,AMD
2025-05-30,-0.0189801003974317,AMD
2025-06-02,0.026747516902652535,AMD
2025-06-03,0.015323905071600308,AMD
2025-06-04,0.007983864031523957,AMD
2025-06-05,-0.017118139657445575,AMD
2025-06-06,-0.005415262563905898,AMD
2025-06-09,0.045107631962699735,AMD
2025-06-10,0.00573613596405842,AMD
2025-06-11,-0.013811599694222743,AMD
2025-06-12,-0.02437888701452806,AMD
2025-06-13,-0.007310215484534588,AMD
2025-06-16,0.07058966003211342,AMD
2025-06-17,0.01540089738599093,AMD
2025-06-18,-0.002271845484886903,AMD
2025-06-20,0.015462946261021848,AMD
2025-06-23,0.00016500606801717055,AMD
2025-06-24,0.05088993328609259,AMD
2025-06-25,0.03271999683315041,AMD
2025-06-26,-0.0073562106164013485,AMD
2025-06-27,-0.0025133553014056176,AMD
2025-06-30,-0.019826531845329676,AMD
2025-07-01,-0.03319406382182599,AMD
2025-07-02,0.010610210995155356,AMD
2025-07-03,-0.014205487492311875,AMD
2025-07-07,-0.015247809062232776,AMD
2025-07-08,0.02159487812652916,AMD
2025-07-09,-0.002782209202005781,AMD
2025-07-10,0.0421428041971339,AMD
2025-07-11,0.01780835410895687,AMD
2025-07-14,-0.004850445834512662,AMD
2025-07-15,0.06118743314078756,AMD
2025-07-16,0.0272975033720968,AMD
2025-07-17,-0.006000842441196141,AMD
2025-07-18,-0.02058936212746776,AMD
2025-07-21,-0.0051077159436765385,AMD
2025-07-22,-0.009439577268151922,AMD
2025-07-23,0.020532564040017576,AMD
2025-07-24,0.019510238498006593,AMD
2025-07-25,0.02407425132794838,AMD
2025-07-28,0.03916383039576754,AMD
2025-07-29,0.02308328655493508,AMD
2025-07-30,0.010259488753694868,AMD
2025-07-31,-0.012673833228513232,AMD
2025-08-01,-0.006599768239472503,AMD
2025-08-04,0.010873879410907783,AMD
2025-08-05,-0.007258078689096337,AMD
2025-08-06,-0.0788538595662498,AMD
2025-08-07,0.05195266114519814,AMD
2025-08-08,-0.007199097022896339,AMD
2025-08-11,0.0001810351501534413,AMD
2025-08-12,0.002888889568839481,AMD
2025-08-13,0.05221557235287122,AMD
2025-08-14,-0.01821946826447718,AMD
2025-08-15,-0.014786624854178143,AMD
2025-08-18,-0.007349247510024526,AMD
2025-08-19,-0.04232304237968165,AMD
2025-08-20,-0.0021838807277951844,AMD
2025-08-21,-0.004419724147187054,AMD
2025-08-22,0.00912820666573566,AMD
2025-08-25,-0.02368917012135796,AMD
2025-08-26,0.015752189708002184,AMD
2025-08-27,0.0015204708561054048,AMD
2025-08-28,0.002398106463390448,AMD
2025-08-29,-0.02428962845059157,AMD
2025-09-02,0.006507298895499503,AMD
2025-09-03,-0.009007768414019957,AMD
2025-09-04,-0.011110239551115342,AMD
2025-09-05,-0.0695344045082198,AMD
2025-09-08,-0.003081208480605113,AMD
2025-09-09,0.025880919644727385,AMD
2025-09-10,0.023265849805341965,AMD
2025-09-11,-0.030359792831011312,AMD
2025-09-12,0.014050347537405194,AMD
2025-09-15,0.007680931172045824,AMD
2025-09-16,-0.003507618449480887,AMD
2025-09-17,-0.006136664294371208,AMD
2025-09-18,-0.016798076632880132,AMD
2025-09-19,-0.01010821537693829,AMD
2025-09-22,0.009230994294729733,AMD
2025-09-23,0.013587024685351778,AMD
2025-09-24,0.003392551622526163,AMD
2025-09-25,0.006741841945475002,AMD
2025-09-26,-0.015389377886435796,AMD
2025-09-29,0.007224360532013918,AMD
2025-09-30,-7.423264220385306e-05,AMD
2025-10-01,0.008842760239129888,AMD
2025-10-02,0.03017895278043614,AMD
2025-10-03,-0.026046887592062973,AMD
2025-10-06,0.20527189289424275,AMD
2025-10-07,0.042854388942999755,AMD
2025-10-08,0.09629466602653114,AMD
2025-10-09,-0.010188323891997975,AMD
2025-10-10,-0.04506241236465325,AMD
2025-10-13,-0.013951063587208878,AMD
2025-10-14,0.014370179280692064,AMD
2025-10-15,0.08284874342261794,AMD
2025-10-16,-0.013367323507212703,AMD
2025-10-17,-0.012875066391944578,AMD
2025-10-20,0.019065857037715794,AMD
2025-10-21,-0.010311339004674736,AMD
2025-10-22,-0.023637225805681616,AMD
2025-10-23,0.012092920571448396,AMD
2025-10-24,0.0629085721189524,AMD
2025-10-27,0.008685922878159502,AMD
2025-10-28,-0.014073854912161288,AMD
2025-10-29,0.019707007368406693,AMD
2025-10-30,-0.021155659746074917,AMD
2025-10-31,0.00019784589707949607,AMD
2025-11-03,0.008915086054041232,AMD
2025-11-04,-0.01716680509109647,AMD
2025-11-05,0.0183178504096988,AMD
2025-11-06,-0.056653226699855175,AMD
2025-11-07,-0.01449574096244266,AMD
2025-11-10,0.021849881183162445,AMD
2025-11-11,-0.02416723877319704,AMD
2025-11-12,0.08694011211130004,AMD
2025-11-13,-0.022508614490764245,AMD
2025-11-14,-0.005404343858744554,AMD
2025-11-17,-0.01723837973702036,AMD
2025-11-18,-0.031213361173591636,AMD
2025-11-19,-0.03565666412719537,AMD
2025-11-20,-0.05770527650758517,AMD
2025-11-21,-0.01841695592230508,AMD
2025-11-24,0.028577863506726864,AMD
2025-11-25,-0.04850826284154319,AMD
2025-11-26,0.02979291492164382,AMD
2025-11-28,0.007165299332166697,AMD
2025-12-01,0.013563935462865828,AMD
2025-12-02,-0.02857801358555978,AMD
2025-12-03,0.008464088649655643,AMD
2025-12-04,-0.006542129783520423,AMD
2025-12-05,0.005102593109854503,AMD
2025-12-08,0.016223120797810076,AMD
2025-12-09,0.001071277850836161,AMD
2025-12-10,-0.004990108820174477,AMD
2025-12-11,0.003284825754989562,AMD
2025-12-12,-0.02998822381846633,AMD
2025-12-15,-0.010265987473744964,AMD
2025-12-16,0.0056506515635001975,AMD
2025-12-17,-0.035613965040901974,AMD
2025-12-18,0.0003947063883220636,AMD
2025-12-19,0.046754485647602984,AMD
2025-12-22,0.0023144756238480113,AMD
2025-12-23,-0.0049050412344682215,AMD
2025-12-24,-0.002270139643550273,AMD
2025-12-26,-0.0001682572517136549,AMD
2025-12-29,0.007732020760776059,AMD
2025-12-30,0.001069015369347781,AMD
2025-12-31,0.0028052263742113226,AMD
2026-01-02,0.04449267456545414,AMD
2026-01-05,-0.018664036491261804,AMD
2026-01-06,-0.03966263154567784,AMD
2026-01-07,-0.021369481339577945,AMD
2026-01-08,-0.020049792819007983,AMD
2026-01-09,-0.017315645040801186,AMD
2026-01-12,0.02117413147335867,AMD
2026-01-13,0.06346428611267463,AMD
2026-01-14,0.022572117705895955,AMD
2026-01-15,0.015542915494815901,AMD
2026-01-16,0.017846367092674953,AMD
2026-01-20,0.021864202777118535,AMD
2026-01-21,0.06084031157533154,AMD
2026-01-22,0.008366995381797082,AMD
2026-01-23,0.020026936332558698,AMD
2026-01-26,-0.03715330590505328,AMD
2026-01-27,-0.006163545147569671,AMD
2026-01-28,-0.0004928688838754525,AMD
2026-01-29,0.0037850322538144354,AMD
2026-01-30,-0.05113930122876997,AMD
2026-02-02,0.03266534684135358,AMD
2026-02-03,-0.0015530964684238313,AMD
2026-02-04,-0.17250184053372752,AMD
2026-02-05,-0.024670873088320278,AMD
2026-02-06,0.05863753268044025,AMD
2026-02-09,0.027996226911650268,AMD
2026-02-10,-0.00666359511913317,AMD
2026-02-11,-0.002631728393393651,AMD
2026-02-12,-0.015878010311913826,AMD
2026-02-13,0.004549871872903566,AMD
2026-02-17,-0.019632875096879054,AMD
2026-02-18,-0.022122264247802725,AMD
2026-02-19,0.019946821881699606,AMD
2026-02-20,-0.024769858535685252,AMD
2026-02-23,-0.0056663802478942316,AMD
2026-02-24,0.0733726010013962,AMD
2026-02-25,-0.02842285183347215,AMD
2026-02-26,-0.022506318960051175,AMD
2026-02-27,-0.01397736078513212,AMD
2026-03-02,-0.009289951356246107,AMD
2026-03-03,-0.028618518572328888,AMD
2026-03-04,0.04147446469038574,AMD
2026-03-05,-0.010033262420443556,AMD
2026-03-06,-0.020673668477174445,AMD
2026-03-09,0.03862873415474688,AMD
2026-03-10,0.0026934684236525896,AMD
2026-03-11,0.007973728582968853,AMD
2026-03-12,-0.01791501598117673,AMD
2026-03-13,-0.016299360079734093,AMD
2026-03-16,0.005205587518060106,AMD
2026-03-17,-0.006242821610888072,AMD
2026-03-18,0.02995646764806459,AMD
2026-03-19,0.03187772255825472,AMD
2026-03-20,-0.0007262164622554579,AMD
2026-03-23,-0.004730605063043569,AMD
2026-03-24,0.02004513904851457,AMD
2026-03-25,0.06348678397447127,AMD
2026-03-26,-0.05370476929958645,AMD
2026-03-27,0.01095631008929221,AMD
2026-03-30,-0.022226800484096643,AMD
2026-03-31,0.003709768822179882,AMD
2026-04-01,0.02050761255326705,AMD
2026-04-02,0.03294581683824038,AMD
2026-04-06,0.006247176357328854,AMD
2026-04-07,0.005959729032709582,AMD
2026-04-08,0.016104608522192088,AMD
2026-04-09,0.013836828225585407,AMD
2026-04-10,0.03344031329040842,AMD
2026-04-13,-0.00301096175784199,AMD
2026-04-14,0.014844088584963444,AMD
2026-04-15,-0.00201585323612008,AMD
2026-04-16,0.07032657306967938,AMD
2026-04-17,-0.01253216736846774,AMD
2026-04-20,-0.009253854103222103,AMD
2026-04-21,0.03791937418381064,AMD
2026-04-22,0.047959531343489736,AMD
2026-04-23,0.011791939995224432,AMD
2026-04-24,0.111316374357747,AMD
2026-04-27,-0.03915794333237965,AMD
2026-04-28,-0.024615547868294563,AMD
2026-04-29,0.036012046568068,AMD
2026-04-30,0.04098781613151292,AMD
2026-05-01,0.00736898289830723,AMD
2026-05-04,-0.05225245875295226,AMD
2026-05-05,0.02649450434106626,AMD
2026-05-06,0.15014734211541647,AMD
2026-05-07,-0.029971182735875068,AMD
2026-05-08,0.08515062765027004,AMD
2026-05-11,0.00498548279251132,AMD
2026-05-12,-0.01463427828526509,AMD
2026-05-13,-0.016749986382714965,AMD
2026-05-14,0.002300952602387163,AMD
2026-05-15,-0.043408796626161816,AMD
2026-05-18,-0.003048637323229464,AMD
2026-05-19,-0.010440861125121437,AMD
2026-05-20,0.06144044863469933,AMD
2026-05-21,0.0025756362063056315,AMD
2026-05-22,0.034853011464386796,AMD
2026-05-26,0.05733785088722776,AMD
2026-05-27,-0.015572710999696149,AMD
2026-05-28,0.03610534534182808,AMD
2026-05-29,-0.0075258326152845,AMD
2026-06-01,-0.017617199051967347,AMD
2026-06-02,0.017526385943059886,AMD
2026-06-03,0.04205579754055844,AMD
2026-06-04,-0.031412052949436386,AMD
2026-06-05,-0.06577177916816535,AMD
2026-06-08,0.03458280588363394,AMD
2026-06-09,-0.01911669445466746,AMD
2026-06-10,-0.02964246413442062,AMD
2026-06-11,0.04345245304168177,AMD
2026-06-12,0.04037986722823028,AMD
2026-06-15,0.036509134199127935,AMD
2026-06-16,-0.05665283221555306,AMD
2026-06-17,0.020300255757986108,AMD
2026-06-18,0.022668761254372782,AMD
2026-06-22,0.0287039417726227,AMD
2026-06-23,-0.025853871184953192,AMD
2026-06-24,0.004043265020907683,AMD
2026-06-25,0.01631275265221177,AMD
2026-06-26,-0.0069924376945049715,AMD
2026-06-29,0.009211162469550338,AMD
2026-06-30,0.05709998715246378,AMD
2026-07-01,-0.056030945524909725,AMD
2026-07-02,-0.02608387849374516,AMD
2026-07-06,0.04977087437693406,AMD
2026-07-07,-0.04862028883862379,AMD
2026-07-08,-0.00031361574994370756,AMD
2026-07-09,0.03859581530093514,AMD
2026-07-10,0.01714669545568892,AMD
2026-07-13,-0.02387369287895602,AMD
2026-07-14,0.014278652446213513,AMD
2026-07-15,-0.03254622492730963,AMD
2026-07-16,-0.038189615138120914,AMD
2026-07-17,0.004749293953656419,AMD
2026-07-20,0.014581503087436332,AMD
2026-07-21,0.05963930730434086,AMD
2026-07-22,0.019525434622146065,AMD
2026-07-23,-0.003984902839422766,AMD
2026-07-24,-0.022188991555494475,AMD
2026-07-27,-0.05002654763330039,AMD
2026-07-28,-0.07522762829621854,AMD
2026-07-29,-0.03611972038103328,AMD
2026-07-30,0.08974909810824627,AMD
2026-07-31,-0.025694304101525844,AMD
2026-08-03,0.00026740792644375233,AMD
2026-08-04,0.034284148077230014,AMD
2026-08-05,-0.0639565134028306,AMD
2026-08-06,0.018588302055547956,AMD
2026-08-07,-0.023831041988929158,AMD
2026-08-10,-0.02597366005127455,AMD
2026-08-11,0.013448812486414496,AMD
2026-08-12,0.010708657532883414,AMD
2026-08-13,-0.01133351192655585,AMD
2026-08-14,0.06431130688880504,AMD
2026-08-17,-0.014802296784454327,AMD
2026-08-18,-0.026566740703566794,AMD
2026-08-19,-0.03863845281726341,AMD
2024-01-02,,MRVL
2024-01-03,-0.013899980016645053,MRVL
2024-01-04,0.029034704587607152,MRVL
2024-01-05,0.03017570357613586,MRVL
2024-01-08,0.04713290309534557,MRVL
2024-01-09,-0.01200660952316035,MRVL
2024-01-10,-0.007385228941566346,MRVL
2024-01-11,0.03566786238860864,MRVL
2024-01-12,-0.003401653330591614,MRVL
2024-01-16,-0.0023415717214332332,MRVL
2024-01-17,0.003211903576990416,MRVL
2024-01-18,0.028586277325435283,MRVL
2024-01-19,0.02157798003458833,MRVL
2024-01-22,-0.015045559009679188,MRVL
2024-01-23,0.002823543390934269,MRVL
2024-01-24,0.017983623170879426,MRVL
2024-01-25,-0.033272973837950026,MRVL
2024-01-26,-0.022423786541953206,MRVL
2024-01-29,0.02020912033456046,MRVL
2024-01-30,-0.012174929406082668,MRVL
2024-01-31,0.003227038115160674,MRVL
2024-02-01,-0.02404250325291546,MRVL
2024-02-02,-0.00693749182216763,MRVL
2024-02-05,-0.006274952342836038,MRVL
2024-02-06,0.0029043220905196065,MRVL
2024-02-07,0.023330946357602578,MRVL
2024-02-08,0.021656616768546577,MRVL
2024-02-09,-0.04111663620406336,MRVL
2024-02-12,0.02675781050990622,MRVL
2024-02-13,-0.01733974789690773,MRVL
2024-02-14,0.0012707549789370276,MRVL
2024-02-15,-0.025261616571232715,MRVL
2024-02-16,-0.008090191933809443,MRVL
2024-02-20,-0.011459834420809223,MRVL
2024-02-21,0.01136253665608944,MRVL
2024-02-22,0.03542556570143418,MRVL
2024-02-23,-0.030375071435202905,MRVL
2024-02-26,0.015798810546992392,MRVL
2024-02-27,0.005002275989452798,MRVL
2024-02-28,-0.01793005552219462,MRVL
2024-02-29,0.05068000841014797,MRVL
2024-03-01,0.06481883536884325,MRVL
2024-03-04,0.025746427867193056,MRVL
2024-03-05,0.01026872849692495,MRVL
2024-03-06,0.026718283908095053,MRVL
2024-03-07,0.029638624698676175,MRVL
2024-03-08,-0.10609666672002849,MRVL
2024-03-11,-0.03769937689106051,MRVL
2024-03-12,-0.022419995320038133,MRVL
2024-03-13,-0.05169931915385284,MRVL
2024-03-14,-0.020661225719230458,MRVL
2024-03-15,0.023842418357983952,MRVL
2024-03-18,-0.004569374106401902,MRVL
2024-03-19,-0.03485173917826945,MRVL
2024-03-20,-0.004436041431423732,MRVL
2024-03-21,0.01117260375716711,MRVL
2024-03-22,-0.001894519033492692,MRVL
2024-03-25,-0.002695778848933017,MRVL
2024-03-26,0.035095398083729634,MRVL
2024-03-27,0.054238214110078786,MRVL
2024-03-28,-0.01812918581134859,MRVL
2024-04-01,0.030092452148929638,MRVL
2024-04-02,0.013981324262964279,MRVL
2024-04-03,-0.009880624305250052,MRVL
2024-04-04,-0.014473253976153622,MRVL
2024-04-05,0.012949960755512357,MRVL
2024-04-08,-0.010394030251654307,MRVL
2024-04-09,0.015858847912258334,MRVL
2024-04-10,-0.017621128642536732,MRVL
2024-04-11,-0.013602846113571765,MRVL
2024-04-12,-0.0032681978926607513,MRVL
2024-04-15,-0.016449134688645728,MRVL
2024-04-16,0.005782719596093777,MRVL
2024-04-17,-0.014439214501606124,MRVL
2024-04-18,-0.013105894787105221,MRVL
2024-04-19,-0.027937590796029532,MRVL
2024-04-22,0.001992833755203094,MRVL
2024-04-23,0.0006523627470667037,MRVL
2024-04-24,0.012001696903618964,MRVL
2024-04-25,0.04459605119245058,MRVL
2024-04-26,0.0159067516428264,MRVL
2024-04-29,-0.016627372075864955,MRVL
2024-04-30,-0.02315013070217553,MRVL
2024-05-01,-0.02496685881354299,MRVL
2024-05-02,0.031005868764598432,MRVL
2024-05-03,0.007325475521834157,MRVL
2024-05-06,0.008046983663144047,MRVL
2024-05-07,-0.01662139507443161,MRVL
2024-05-08,-0.0077434374103591,MRVL
2024-05-09,-0.008512390542636972,MRVL
2024-05-10,0.009249425549541002,MRVL
2024-05-13,0.0056960931634026934,MRVL
2024-05-14,-0.02100647174030712,MRVL
2024-05-15,0.015324895446603648,MRVL
2024-05-16,0.04295213971003431,MRVL
2024-05-17,-0.015513421048103382,MRVL
2024-05-20,0.027893435723726157,MRVL
2024-05-21,-0.017790235623252215,MRVL
2024-05-22,0.005368218823162962,MRVL
2024-05-23,0.02253198915614618,MRVL
2024-05-24,0.012474268863837068,MRVL
2024-05-28,0.017519190202457402,MRVL
2024-05-29,-0.02602315343383932,MRVL
2024-05-30,0.02479224762467247,MRVL
2024-05-31,-0.1086443510194588,MRVL
2024-06-03,-0.014112720404390267,MRVL
2024-06-04,-0.029928263105154507,MRVL
2024-06-05,0.03027919884148389,MRVL
2024-06-06,-0.024311640100709297,MRVL
2024-06-07,-0.0007314876623452093,MRVL
2024-06-10,0.017503391206391328,MRVL
2024-06-11,0.006459160358844862,MRVL
2024-06-12,0.028172735238940483,MRVL
2024-06-13,-0.012107370560069164,MRVL
2024-06-14,0.00030621722066026535,MRVL
2024-06-17,-0.03216369813135245,MRVL
2024-06-18,0.0179032940013375,MRVL
2024-06-20,0.009104115705420135,MRVL
2024-06-21,-0.01592165999854611,MRVL
2024-06-24,-0.047567726445094216,MRVL
2024-06-25,-0.004166189689101429,MRVL
2024-06-26,-0.001916635580974102,MRVL
2024-06-27,0.004137490875269378,MRVL
2024-06-28,0.02208425738408426,MRVL
2024-07-01,0.009766121611192169,MRVL
2024-07-02,-0.0020296411524665103,MRVL
2024-07-03,4.240483160788955e-05,MRVL
2024-07-05,-0.01203622942368554,MRVL
2024-07-08,0.03613544188640283,MRVL
2024-07-09,-0.015251192838146466,MRVL
2024-07-10,0.0036138438661685868,MRVL
2024-07-11,-0.014549621580628447,MRVL
2024-07-12,0.014320210681672663,MRVL
2024-07-15,-0.002548462093107773,MRVL
2024-07-16,0.026428463426102944,MRVL
2024-07-17,-0.07718436065018075,MRVL
2024-07-18,0.008857172424227677,MRVL
2024-07-19,-0.01633556372698397,MRVL
2024-07-22,0.02211132393530857,MRVL
2024-07-23,-0.005494181407871501,MRVL
2024-07-24,-0.02436034096301576,MRVL
2024-07-25,0.0054790776665836205,MRVL
2024-07-26,0.01647257117759704,MRVL
2024-07-29,-0.02105492730369196,MRVL
2024-07-30,-0.012573419265065056,MRVL
2024-07-31,0.03527472623834704,MRVL
2024-08-01,-0.035787702746700845,MRVL
2024-08-02,-0.03829983504073109,MRVL
2024-08-05,0.003241113594400602,MRVL
2024-08-06,-1.7982699123564316e-05,MRVL
2024-08-07,-0.025313322083459155,MRVL
2024-08-08,0.05533426113353013,MRVL
2024-08-09,-0.015067521864952305,MRVL
2024-08-12,-0.0029773378114805737,MRVL
2024-08-13,0.03234558016825506,MRVL
2024-08-14,-0.004391853118741018,MRVL
2024-08-15,0.05833213606578447,MRVL
2024-08-16,-0.0014294162832175772,MRVL
2024-08-19,0.01145924035386603,MRVL
2024-08-20,-0.02111126231582361,MRVL
2024-08-21,0.022772805638783034,MRVL
2024-08-22,-0.02230831817477963,MRVL
2024-08-23,0.034487462149606074,MRVL
2024-08-26,-0.03319144461104617,MRVL
2024-08-27,0.009866490470144207,MRVL
2024-08-28,-0.006973662527368418,MRVL
2024-08-29,0.02171406097224793,MRVL
2024-08-30,0.0758305895941751,MRVL
2024-09-03,-0.054274188523863565,MRVL
2024-09-04,0.014668501534967682,MRVL
2024-09-05,-0.01485796177632892,MRVL
2024-09-06,-0.027089548505604633,MRVL
2024-09-09,0.02763336367252922,MRVL
2024-09-10,0.028804304764224575,MRVL
2024-09-11,0.023442270739550963,MRVL
2024-09-12,-0.017677408315996068,MRVL
2024-09-13,-0.002050429396226683,MRVL
2024-09-16,-0.01017907300600207,MRVL
2024-09-17,-0.009148223026095081,MRVL
2024-09-18,-0.012568475851755245,MRVL
2024-09-19,0.02052052794510839,MRVL
2024-09-20,-0.011674744884169641,MRVL
2024-09-23,-0.030930350069468204,MRVL
2024-09-24,-0.013342977074376705,MRVL
2024-09-25,-0.0012075135470057674,MRVL
2024-09-26,0.023907895960211256,MRVL
2024-09-27,-0.028493392137777462,MRVL
2024-09-30,0.01308445849440698,MRVL
2024-10-01,-0.011387222612733616,MRVL
2024-10-02,0.022895646756004417,MRVL
2024-10-03,0.0035194792499870786,MRVL
2024-10-04,0.004238533445034776,MRVL
2024-10-07,0.014983442220684928,MRVL
2024-10-08,-0.02313310465748586,MRVL
2024-10-09,-0.01153757389182708,MRVL
2024-10-10,-0.002990742146622871,MRVL
2024-10-11,0.019327493154794873,MRVL
2024-10-14,0.04004123664145709,MRVL
2024-10-15,0.03548338880043733,MRVL
2024-10-16,0.028062537871231363,MRVL
2024-10-17,-0.02260048483857169,MRVL
2024-10-18,-0.007284439184562785,MRVL
2024-10-21,0.022574615294108646,MRVL
2024-10-22,0.017315322873484362,MRVL
2024-10-23,-0.0029621995609554475,MRVL
2024-10-24,-0.006854696548269423,MRVL
2024-10-25,-0.009988625281478036,MRVL
2024-10-28,0.02201437004780704,MRVL
2024-10-29,0.007430502307063769,MRVL
2024-10-30,-0.017106562321543173,MRVL
2024-10-31,-0.007460398526354162,MRVL
2024-11-01,0.04916915541095346,MRVL
2024-11-04,-0.0016936500325392956,MRVL
2024-11-05,0.02008303992153415,MRVL
2024-11-06,0.011894689251614743,MRVL
2024-11-07,0.020249381930318222,MRVL
2024-11-08,-0.0026590335390839215,MRVL
2024-11-11,-0.016079001046333197,MRVL
2024-11-12,0.007540534962320322,MRVL
2024-11-13,-0.028356579734671428,MRVL
2024-11-14,0.013944232233744636,MRVL
2024-11-15,-0.008039719275325652,MRVL
2024-11-18,0.0030457860386956526,MRVL
2024-11-19,0.00022046789524399202,MRVL
2024-11-20,0.0063797685069379995,MRVL
2024-11-21,0.03011038415445899,MRVL
2024-11-22,-0.006240094213517899,MRVL
2024-11-25,-0.004503286143397567,MRVL
2024-11-26,0.004355075730964941,MRVL
2024-11-27,-0.02527897244219446,MRVL
2024-11-29,0.01959190508217379,MRVL
2024-12-02,0.03317702289853752,MRVL
2024-12-03,-0.012917725317241668,MRVL
2024-12-04,0.19625744801266531,MRVL
2024-12-05,-0.03852327871331962,MRVL
2024-12-06,-0.007675743964232318,MRVL
2024-12-09,-0.050963753729966754,MRVL
2024-12-10,0.00013790998098262008,MRVL
2024-12-11,0.025190532593353687,MRVL
2024-12-12,-0.014853997079154801,MRVL
2024-12-13,0.09482291287127076,MRVL
2024-12-16,0.018366730106181173,MRVL
2024-12-17,-0.10141014190659359,MRVL
2024-12-18,-0.02736149676939892,MRVL
2024-12-19,0.040196473833661095,MRVL
2024-12-20,0.016554477076297758,MRVL
2024-12-23,0.006789677875520539,MRVL
2024-12-24,0.00559931619003784,MRVL
2024-12-26,-0.0013923699048783433,MRVL
2024-12-27,-0.004845246185682939,MRVL
2024-12-30,-0.004011851032737823,MRVL
2024-12-31,-0.002364482413830693,MRVL
2025-01-02,0.029726232821301046,MRVL
2025-01-03,0.023644925505137415,MRVL
2025-01-06,-0.004428842837039149,MRVL
2025-01-07,-0.005631035144441299,MRVL
2025-01-08,0.01688612612765894,MRVL
2025-01-10,-0.017317336458436472,MRVL
2025-01-13,0.010452945397463331,MRVL
2025-01-14,0.0013840520063457262,MRVL
2025-01-15,-0.015825219738125007,MRVL
2025-01-16,0.02055943036751806,MRVL
2025-01-17,0.042535384487323746,MRVL
2025-01-21,-0.013733870385779667,MRVL
2025-01-22,-0.0012183588002621093,MRVL
2025-01-23,0.004641886061315326,MRVL
2025-01-24,-0.010647916728527385,MRVL
2025-01-27,-0.1824312420494678,MRVL
2025-01-28,0.020099860050899032,MRVL
2025-01-29,0.029507568600992684,MRVL
2025-01-30,0.028358366826802595,MRVL
2025-01-31,0.024126195477113477,MRVL
2025-02-03,0.014218705288323363,MRVL
2025-02-04,-0.04687353148689244,MRVL
2025-02-05,0.05536180358307785,MRVL
2025-02-06,0.018384295544162654,MRVL
2025-02-07,-0.06234388909193811,MRVL
2025-02-10,0.007483169934685563,MRVL
2025-02-11,-0.030784726909621085,MRVL
2025-02-12,-0.0350826667038886,MRVL
2025-02-13,-0.03266414796930217,MRVL
2025-02-14,0.024477455338643317,MRVL
2025-02-18,0.005032107707192424,MRVL
2025-02-19,0.03407687169831064,MRVL
2025-02-20,-0.016953085310655425,MRVL
2025-02-21,-0.025148273687120692,MRVL
2025-02-24,-0.0466390361714879,MRVL
2025-02-25,-0.03876987825517553,MRVL
2025-02-26,0.017811298657862018,MRVL
2025-02-27,-0.05130787867904818,MRVL
2025-02-28,0.030810545330472117,MRVL
2025-03-03,-0.045336040203743266,MRVL
2025-03-04,0.0317333650409255,MRVL
2025-03-05,0.007332445692239453,MRVL
2025-03-06,-0.1929218576067271,MRVL
2025-03-07,-0.02744998631675699,MRVL
2025-03-10,-0.03625447370438817,MRVL
2025-03-11,0.024829196718267887,MRVL
2025-03-12,0.028054632638487398,MRVL
2025-03-13,0.002426219641356475,MRVL
2025-03-14,-0.024174060899731842,MRVL
2025-03-17,0.017399343587269023,MRVL
2025-03-18,-0.013381997115695654,MRVL
2025-03-19,0.008867697490158477,MRVL
2025-03-20,0.013089246607556504,MRVL
2025-03-21,-0.004711332607509888,MRVL
2025-03-24,0.011408222167379023,MRVL
2025-03-25,-0.020784569619996418,MRVL
2025-03-26,-0.052395879520585,MRVL
2025-03-27,-0.023158909382694937,MRVL
2025-03-28,-0.01777106802409545,MRVL
2025-03-31,-0.00756199186995854,MRVL
2025-04-01,0.0096793232766057,MRVL
2025-04-02,0.0016240161619744953,MRVL
2025-04-03,-0.07285667468366874,MRVL
2025-04-04,-0.05422351946816084,MRVL
2025-04-07,0.02885781195425352,MRVL
2025-04-08,-0.001030124973945501,MRVL
2025-04-09,0.08423896538764186,MRVL
2025-04-10,-0.09891859473338016,MRVL
2025-04-11,-0.007332649436866845,MRVL
2025-04-14,-0.028147494185285726,MRVL
2025-04-15,0.018966181349698186,MRVL
2025-04-16,0.004202503581213879,MRVL
2025-04-17,-0.0042587649342094025,MRVL
2025-04-21,-0.02085408759976559,MRVL
2025-04-22,-0.0011123218271147373,MRVL
2025-04-23,0.037944247646006346,MRVL
2025-04-24,0.03635983701743495,MRVL
2025-04-25,0.0162701165459902,MRVL
2025-04-28,-0.0034233394245184456,MRVL
2025-04-29,-0.006923398638408074,MRVL
2025-04-30,-0.0051707059798467014,MRVL
2025-05-01,0.03027559838960059,MRVL
2025-05-02,0.0076542857503714146,MRVL
2025-05-05,0.0003189657610755958,MRVL
2025-05-06,-0.0029925883580350643,MRVL
2025-05-07,-0.08751990437432688,MRVL
2025-05-08,0.012899084474774725,MRVL
2025-05-09,0.03510653097538352,MRVL
2025-05-12,0.038238659861017155,MRVL
2025-05-13,-4.620553981560249e-05,MRVL
2025-05-14,0.0004186908290177982,MRVL
2025-05-15,-0.01177752977939317,MRVL
2025-05-16,-0.026676495374585052,MRVL
2025-05-19,-0.019958087372201838,MRVL
2025-05-20,-0.015051893254883986,MRVL
2025-05-21,-0.007564923123739575,MRVL
2025-05-22,0.02666623809255242,MRVL
2025-05-23,-0.009629223225366523,MRVL
2025-05-27,0.027034890194720163,MRVL
2025-05-28,0.01643487084304507,MRVL
2025-05-29,-0.01536801544966071,MRVL
2025-05-30,-0.05557083157354725,MRVL
2025-06-02,0.013175845741544734,MRVL
2025-06-03,0.006588196778800182,MRVL
2025-06-04,0.05848187324375953,MRVL
2025-06-05,-0.009788566976468793,MRVL
2025-06-06,0.03806776389179056,MRVL
2025-06-09,0.010020998908267131,MRVL
2025-06-10,-0.010940488292642492,MRVL
2025-06-11,-0.005378927650882659,MRVL
2025-06-12,0.01796315952252936,MRVL
2025-06-13,-0.0231804596416616,MRVL
2025-06-16,0.03313888201289039,MRVL
2025-06-17,0.0036739491013193515,MRVL
2025-06-18,0.0686390580355365,MRVL
2025-06-20,-0.015308158334180533,MRVL
2025-06-23,-0.04807490734444997,MRVL
2025-06-24,0.04553143503249313,MRVL
2025-06-25,0.006974484514835844,MRVL
2025-06-26,0.04253282914281886,MRVL
2025-06-27,-0.03918807559359383,MRVL
2025-06-30,-0.003350585781637605,MRVL
2025-07-01,-0.006635612546608272,MRVL
2025-07-02,-0.0333895488828011,MRVL
2025-07-03,0.002655468331847821,MRVL
2025-07-07,-0.04192738286126474,MRVL
2025-07-08,0.005013429087723509,MRVL
2025-07-09,-0.002754675105864024,MRVL
2025-07-10,0.016547407952364424,MRVL
2025-07-11,-0.005828692997133622,MRVL
2025-07-14,-0.006374877603348317,MRVL
2025-07-15,-0.002296339272865211,MRVL
2025-07-16,-0.022802804112422415,MRVL
2025-07-17,0.008179908220392385,MRVL
2025-07-18,0.036967035039448426,MRVL
2025-07-21,-0.026700836521752258,MRVL
2025-07-22,-0.009564731106300073,MRVL
2025-07-23,0.013073207544269216,MRVL
2025-07-24,0.008328199209530318,MRVL
2025-07-25,-0.00011086555190598091,MRVL
2025-07-28,0.019529318996612588,MRVL
2025-07-29,0.007198740243718582,MRVL
2025-07-30,0.06700756467645252,MRVL
2025-07-31,-0.01158925969929836,MRVL
2025-08-01,-0.056617977891113114,MRVL
2025-08-04,0.009271662253872215,MRVL
2025-08-05,0.008118417694387148,MRVL
2025-08-06,-0.029747459524738673,MRVL
2025-08-07,0.0036333888130783976,MRVL
2025-08-08,0.01016838314930002,MRVL
2025-08-11,0.002187162466468884,MRVL
2025-08-12,-0.005655438031634041,MRVL
2025-08-13,0.018720371488263332,MRVL
2025-08-14,-0.0027604901467341847,MRVL
2025-08-15,-0.03231663207983537,MRVL
2025-08-18,0.007591267091537013,MRVL
2025-08-19,-0.04912472158437087,MRVL
2025-08-20,-0.00590929509017446,MRVL
2025-08-21,0.004499973220579712,MRVL
2025-08-22,0.009516640567323265,MRVL
2025-08-25,0.002203624436434737,MRVL
2025-08-26,0.013791160091890298,MRVL
2025-08-27,0.005575919151183051,MRVL
2025-08-28,0.02586338478977268,MRVL
2025-08-29,-0.1940757657557155,MRVL
2025-09-02,0.035560641301586315,MRVL
2025-09-03,-0.04392899315482168,MRVL
2025-09-04,0.01931142366562888,MRVL
2025-09-05,-0.013526912552455528,MRVL
2025-09-08,0.0364294408557555,MRVL
2025-09-09,0.00981770689047945,MRVL
2025-09-10,0.003555297242928468,MRVL
2025-09-11,-0.013433318151054863,MRVL
2025-09-12,0.006941029820387357,MRVL
2025-09-15,-0.007333389120981693,MRVL
2025-09-16,0.021830714523444428,MRVL
2025-09-17,0.03232076275376716,MRVL
2025-09-18,0.035793772478109886,MRVL
2025-09-19,-0.006342463796602971,MRVL
2025-09-22,0.011054804588081169,MRVL
2025-09-23,-0.0054568444884903755,MRVL
2025-09-24,0.07425916523749088,MRVL
2025-09-25,0.04972191985077057,MRVL
2025-09-26,-0.011768171809083405,MRVL
2025-09-29,-0.014043134223255649,MRVL
2025-09-30,0.01745033357870973,MRVL
2025-10-01,-0.006928837748936267,MRVL
2025-10-02,0.023061202500056055,MRVL
2025-10-03,0.004450569758005507,MRVL
2025-10-06,0.023352823840111725,MRVL
2025-10-07,-0.016894272942891142,MRVL
2025-10-08,0.05024666872714256,MRVL
2025-10-09,-0.018660741659854985,MRVL
2025-10-10,-0.021541747863566663,MRVL
2025-10-13,0.02220746024754927,MRVL
2025-10-14,-0.029423282825731256,MRVL
2025-10-15,0.023465454621256043,MRVL
2025-10-16,-0.003742826235506591,MRVL
2025-10-17,-0.009724031896654495,MRVL
2025-10-20,-0.03680532483852783,MRVL
2025-10-21,-0.01831633734111371,MRVL
2025-10-22,-0.029160259267936084,MRVL
2025-10-23,0.012628018659673224,MRVL
2025-10-24,0.005675993088530618,MRVL
2025-10-27,0.03535698099512796,MRVL
2025-10-28,-0.010482742081578955,MRVL
2025-10-29,0.014431500607270387,MRVL
2025-10-30,-0.0022749952694809394,MRVL
2025-10-31,0.051919433600819076,MRVL
2025-11-03,-0.041385917292784846,MRVL
2025-11-04,-0.010738838029789477,MRVL
2025-11-05,0.05236999301893697,MRVL
2025-11-06,0.02342104139121748,MRVL
2025-11-07,-0.023001348452995174,MRVL
2025-11-10,0.0032065712488629217,MRVL
2025-11-11,-0.0400649643912141,MRVL
2025-11-12,0.0007886429130854467,MRVL
2025-11-13,0.00015708165613670388,MRVL
2025-11-14,-0.013056753472111993,MRVL
2025-11-17,-0.026741421622622497,MRVL
2025-11-18,-0.04660807841985726,MRVL
2025-11-19,0.02705047100965796,MRVL
2025-11-20,-0.03479451486264473,MRVL
2025-11-21,0.0025070352111251637,MRVL
2025-11-24,0.05342938548939902,MRVL
2025-11-25,-0.010450482893435975,MRVL
2025-11-26,0.04134504213857593,MRVL
2025-11-28,0.010896174085173627,MRVL
2025-12-01,0.02220181676754862,MRVL
2025-12-02,0.011662479442757778,MRVL
2025-12-03,0.07331149946779636,MRVL
2025-12-04,-0.01933313635912981,MRVL
2025-12-05,0.003236865059260019,MRVL
2025-12-08,-0.07050157193013185,MRVL
2025-12-09,-0.035508951579817705,MRVL
2025-12-10,0.035284822577559716,MRVL
2025-12-11,-0.03018846676627529,MRVL
2025-12-12,-0.03823002372174589,MRVL
2025-12-15,0.003016556494606526,MRVL
2025-12-16,-0.004237296205877428,MRVL
2025-12-17,-0.009884925849239501,MRVL
2025-12-18,0.018956367529562534,MRVL
2025-12-19,-0.017459875548655468,MRVL
2025-12-22,0.0036258335470717995,MRVL
2025-12-23,0.028725872606288227,MRVL
2025-12-24,-0.016586490538347043,MRVL
2025-12-26,-0.0016715832498954697,MRVL
2025-12-29,-0.0018878330353508943,MRVL
2025-12-30,0.013915074532462768,MRVL
2025-12-31,-0.012429846628895902,MRVL
2026-01-02,0.05253183401934258,MRVL
2026-01-05,0.0014417293678281595,MRVL
2026-01-06,-0.031163237633589524,MRVL
2026-01-07,-0.04250220961793971,MRVL
2026-01-08,-0.008453972463757786,MRVL
2026-01-09,-0.011951594506718344,MRVL
2026-01-12,-0.00480273146819421,MRVL
2026-01-13,0.0034123515477721966,MRVL
2026-01-14,-0.011664203017710761,MRVL
2026-01-15,-0.013865953248988205,MRVL
2026-01-16,0.0018314811568673761,MRVL
2026-01-20,0.013239503739615799,MRVL
2026-01-21,0.020452859305057913,MRVL
2026-01-22,-0.0006027183902430622,MRVL
2026-01-23,-0.03829947905428721,MRVL
2026-01-26,0.014622353420841172,MRVL
2026-01-27,0.0050620120093034515,MRVL
2026-01-28,0.004979775265367081,MRVL
2026-01-29,-0.021641571273055327,MRVL
2026-01-30,-0.01811963132129346,MRVL
2026-02-02,-0.010142820385239837,MRVL
2026-02-03,-0.024989281148278586,MRVL
2026-02-04,-0.006629025447002057,MRVL
2026-02-05,0.0209888785433181,MRVL
2026-02-06,0.057704076554764505,MRVL
2026-02-09,0.01782704990874251,MRVL
2026-02-10,0.0005128833053902326,MRVL
2026-02-11,-0.010881847523815047,MRVL
2026-02-12,-0.018436056209741203,MRVL
2026-02-13,0.002716915523722996,MRVL
2026-02-17,0.006106197683290127,MRVL
2026-02-18,-0.006427595831910438,MRVL
2026-02-19,0.01039043771913839,MRVL
2026-02-20,-0.010444191845974338,MRVL
2026-02-23,-0.009263166003832701,MRVL
2026-02-24,-0.003000780338614284,MRVL
2026-02-25,0.01737539238136776,MRVL
2026-02-26,-0.008210928717514498,MRVL
2026-02-27,0.03302548014200557,MRVL
2026-03-02,-0.011528906360066316,MRVL
2026-03-03,-0.031548870518102845,MRVL
2026-03-04,-0.007673195236307606,MRVL
2026-03-05,-0.028330639862202744,MRVL
2026-03-06,0.18366396052380196,MRVL
2026-03-09,0.020541291864383027,MRVL
2026-03-10,0.0069747144036886866,MRVL
2026-03-11,-0.031001788476154424,MRVL
2026-03-12,-0.01379464727073465,MRVL
2026-03-13,0.008109697909844726,MRVL
2026-03-16,0.030313272951338455,MRVL
2026-03-17,-0.013532167086099278,MRVL
2026-03-18,-0.021502036434279503,MRVL
2026-03-19,0.02472969910150713,MRVL
2026-03-20,0.00039443231207236806,MRVL
2026-03-23,0.013858739672157228,MRVL
2026-03-24,0.030968387736861835,MRVL
2026-03-25,0.05730069854756259,MRVL
2026-03-26,0.016305418608412836,MRVL
2026-03-27,-0.009353914845597444,MRVL
2026-03-30,-0.06976473407035755,MRVL
2026-03-31,0.08715590535036188,MRVL
2026-04-01,0.062212529329777944,MRVL
2026-04-02,0.0025955238979475936,MRVL
2026-04-06,0.016160271100464918,MRVL
2026-04-07,-0.0013408321729384554,MRVL
2026-04-08,0.016011389899120765,MRVL
2026-04-09,0.040028256587769206,MRVL
2026-04-10,0.0680021957028707,MRVL
2026-04-13,0.01134435603120032,MRVL
2026-04-14,0.001091424777408534,MRVL
2026-04-15,-0.00816533324336799,MRVL
2026-04-16,-0.01398508164653034,MRVL
2026-04-17,0.03329926862454702,MRVL
2026-04-20,0.0598847564480085,MRVL
2026-04-21,0.027010735235236893,MRVL
2026-04-22,0.02235913544563406,MRVL
2026-04-23,0.056700279020138744,MRVL
2026-04-24,-0.026525655840825557,MRVL
2026-04-27,-0.03835858258623226,MRVL
2026-04-28,-0.021875652495639386,MRVL
2026-04-29,0.015468251382584342,MRVL
2026-04-30,0.04406788826806807,MRVL
2026-05-01,-0.010765596282369394,MRVL
2026-05-04,-0.005965592617635629,MRVL
2026-05-05,0.017736524110106622,MRVL
2026-05-06,-0.0006136986625371321,MRVL
2026-05-07,-0.07193615117215124,MRVL
2026-05-08,0.03815623792387157,MRVL
2026-05-11,0.0012723824099794001,MRVL
2026-05-12,-0.029298931378111348,MRVL
2026-05-13,0.06808518974524791,MRVL
2026-05-14,0.018603312690888885,MRVL
2026-05-15,-0.016457739825196604,MRVL
2026-05-18,-0.04173214522722102,MRVL
2026-05-19,0.04871409352398448,MRVL
2026-05-20,0.04159351919817755,MRVL
2026-05-21,0.018705383722389612,MRVL
2026-05-22,0.02491615258578861,MRVL
2026-05-26,0.041390923666583035,MRVL
2026-05-27,-0.045853963899538996,MRVL
2026-05-28,0.021988663865721847,MRVL
2026-05-29,-0.002847721666802805,MRVL
2026-06-01,0.062040975558985245,MRVL
2026-06-02,0.27697423100684215,MRVL
2026-06-03,0.039282715874035645,MRVL
2026-06-04,0.05268379486298258,MRVL
2026-06-05,-0.1339712245490805,MRVL
2026-06-08,0.07647300070897245,MRVL
2026-06-09,-0.0675344867160721,MRVL
2026-06-10,-0.034852792708392144,MRVL
2026-06-11,0.07233649321633617,MRVL
2026-06-12,-0.009471889955694479,MRVL
2026-06-15,0.06830486066840802,MRVL
2026-06-16,-0.08373620075251154,MRVL
2026-06-17,0.048386592469763734,MRVL
2026-06-18,0.04539153946299468,MRVL
2026-06-22,-0.006283123091352927,MRVL
2026-06-23,-0.06480649768206703,MRVL
2026-06-24,-0.004166371786154421,MRVL
2026-06-25,0.008272658180585424,MRVL
2026-06-26,-0.03903351064044447,MRVL
2026-06-29,0.015784207888319912,MRVL
2026-06-30,0.053131314370962635,MRVL
2026-07-01,-0.0753711023586554,MRVL
2026-07-02,-0.08605877924296479,MRVL
2026-07-06,0.001855507617250396,MRVL
2026-07-07,-0.05872010324172816,MRVL
2026-07-08,0.0015392200952959456,MRVL
2026-07-09,0.032179951860094924,MRVL
2026-07-10,-0.03397731595359055,MRVL
2026-07-13,-0.061527412406321424,MRVL
2026-07-14,0.011212742185393587,MRVL
2026-07-15,-0.07280673677836802,MRVL
2026-07-16,-0.07452390901980177,MRVL
2026-07-17,0.01715964163698569,MRVL
2026-07-20,0.03159012942248385,MRVL
2026-07-21,0.04627664317820379,MRVL
2026-07-22,0.019584051512156364,MRVL
2026-07-23,0.011219368146131892,MRVL
2026-07-24,-0.06358712228022156,MRVL
2026-07-27,-0.023308428269579906,MRVL
2026-07-28,-0.07112600860786511,MRVL
2026-07-29,-0.0449709182723943,MRVL
2026-07-30,0.08248082614344732,MRVL
2026-07-31,0.016500109480233505,MRVL
2026-08-03,0.015218655696412675,MRVL
2026-08-04,0.08707050926503346,MRVL
2026-08-05,-0.026154867570305385,MRVL
2026-08-06,0.0014238905706971394,MRVL
2026-08-07,0.026458942546329745,MRVL
2026-08-10,-0.04457367416685454,MRVL
2026-08-11,0.02118337979407947,MRVL
2026-08-12,0.014937670299974393,MRVL
2026-08-13,0.011722684488492341,MRVL
2026-08-14,0.0006465793514980334,MRVL
2026-08-17,0.05560569397163828,MRVL
2026-08-18,-0.06437244744730641,MRVL
2026-08-19,0.07529038767433871,MRVL
2024-01-02,,TSM
2024-01-03,-0.0028475697864127625,TSM
2024-01-04,-0.005277056401681968,TSM
2024-01-05,0.0036450264789973374,TSM
2024-01-08,0.005603399868518544,TSM
2024-01-09,-0.005402871326758429,TSM
2024-01-10,-0.0175101087259808,TSM
2024-01-11,0.0020794446442327086,TSM
2024-01-12,-0.0003152524397158629,TSM
2024-01-16,0.0043359416730481826,TSM
2024-01-17,0.01816789794837259,TSM
2024-01-18,0.07931522706224836,TSM
2024-01-19,-0.009338841283223154,TSM
2024-01-22,-0.011603036593481164,TSM
2024-01-23,0.005543921610957625,TSM
2024-01-24,0.01519108399825253,TSM
2024-01-25,-0.0008775402192453541,TSM
2024-01-26,0.011963197934875325,TSM
2024-01-29,-0.012579182071625894,TSM
2024-01-30,-0.0012169413724238964,TSM
2024-01-31,-0.007292989132963612,TSM
2024-02-01,-0.007907281239265984,TSM
2024-02-02,0.0038402605970242476,TSM
2024-02-05,0.027230743368217958,TSM
2024-02-06,0.006963746221903655,TSM
2024-02-07,0.035604299222557145,TSM
2024-02-08,0.06581893823672225,TSM
2024-02-09,-0.0144418724219193,TSM
2024-02-12,-0.016188903892286888,TSM
2024-02-13,-0.0068383118771571105,TSM
2024-02-14,0.0025565404622982513,TSM
2024-02-15,-0.004831772977767379,TSM
2024-02-16,-0.0091926116346297,TSM
2024-02-20,-0.0032160749810303813,TSM
2024-02-21,0.004089555454886984,TSM
2024-02-22,0.0004694697832139383,TSM
2024-02-23,0.006506752427889673,TSM
2024-02-26,0.009059535438023403,TSM
2024-02-27,-0.018218720604640914,TSM
2024-02-28,-0.004115735881113025,TSM
2024-02-29,0.0015436365677086172,TSM
2024-03-01,0.02489727634494887,TSM
2024-03-04,0.035617240072842726,TSM
2024-03-05,-0.0059705659637749875,TSM
2024-03-06,0.04147776266555869,TSM
2024-03-07,0.037429288414805306,TSM
2024-03-08,-0.0046099160846830856,TSM
2024-03-11,-0.04780003024411794,TSM
2024-03-12,0.023736085200704693,TSM
2024-03-13,-0.008059091991965417,TSM
2024-03-14,-0.01536360308244511,TSM
2024-03-15,-0.007131398121927646,TSM
2024-03-18,-0.007924782436417921,TSM
2024-03-19,-0.01552701717456273,TSM
2024-03-20,0.002056245181788263,TSM
2024-03-21,0.014830643160872903,TSM
2024-03-22,0.006642830742146444,TSM
2024-03-25,0.0014276745092933751,TSM
2024-03-26,-0.006718731554850699,TSM
2024-03-27,-0.01900705368298361,TSM
2024-03-28,-0.002848088311254493,TSM
2024-04-01,0.03709190723225486,TSM
2024-04-02,-0.0003489675187999808,TSM
2024-04-03,0.010372816457307366,TSM
2024-04-04,-0.0012072982853208458,TSM
2024-04-05,0.00038372820489751547,TSM
2024-04-08,0.009770261037841621,TSM
2024-04-09,0.014420779444063392,TSM
2024-04-10,0.014390489410500251,TSM
2024-04-11,-0.009162220644846286,TSM
2024-04-12,-0.01623934006732597,TSM
2024-04-15,-0.0002528430316219854,TSM
2024-04-16,-0.0025216664580494097,TSM
2024-04-17,0.006753192981511447,TSM
2024-04-18,-0.044121782031187884,TSM
2024-04-19,-0.014255305497924198,TSM
2024-04-22,0.005919429002835486,TSM
2024-04-23,0.013154808633187187,TSM
2024-04-24,-0.006835512530523502,TSM
2024-04-25,0.03162847539139779,TSM
2024-04-26,-0.002798962166926877,TSM
2024-04-29,-0.0026073313209620252,TSM
2024-04-30,0.010625583115382753,TSM
2024-05-01,-0.010372198088441031,TSM
2024-05-02,-0.0031685188291206146,TSM
2024-05-03,0.018480098879198437,TSM
2024-05-06,-0.0019624544098890695,TSM
2024-05-07,-0.012274332882740602,TSM
2024-05-08,0.018082529786479284,TSM
2024-05-09,-0.007835632331889109,TSM
2024-05-10,0.04195907583595382,TSM
2024-05-13,-0.021583427860225157,TSM
2024-05-14,0.030729029835179666,TSM
2024-05-15,0.008099139424073698,TSM
2024-05-16,-0.019734137721183487,TSM
2024-05-17,-0.003132766967199885,TSM
2024-05-20,0.005304845403699687,TSM
2024-05-21,-0.0011734905386138195,TSM
2024-05-22,0.016207189182125603,TSM
2024-05-23,0.010510437645320003,TSM
2024-05-24,0.008943081328255609,TSM
2024-05-28,-0.007464891647496863,TSM
2024-05-29,-0.025248573839221855,TSM
2024-05-30,0.0017897998585691965,TSM
2024-05-31,-0.01076978859673261,TSM
2024-06-03,0.02020286440021568,TSM
2024-06-04,-0.01886735855543531,TSM
2024-06-05,0.04633211976016938,TSM
2024-06-06,-0.004885707340349654,TSM
2024-06-07,0.015098668053028952,TSM
2024-06-10,0.018643237586429606,TSM
2024-06-11,-0.021515967508250355,TSM
2024-06-12,0.02992388956596681,TSM
2024-06-13,-0.002660256111632009,TSM
2024-06-14,-0.007484152446274983,TSM
2024-06-17,0.014874290840852566,TSM
2024-06-18,0.013419076246612427,TSM
2024-06-20,-0.01654011749071671,TSM
2024-06-21,-0.005446885789996969,TSM
2024-06-24,-0.024543206574191068,TSM
2024-06-25,0.016773874355276774,TSM
2024-06-26,-0.005138448673617901,TSM
2024-06-27,-0.005138482321697779,TSM
2024-06-28,0.017826192805568297,TSM
2024-07-01,-0.014399345383655948,TSM
2024-07-02,0.008921842221516485,TSM
2024-07-03,0.02961477759702902,TSM
2024-07-05,-0.002186862204879958,TSM
2024-07-08,0.011871387295627756,TSM
2024-07-09,-0.012234502304949046,TSM
2024-07-10,0.02440483399683302,TSM
2024-07-11,-0.012711465503653763,TSM
2024-07-12,0.009471354230461415,TSM
2024-07-15,-0.014118319035949511,TSM
2024-07-16,0.004034380698614726,TSM
2024-07-17,-0.05333494794166249,TSM
2024-07-18,0.0086497256405913,TSM
2024-07-19,-0.027233923379665903,TSM
2024-07-22,0.006578436940620769,TSM
2024-07-23,0.0063023978269320935,TSM
2024-07-24,-0.02428662926128311,TSM
2024-07-25,0.014088207506265604,TSM
2024-07-26,9.991138331066907e-05,TSM
2024-07-29,-0.013996413690540166,TSM
2024-07-30,-0.020956886096857197,TSM
2024-07-31,0.04116512604346223,TSM
2024-08-01,-0.022529130845772904,TSM
2024-08-02,-0.030010757227871387,TSM
2024-08-05,0.0174424117349119,TSM
2024-08-06,0.039553957150730845,TSM
2024-08-07,0.008633979621566645,TSM
2024-08-08,0.029399043207931186,TSM
2024-08-09,0.010288816923258892,TSM
2024-08-12,0.000895721056122234,TSM
2024-08-13,0.0032002413214327063,TSM
2024-08-14,-0.014171554206478199,TSM
2024-08-15,-0.0017458649842891916,TSM
2024-08-16,0.0020435484638827717,TSM
2024-08-19,-0.007850290456292264,TSM
2024-08-20,-0.01752625186721346,TSM
2024-08-21,-0.008146890331117262,TSM
2024-08-22,-0.0136165702591029,TSM
2024-08-23,0.017877653352276646,TSM
2024-08-26,-0.0032310955678624964,TSM
2024-08-27,0.005732823704176937,TSM
2024-08-28,0.003465218330529929,TSM
2024-08-29,0.0011693777745254152,TSM
2024-08-30,0.00311390931840716,TSM
2024-09-03,-0.0366858997295072,TSM
2024-09-04,0.004966942137964558,TSM
2024-09-05,0.01650574184307807,TSM
2024-09-06,-0.01578424624051067,TSM
2024-09-09,0.024523162475367677,TSM
2024-09-10,-0.011351520718005936,TSM
2024-09-11,0.025420280319545796,TSM
2024-09-12,0.0009405482878843685,TSM
2024-09-13,0.0017520940652362427,TSM
2024-09-16,-0.015597325028331888,TSM
2024-09-17,-0.010812781352069756,TSM
2024-09-18,0.003920621513130662,TSM
2024-09-19,0.02709427811522591,TSM
2024-09-20,-0.010313240592486395,TSM
2024-09-23,0.0012514236513707644,TSM
2024-09-24,0.035616303428592566,TSM
2024-09-25,0.0011592665898971788,TSM
2024-09-26,0.01678640685482513,TSM
2024-09-27,-0.043011705974152825,TSM
2024-09-30,-0.02716601906211835,TSM
2024-10-01,0.004774703577583139,TSM
2024-10-02,0.020033525251628603,TSM
2024-10-03,0.021464198111320165,TSM
2024-10-04,-0.0025111234694845663,TSM
2024-10-07,0.02909248890292293,TSM
2024-10-08,-0.00651236980176062,TSM
2024-10-09,-0.0019960721004261828,TSM
2024-10-10,-0.0061576483562895135,TSM
2024-10-11,0.025152993606611496,TSM
2024-10-14,-0.0010459068124939463,TSM
2024-10-15,-0.013327964519756819,TSM
2024-10-16,0.0017464656973436021,TSM
2024-10-17,0.09273435516404849,TSM
2024-10-18,-0.031422561173141794,TSM
2024-10-21,0.0038908987770422954,TSM
2024-10-22,-0.018421184461900886,TSM
2024-10-23,0.027362257661986966,TSM
2024-10-24,-0.022770782700074044,TSM
2024-10-25,0.02138255494689112,TSM
2024-10-28,-0.044175572084530934,TSM
2024-10-29,0.0019795403708604553,TSM
2024-10-30,-0.004983722641813237,TSM
2024-10-31,0.0050997775596073325,TSM
2024-11-01,0.0051973659312807285,TSM
2024-11-04,-0.004312634179420627,TSM
2024-11-05,0.009012086336350755,TSM
2024-11-06,-0.03986077156378531,TSM
2024-11-07,0.02479852542777472,TSM
2024-11-08,-0.0011178550437955792,TSM
2024-11-11,-0.035600021691011285,TSM
2024-11-12,-0.010007526471531136,TSM
2024-11-13,-0.025720332328865503,TSM
2024-11-14,0.016783199727957054,TSM
2024-11-15,0.010816881431935599,TSM
2024-11-18,0.0009482004161620594,TSM
2024-11-19,0.004757275034681818,TSM
2024-11-20,-0.006354690301686006,TSM
2024-11-21,0.011583531836106609,TSM
2024-11-22,-0.007686912824097725,TSM
2024-11-25,-0.028237364476503046,TSM
2024-11-26,-0.012077118081544214,TSM
2024-11-27,-0.006615030579457226,TSM
2024-11-29,0.010221605083732044,TSM
2024-12-02,0.04057232910017472,TSM
2024-12-03,0.01977275313117932,TSM
2024-12-04,-0.00327752070642795,TSM
2024-12-05,0.02060285277303464,TSM
2024-12-06,-0.015194687674190632,TSM
2024-12-09,-0.011327869126642298,TSM
2024-12-10,-0.03356257924670558,TSM
2024-12-11,-0.003980650267704,TSM
2024-12-12,-0.00662218005975479,TSM
2024-12-13,0.040950951669276314,TSM
2024-12-16,-0.008196445407801178,TSM
2024-12-17,-0.0033308700220517906,TSM
2024-12-18,0.010998967125188663,TSM
2024-12-19,-0.0002523065658444068,TSM
2024-12-20,0.004423026188095314,TSM
2024-12-23,0.04049153997915589,TSM
2024-12-24,-0.018448475826324362,TSM
2024-12-26,-0.015295664329559422,TSM
2024-12-27,0.006315200786309205,TSM
2024-12-30,0.007220168522970027,TSM
2024-12-31,-0.006046469847365898,TSM
2025-01-02,0.022456423638006484,TSM
2025-01-03,0.018047418241028623,TSM
2025-01-06,0.0417790970759464,TSM
2025-01-07,-0.021820945913368917,TSM
2025-01-08,-0.02072299975118419,TSM
2025-01-10,0.02182234996385546,TSM
2025-01-13,-0.03100205025528613,TSM
2025-01-14,0.0013968577495795387,TSM
2025-01-15,0.003465154459387776,TSM
2025-01-16,0.04493937941275572,TSM
2025-01-17,-0.032173375122572345,TSM
2025-01-21,0.027628075434284582,TSM
2025-01-22,0.007662402834113458,TSM
2025-01-23,0.004218111721316475,TSM
2025-01-24,-0.006606039399955854,TSM
2025-01-27,-0.11348135068896337,TSM
2025-01-28,0.036465498562944454,TSM
2025-01-29,0.0015337578579188715,TSM
2025-01-30,0.02410583820065426,TSM
2025-01-31,0.007059195856098377,TSM
2025-02-03,-0.038511797395263336,TSM
2025-02-04,0.008847532354520737,TSM
2025-02-05,0.01738196573606654,TSM
2025-02-06,0.004004933037728087,TSM
2025-02-07,-0.008333830085131666,TSM
2025-02-10,-0.0031930630138257143,TSM
2025-02-11,0.006175317062623975,TSM
2025-02-12,-0.011957355802693748,TSM
2025-02-13,-0.03657660810923691,TSM
2025-02-14,0.006013930081530283,TSM
2025-02-18,-0.007969602023959688,TSM
2025-02-19,-0.009146539616006422,TSM
2025-02-20,1.4885341897752369e-05,TSM
2025-02-21,0.011634442349064855,TSM
2025-02-24,-0.021933316312355622,TSM
2025-02-25,0.0007113700464396189,TSM
2025-02-26,0.02493321586813657,TSM
2025-02-27,-0.04389044414366605,TSM
2025-02-28,-0.01876517702690883,TSM
2025-03-03,-0.020653338346933836,TSM
2025-03-04,0.04286091258236002,TSM
2025-03-05,0.010547841779911415,TSM
2025-03-06,-0.018930344474972216,TSM
2025-03-07,-0.00024328763741721104,TSM
2025-03-10,0.0024273760353166196,TSM
2025-03-11,0.0042669913021873285,TSM
2025-03-12,0.024403796969440172,TSM
2025-03-13,-0.013847683144038392,TSM
2025-03-14,-0.009418502196529843,TSM
2025-03-17,0.005811773857031355,TSM
2025-03-18,0.003279136306157504,TSM
2025-03-19,-0.009660594477623796,TSM
2025-03-20,0.024521979254700454,TSM
2025-03-21,-0.0074698249087354895,TSM
2025-03-24,0.003050471613288863,TSM
2025-03-25,-0.007126651678838414,TSM
2025-03-26,-0.02319471460063216,TSM
2025-03-27,-0.025071642272522787,TSM
2025-03-28,0.008748406890713767,TSM
2025-03-31,0.004571064187734564,TSM
2025-04-01,0.0077495553399691275,TSM
2025-04-02,0.0030517472746138807,TSM
2025-04-03,-0.024406963495438028,TSM
2025-04-04,-0.005470795669613615,TSM
2025-04-07,-0.006710986935819285,TSM
2025-04-08,-0.015217024797111733,TSM
2025-04-09,0.002593825266242966,TSM
2025-04-10,-0.00572694045832467,TSM
2025-04-11,0.02035932199340973,TSM
2025-04-14,-0.014680828989676264,TSM
2025-04-15,0.008401683653971759,TSM
2025-04-16,-0.006021022090088479,TSM
2025-04-17,0.0006416011788656917,TSM
2025-04-21,-0.0008447025089051152,TSM
2025-04-22,-0.0022540172118361568,TSM
2025-04-23,0.019041688195486905,TSM
2025-04-24,0.011823027548898857,TSM
2025-04-25,-0.005498201530071967,TSM
2025-04-28,-0.010032794630308928,TSM
2025-04-29,5.180386127179304e-06,TSM
2025-04-30,0.01347309067963387,TSM
2025-05-01,0.022559725042388123,TSM
2025-05-02,0.022542346144992287,TSM
2025-05-05,-0.010244674357494432,TSM
2025-05-06,-0.014287878438496548,TSM
2025-05-07,0.009114712934454872,TSM
2025-05-08,-0.006383449858216039,TSM
2025-05-09,0.00804737991080895,TSM
2025-05-12,0.01763525661774512,TSM
2025-05-13,0.021679076474868886,TSM
2025-05-14,-0.002013575376454746,TSM
2025-05-15,-0.00387488535874958,TSM
2025-05-16,-0.004343102154748202,TSM
2025-05-19,-0.004672269982322064,TSM
2025-05-20,0.0030802563283689466,TSM
2025-05-21,0.005219743440842528,TSM
2025-05-22,0.02096954886764646,TSM
2025-05-23,-0.012388494681766282,TSM
2025-05-27,0.006005544983296751,TSM
2025-05-28,-0.003378935538539629,TSM
2025-05-29,0.003172327252399576,TSM
2025-05-30,-0.018039621339462464,TSM
2025-06-02,-3.540311138294783e-05,TSM
2025-06-03,0.006330139882508412,TSM
2025-06-04,0.02116642202432928,TSM
2025-06-05,0.012189086110017122,TSM
2025-06-06,-0.0007197096334881081,TSM
2025-06-09,0.007360153041404693,TSM
2025-06-10,0.019442917380741775,TSM
2025-06-11,0.0110646852892895,TSM
2025-06-12,0.007497666343955878,TSM
2025-06-13,-0.007669922980858779,TSM
2025-06-16,0.007649780613618873,TSM
2025-06-17,0.0015118121877204516,TSM
2025-06-18,-0.0017016694740128457,TSM
2025-06-20,-0.01477383327021009,TSM
2025-06-23,-0.006371088093521493,TSM
2025-06-24,0.030229973599635862,TSM
2025-06-25,0.00941561849848771,TSM
2025-06-26,-0.003621516075900999,TSM
2025-06-27,0.016734165124746347,TSM
2025-06-30,-0.015597902262348029,TSM
2025-07-01,0.00044143928459661197,TSM
2025-07-02,0.03199195225181839,TSM
2025-07-03,-0.004668156974944715,TSM
2025-07-07,-0.01670879058477759,TSM
2025-07-08,-0.006294048612550895,TSM
2025-07-09,0.010262003749712534,TSM
2025-07-10,-0.007572899942685396,TSM
2025-07-11,0.005034608207399316,TSM
2025-07-14,-0.011157337904829312,TSM
2025-07-15,0.034652900211535,TSM
2025-07-16,0.00154771368890394,TSM
2025-07-17,0.02522384597728511,TSM
2025-07-18,-0.020438406504864837,TSM
2025-07-21,-0.011639797098772497,TSM
2025-07-22,-0.01276459196269819,TSM
2025-07-23,0.01958005822376485,TSM
2025-07-24,0.003144478089652125,TSM
2025-07-25,0.014016597899235705,TSM
2025-07-28,-0.014792553327993119,TSM
2025-07-29,-0.004316733748596313,TSM
2025-07-30,0.00518690197872651,TSM
2025-07-31,-1.1523061816731683e-05,TSM
2025-08-01,-0.0069921270061792384,TSM
2025-08-04,-0.002298664913134907,TSM
2025-08-05,-0.020889678001930534,TSM
2025-08-06,-0.01724773363084875,TSM
2025-08-07,0.04409975459171278,TSM
2025-08-08,-0.012546516333129532,TSM
2025-08-11,0.004037857774206621,TSM
2025-08-12,-0.003443842026158883,TSM
2025-08-13,-0.012234996782082952,TSM
2025-08-14,-0.0010484809025532726,TSM
2025-08-15,-0.004428498155122362,TSM
2025-08-18,0.010934038191310336,TSM
2025-08-19,-0.023086178619749376,TSM
2025-08-20,-0.011821428381173504,TSM
2025-08-21,-0.000930584587695904,TSM
2025-08-22,0.00928327136891216,TSM
2025-08-25,0.013986313939041928,TSM
2025-08-26,0.009191124536068074,TSM
2025-08-27,0.000849124641974619,TSM
2025-08-28,-0.01051208927250169,TSM
2025-08-29,-0.019906645297822045,TSM
2025-09-02,-0.002384719573364613,TSM
2025-09-03,0.005213269835484091,TSM
2025-09-04,0.007363375726414212,TSM
2025-09-05,0.0328266684105456,TSM
2025-09-08,0.010543982671906704,TSM
2025-09-09,0.012147597085391482,TSM
2025-09-10,0.036911036225926175,TSM
2025-09-11,-0.01169533341509954,TSM
2025-09-12,-0.0027867149068150354,TSM
2025-09-15,-0.0006466185019338155,TSM
2025-09-16,0.006593245203316833,TSM
2025-09-17,0.004779852565825138,TSM
2025-09-18,0.013040430252988067,TSM
2025-09-19,-0.02087955581120582,TSM
2025-09-22,0.022973730066086162,TSM
2025-09-23,0.042970595410472434,TSM
2025-09-24,-0.0035828877164956197,TSM
2025-09-25,-0.010212088198695568,TSM
2025-09-26,-0.01610234390944676,TSM
2025-09-29,-0.0050958913827701124,TSM
2025-09-30,0.01920129014202221,TSM
2025-10-01,0.02755481805328497,TSM
2025-10-02,-0.005351309003731153,TSM
2025-10-03,0.01828057542331951,TSM
2025-10-06,0.02686431324246108,TSM
2025-10-07,-0.022789373883454367,TSM
2025-10-08,0.02365624412591405,TSM
2025-10-09,-0.014143201590706589,TSM
2025-10-10,-0.030907364797186254,TSM
2025-10-13,0.055226522729928895,TSM
2025-10-14,-0.016529733304809113,TSM
2025-10-15,0.02217182675479279,TSM
2025-10-16,-0.012401749650834404,TSM
2025-10-17,-0.0225479815577323,TSM
2025-10-20,-0.0036819468440834058,TSM
2025-10-21,-0.010511862778657566,TSM
2025-10-22,-0.009620937419029474,TSM
2025-10-23,-0.001987632578807741,TSM
2025-10-24,0.0038229801376985506,TSM
2025-10-27,-0.0065601755574178355,TSM
2025-10-28,0.003276888005186329,TSM
2025-10-29,0.007244413169343211,TSM
2025-10-30,0.009258537873772177,TSM
2025-10-31,-0.014056173930307558,TSM
2025-11-03,0.0098644444570688,TSM
2025-11-04,-0.015596034993083485,TSM
2025-11-05,-0.007882174151701449,TSM
2025-11-06,0.0037054049946032563,TSM
2025-11-07,-0.0063580441658626086,TSM
2025-11-10,0.008268682726212617,TSM
2025-11-11,-0.011315812857292329,TSM
2025-11-12,-0.0011019158976113275,TSM
2025-11-13,-0.008773354633958341,TSM
2025-11-14,0.008485801478740562,TSM
2025-11-17,-0.0013378005246558189,TSM
2025-11-18,-0.0023947251083145105,TSM
2025-11-19,0.00996855618051029,TSM
2025-11-20,0.0065591816582744045,TSM
2025-11-21,-0.01631635560230471,TSM
2025-11-24,0.00898421572854513,TSM
2025-11-25,-0.00600417530837305,TSM
2025-11-26,0.009580269062912095,TSM
2025-11-28,-0.002743263994937628,TSM
2025-12-01,-0.00986074199473741,TSM
2025-12-02,0.007417399367446009,TSM
2025-12-03,0.008997036349593479,TSM
2025-12-04,-0.0076353464628518,TSM
2025-12-05,0.0020230047797422657,TSM
2025-12-08,0.0258908048590083,TSM
2025-12-09,0.0038560618379070988,TSM
2025-12-10,0.0178515626102822,TSM
2025-12-11,-0.011268289911512852,TSM
2025-12-12,-0.02362578268397275,TSM
2025-12-15,-0.009801443591086034,TSM
2025-12-16,-0.005007917120133598,TSM
2025-12-17,-0.016445166544779788,TSM
2025-12-18,0.013106458772687901,TSM
2025-12-19,0.0019368662426639816,TSM
2025-12-22,0.010092129003155037,TSM
2025-12-23,0.007763553737864193,TSM
2025-12-24,0.00328926493338777,TSM
2025-12-26,0.013494356478188863,TSM
2025-12-29,-0.0015077039947133386,TSM
2025-12-30,-0.002140930979503075,TSM
2025-12-31,0.022584348110450847,TSM
2026-01-02,0.052374475003233556,TSM
2026-01-05,0.0003146600564685187,TSM
2026-01-06,0.007198448066950469,TSM
2026-01-07,-0.02804893533586217,TSM
2026-01-08,0.003600773708093641,TSM
2026-01-09,0.007607040977078761,TSM
2026-01-12,0.024011608292111575,TSM
2026-01-13,-0.00020543418843033123,TSM
2026-01-14,-0.001715782979207603,TSM
2026-01-15,0.03986814468691868,TSM
2026-01-16,0.0030586392154026143,TSM
2026-01-20,-0.02405416261579063,TSM
2026-01-21,-0.01661170458978667,TSM
2026-01-22,-0.0034175143324635116,TSM
2026-01-23,0.019498933251679063,TSM
2026-01-26,-0.010861605650551276,TSM
2026-01-27,0.007755567395664187,TSM
2026-01-28,0.008330238066413642,TSM
2026-01-29,-0.002063090305889581,TSM
2026-01-30,-0.014749448502608509,TSM
2026-02-02,0.02530647641808148,TSM
2026-02-03,-0.0010875904118288204,TSM
2026-02-04,-0.012643840729676725,TSM
2026-02-05,0.02970272408580854,TSM
2026-02-06,0.03242219181119754,TSM
2026-02-09,0.010998973330670125,TSM
2026-02-10,0.022773701434944726,TSM
2026-02-11,0.030422248127674578,TSM
2026-02-12,0.004406945971370035,TSM
2026-02-13,-0.006867025098994617,TSM
2026-02-17,-0.004882626535350099,TSM
2026-02-18,-0.012780392484433634,TSM
2026-02-19,-0.0013383608915837897,TSM
2026-02-20,0.01896468393513029,TSM
2026-02-23,0.01087904259531225,TSM
2026-02-24,0.030894214557108945,TSM
2026-02-25,-0.009269490049738316,TSM
2026-02-26,-0.016430112627188187,TSM
2026-02-27,-0.002729870569311288,TSM
2026-03-02,-0.01602724905704367,TSM
2026-03-03,-0.03349501885795547,TSM
2026-03-04,-0.002996908768533757,TSM
2026-03-05,-0.007048821074856271,TSM
2026-03-06,-0.02806823545279613,TSM
2026-03-09,0.01526919276533878,TSM
2026-03-10,-0.004644409223104162,TSM
2026-03-11,0.02142507014049322,TSM
2026-03-12,-0.03434321740531576,TSM
2026-03-13,0.010685411186858396,TSM
2026-03-16,-0.0054957254746756945,TSM
2026-03-17,0.014704577581974299,TSM
2026-03-18,-0.004663096879476747,TSM
2026-03-19,0.0008656290710948866,TSM
2026-03-20,-0.00993891691683757,TSM
2026-03-23,0.016175890207143162,TSM
2026-03-24,0.020942867932077114,TSM
2026-03-25,0.006470736200648197,TSM
2026-03-26,-0.040091805967620964,TSM
2026-03-27,0.02166005614555555,TSM
2026-03-30,-0.024168740789968446,TSM
2026-03-31,0.032281293140032474,TSM
2026-04-01,-0.001857143904149261,TSM
2026-04-02,-0.008346179337635817,TSM
2026-04-06,0.001991243314447999,TSM
2026-04-07,0.010209902984260388,TSM
2026-04-08,0.028589857607642877,TSM
2026-04-09,-0.007863040040455793,TSM
2026-04-10,0.012443247350957698,TSM
2026-04-13,-0.01307250557894335,TSM
2026-04-14,0.009547486190781385,TSM
2026-04-15,-0.026591460736816508,TSM
2026-04-16,-0.03663096288436041,TSM
2026-04-17,0.0064876393149173595,TSM
2026-04-20,-0.008384727519710644,TSM
2026-04-21,0.008822041192042995,TSM
2026-04-22,0.03466857283768565,TSM
2026-04-23,-0.006765521511661099,TSM
2026-04-24,0.03150194807856188,TSM
2026-04-27,0.005714958141260773,TSM
2026-04-28,-0.02160121608117649,TSM
2026-04-29,-0.0023044421404536664,TSM
2026-04-30,-0.003636672414386588,TSM
2026-05-01,-0.005496978363446203,TSM
2026-05-04,0.011744500083589848,TSM
2026-05-05,-0.03098099673716259,TSM
2026-05-06,0.04111100640368903,TSM
2026-05-07,-0.011641703465544495,TSM
2026-05-08,-0.029152211645389947,TSM
2026-05-11,-0.02038786806380699,TSM
2026-05-12,-0.009591341498849104,TSM
2026-05-13,-0.004183802660315372,TSM
2026-05-14,0.03676443613144631,TSM
2026-05-15,-0.01732783517288805,TSM
2026-05-18,-0.016681293170632827,TSM
2026-05-19,-0.0022898248452776215,TSM
2026-05-20,0.006261597326962409,TSM
2026-05-21,0.011770099954496516,TSM
2026-05-22,-0.010712152043078405,TSM
2026-05-26,0.0014991409669615763,TSM
2026-05-27,0.026071151621803068,TSM
2026-05-28,-0.003369614467199078,TSM
2026-05-29,-0.018879518286727404,TSM
2026-06-01,0.034253546343205876,TSM
2026-06-02,0.020477617951137894,TSM
2026-06-03,-0.020024509804626334,TSM
2026-06-04,0.023520069655472042,TSM
2026-06-05,-0.02001517561433097,TSM
2026-06-08,0.012132373148378228,TSM
2026-06-09,0.01419476387197438,TSM
2026-06-10,-0.02565380588876831,TSM
2026-06-11,-0.0011834753396389175,TSM
2026-06-12,0.000901783524976274,TSM
2026-06-15,0.009452699683923704,TSM
2026-06-16,-0.016722959909239776,TSM
2026-06-17,0.024854019046807174,TSM
2026-06-18,0.042295398780395566,TSM
2026-06-22,0.014451623096895183,TSM
2026-06-23,-0.03574316731442462,TSM
2026-06-24,0.014377769369262161,TSM
2026-06-25,-0.021409200969667808,TSM
2026-06-26,0.00777166097171289,TSM
2026-06-29,0.026731359720935544,TSM
2026-06-30,0.03132199754649445,TSM
2026-07-01,-0.05700089436283928,TSM
2026-07-02,-0.005443465217672916,TSM
2026-07-06,0.025564331096416204,TSM
2026-07-07,-0.02477489083656348,TSM
2026-07-08,0.007314004537603225,TSM
2026-07-09,-0.016551188841024356,TSM
2026-07-10,-0.009622120059052719,TSM
2026-07-13,-0.010126191717099609,TSM
2026-07-14,-0.013934543895245177,TSM
2026-07-15,0.0005461827223189886,TSM
2026-07-16,-0.006915965423322845,TSM
2026-07-17,-0.012997905044845659,TSM
2026-07-20,0.00876755678666008,TSM
2026-07-21,0.03559570626979269,TSM
2026-07-22,-0.0029204924005510335,TSM
2026-07-23,0.005709517853926371,TSM
2026-07-24,-0.018487586611938056,TSM
2026-07-27,-0.007677975814610605,TSM
2026-07-28,-0.007367359522563177,TSM
2026-07-29,-0.025425912238064896,TSM
2026-07-30,0.041217616295698534,TSM
2026-07-31,-0.00414649272876666,TSM
2026-08-03,-0.012815527417834538,TSM
2026-08-04,-0.006533992390822085,TSM
2026-08-05,0.0014621378119556994,TSM
2026-08-06,0.013795041955648735,TSM
2026-08-07,-0.007267660079134153,TSM
2026-08-10,-0.0007528130209157879,TSM
2026-08-11,0.011904951007111642,TSM
2026-08-12,0.00937818762861653,TSM
2026-08-13,-0.008381610902223002,TSM
2026-08-14,-0.008296529213833281,TSM
2026-08-17,0.012420660456788468,TSM
2026-08-18,-0.024519108512099486,TSM
2026-08-19,-0.0028233995658917266,TSM
2024-01-02,,2330.TW
2024-01-03,-0.00899092339304719,2330.TW
2024-01-04,0.004004534053712483,2330.TW
2024-01-05,-0.005180343782165586,2330.TW
2024-01-08,0.009029112133000616,2330.TW
2024-01-09,0.007250224329869326,2330.TW
2024-01-10,0.0005731406680640205,2330.TW
2024-01-11,-0.0011335654831716724,2330.TW
2024-01-12,-0.0015651951902340144,2330.TW
2024-01-15,0.0014797059624926945,2330.TW
2024-01-16,0.001168913194135257,2330.TW
2024-01-17,0.012449400389728638,2330.TW
2024-01-18,0.008137879165843742,2330.TW
2024-01-19,0.036627198997324584,2330.TW
2024-01-22,-0.0075263905086924154,2330.TW
2024-01-23,-0.0001440552467126821,2330.TW
2024-01-24,-0.0016629596076667141,2330.TW
2024-01-25,0.0165739052063385,2330.TW
2024-01-26,0.003532111021440798,2330.TW
2024-01-29,-0.0007083824916191972,2330.TW
2024-01-30,-0.004600319538835329,2330.TW
2024-01-31,-0.013971545119050077,2330.TW
2024-02-01,-0.004381152146148537,2330.TW
2024-02-02,0.005987622962176253,2330.TW
2024-02-05,0.015175518219079365,2330.TW
2024-02-15,0.046125574119740165,2330.TW
2024-02-16,-0.01828689286138019,2330.TW
2024-02-19,-0.008880652614532636,2330.TW
2024-02-20,0.006909193153190607,2330.TW
2024-02-21,-0.004665619018787481,2330.TW
2024-02-22,0.0066191769545351775,2330.TW
2024-02-23,0.0052699902177781865,2330.TW
2024-02-26,-0.0016773726223373586,2330.TW
2024-02-27,0.004954218016820278,2330.TW
2024-02-29,-0.017469418323875274,2330.TW
2024-03-01,0.00017712695652249977,2330.TW
2024-03-04,0.03161128286773707,2330.TW
2024-03-05,0.002654537135641455,2330.TW
2024-03-06,0.0010383156790716441,2330.TW
2024-03-07,0.023544518296970907,2330.TW
2024-03-08,0.026439974637099795,2330.TW
2024-03-11,-0.020228229206980863,2330.TW
2024-03-12,-0.004300687688989058,2330.TW
2024-03-13,0.010919720877492267,2330.TW
2024-03-14,0.005926018153210144,2330.TW
2024-03-15,-0.02745026090943714,2330.TW
2024-03-18,0.009184413831268223,2330.TW
2024-03-19,-0.001481042343947081,2330.TW
2024-03-20,-0.0015930929995864318,2330.TW
2024-03-21,0.012984506005824237,2330.TW
2024-03-22,-0.00017678726661429778,2330.TW
2024-03-25,-0.004599611947955218,2330.TW
2024-03-26,0.00582280741790786,2330.TW
2024-03-27,-0.007495472694928118,2330.TW
2024-03-28,-0.010264532536857551,2330.TW
2024-03-29,0.0017472775374836047,2330.TW
2024-04-01,-0.004202084584587595,2330.TW
2024-04-02,0.013636923115756261,2330.TW
2024-04-03,-0.006417421182803196,2330.TW
2024-04-08,-9.20038634557585e-05,2330.TW
2024-04-09,0.02658324040025839,2330.TW
2024-04-10,-0.0033238349101143427,2330.TW
2024-04-11,0.006612876856169514,2330.TW
2024-04-12,-0.001639366967987499,2330.TW
2024-04-15,-0.0008512394735236128,2330.TW
2024-04-16,0.004567556819311314,2330.TW
2024-04-17,0.004577223535109809,2330.TW
2024-04-18,-0.0043376674947985805,2330.TW
2024-04-19,-0.030650342553040666,2330.TW
2024-04-22,-0.0047711465490873906,2330.TW
2024-04-23,0.00640163015167694,2330.TW
2024-04-24,0.01093551793331038,2330.TW
2024-04-25,-0.008230643869156395,2330.TW
2024-04-26,0.007510698633201862,2330.TW
2024-04-29,-0.0019793201653932613,2330.TW
2024-04-30,-0.001471119825674272,2330.TW
2024-05-02,-0.01447310913331279,2330.TW
2024-05-03,0.0049890376549370785,2330.TW
2024-05-06,-0.001785118063639679,2330.TW
2024-05-07,0.011329903858296575,2330.TW
2024-05-08,0.00022491581702954733,2330.TW
2024-05-09,-0.0007360102509688105,2330.TW
2024-05-10,0.00033368187267068805,2330.TW
2024-05-13,0.013812407255768377,2330.TW
2024-05-14,0.0011745970483714174,2330.TW
2024-05-15,0.009167754124940863,2330.TW
2024-05-16,-0.005018147649299642,2330.TW
2024-05-17,-0.005008223725653238,2330.TW
2024-05-20,-0.0006188631668653244,2330.TW
2024-05-21,0.00880095712589224,2330.TW
2024-05-22,0.012253575202062272,2330.TW
2024-05-23,0.010074647399456182,2330.TW
2024-05-24,-0.007235108255748024,2330.TW
2024-05-27,-0.008691341681856812,2330.TW
2024-05-28,-0.0071164807032557675,2330.TW
2024-05-29,-0.00028845081620598734,2330.TW
2024-05-30,-0.008566965425889528,2330.TW
2024-05-31,-0.011549585814595531,2330.TW
2024-06-03,0.013019323763105106,2330.TW
2024-06-04,9.096834696009637e-05,2330.TW
2024-06-05,0.011732732979037763,2330.TW
2024-06-06,0.02651418548041118,2330.TW
2024-06-07,-0.014895475379624656,2330.TW
2024-06-11,0.007576368827852065,2330.TW
2024-06-12,0.017302755564192474,2330.TW
2024-06-13,0.002937779965746401,2330.TW
2024-06-14,-0.005339647655439705,2330.TW
2024-06-17,-0.0007211170526284505,2330.TW
2024-06-18,0.012075501248289378,2330.TW
2024-06-19,0.019834624468693107,2330.TW
2024-06-20,-0.008433294809650604,2330.TW
2024-06-21,-0.004730759874654211,2330.TW
2024-06-24,-0.012326451684549156,2330.TW
2024-06-25,0.0025793182898166123,2330.TW
2024-06-26,0.01092001198155046,2330.TW
2024-06-27,0.00351729667152334,2330.TW
2024-06-28,0.0007332675653515253,2330.TW
2024-07-01,0.0009260472683010335,2330.TW
2024-07-02,-0.0004968761344343875,2330.TW
2024-07-03,0.006870693025584629,2330.TW
2024-07-04,0.011215733297722075,2330.TW
2024-07-05,-0.0014469494518731807,2330.TW
2024-07-08,0.015855608939594035,2330.TW
2024-07-09,0.0039012295301885658,2330.TW
2024-07-10,0.0003294750398685764,2330.TW
2024-07-11,0.01711840362350525,2330.TW
2024-07-12,-0.018152632480267883,2330.TW
2024-07-15,0.0015721019758991872,2330.TW
2024-07-16,0.009395460734265448,2330.TW
2024-07-17,-0.014459474239642667,2330.TW
2024-07-18,-0.008825233951125888,2330.TW
2024-07-19,-0.01256971573064991,2330.TW
2024-07-22,-0.005343073201084181,2330.TW
2024-07-23,0.014465809657897566,2330.TW
2024-07-26,-0.02435960010415794,2330.TW
2024-07-29,0.019369181585982886,2330.TW
2024-07-30,-0.006908336873956422,2330.TW
2024-07-31,-0.005312939192050337,2330.TW
2024-08-01,0.007708863455651027,2330.TW
2024-08-02,-0.015854930214985075,2330.TW
2024-08-05,-0.015319621965165453,2330.TW
2024-08-06,0.04349953905778303,2330.TW
2024-08-07,0.006440930726121508,2330.TW
2024-08-08,-0.006265313779340254,2330.TW
2024-08-09,0.013243490106578548,2330.TW
2024-08-12,-0.007669167390105258,2330.TW
2024-08-13,-6.784779820634412e-06,2330.TW
2024-08-14,-0.003116250121714792,2330.TW
2024-08-15,0.0007259297442692159,2330.TW
2024-08-16,0.00666812460366728,2330.TW
2024-08-19,0.001424933698551456,2330.TW
2024-08-20,-0.0008683899396775274,2330.TW
2024-08-21,-0.006974658492203467,2330.TW
2024-08-22,-0.00332078495667254,2330.TW
2024-08-23,-0.0025214492781771014,2330.TW
2024-08-26,-0.0026438270899120653,2330.TW
2024-08-27,-0.005975129507492127,2330.TW
2024-08-28,0.014752003579841855,2330.TW
2024-08-29,-0.014450362778371861,2330.TW
2024-08-30,-0.0019191043254656037,2330.TW
2024-09-02,0.0057109341878440745,2330.TW
2024-09-03,-0.0020276840477810865,2330.TW
2024-09-04,-0.00948682767724307,2330.TW
2024-09-05,0.010025225086700118,2330.TW
2024-09-06,0.005970329886072712,2330.TW
2024-09-09,-0.007257450827170331,2330.TW
2024-09-10,0.00935418120527931,2330.TW
2024-09-11,-0.0017525732161249863,2330.TW
2024-09-12,0.01766621385430156,2330.TW
2024-09-13,0.002517490568758163,2330.TW
2024-09-16,-0.004147231186262701,2330.TW
2024-09-18,0.0015118921325791845,2330.TW
2024-09-19,0.0033458315424841345,2330.TW
2024-09-20,0.008169066015979887,2330.TW
2024-09-23,-0.0015722093580050611,2330.TW
2024-09-24,0.003642249147840282,2330.TW
2024-09-25,0.0034765359090211945,2330.TW
2024-09-26,0.0056393120216595705,2330.TW
2024-09-27,-0.013311479499704681,2330.TW
2024-09-30,-0.01738937919593564,2330.TW
2024-10-01,0.008117509854983496,2330.TW
2024-10-04,0.009054571359181196,2330.TW
2024-10-07,0.010486636307509123,2330.TW
2024-10-08,0.00898673737400646,2330.TW
2024-10-09,0.007745405162148167,2330.TW
2024-10-11,0.013566520600859278,2330.TW
2024-10-14,-0.003210698765993669,2330.TW
2024-10-15,0.009949237243273679,2330.TW
2024-10-16,-0.011501501159455252,2330.TW
2024-10-17,-0.011476506792617691,2330.TW
2024-10-18,0.028552422533078214,2330.TW
2024-10-21,-0.0023499905350554684,2330.TW
2024-10-22,-0.00895763517187742,2330.TW
2024-10-23,-0.005489020053218496,2330.TW
2024-10-24,0.006114291643813274,2330.TW
2024-10-25,-0.0019948058927790058,2330.TW
2024-10-28,-0.00772316336376111,2330.TW
2024-10-29,0.0022020639385162966,2330.TW
2024-10-30,-0.005020576975725,2330.TW
2024-11-01,-0.0030965088432388654,2330.TW
2024-11-04,0.006426124125913368,2330.TW
2024-11-05,0.0034315236246476033,2330.TW
2024-11-06,0.004703962913991333,2330.TW
2024-11-07,-0.0035057458981357925,2330.TW
2024-11-08,0.017024689008200866,2330.TW
2024-11-11,-0.0035675857970272062,2330.TW
2024-11-12,-0.009230119626098876,2330.TW
2024-11-13,-0.009086322544850312,2330.TW
2024-11-14,0.006356474126025802,2330.TW
2024-11-15,-0.001205006140978071,2330.TW
2024-11-18,-0.0010430962850866976,2330.TW
2024-11-19,0.0012109200902363781,2330.TW
2024-11-20,-0.007481334397501094,2330.TW
2024-11-21,-0.008876266667694033,2330.TW
2024-11-22,0.013930682106517267,2330.TW
2024-11-25,-0.011583088683218001,2330.TW
2024-11-26,-0.007790347568261247,2330.TW
2024-11-27,0.005333412140088534,2330.TW
2024-11-28,0.006595204666183463,2330.TW
2024-11-29,-0.007361829843469003,2330.TW
2024-12-02,0.017322555453816335,2330.TW
2024-12-03,0.006442420611707966,2330.TW
2024-12-04,0.004270979877255776,2330.TW
2024-12-05,0.004120022430158521,2330.TW
2024-12-06,-0.006131605355037983,2330.TW
2024-12-09,0.005903396881621781,2330.TW
2024-12-10,-0.002959012940331185,2330.TW
2024-12-11,-0.009335513909740634,2330.TW
2024-12-12,0.011855184736487168,2330.TW
2024-12-13,0.005848501085646163,2330.TW
2024-12-16,0.017761982069623983,2330.TW
2024-12-17,-0.008308829554112052,2330.TW
2024-12-18,0.0027354104368502163,2330.TW
2024-12-19,-0.0036647349516778505,2330.TW
2024-12-20,-0.014683736705102923,2330.TW
2024-12-23,0.016501210674870315,2330.TW
2024-12-24,-0.0006793400733418054,2330.TW
2024-12-25,0.00030792078142649615,2330.TW
2024-12-26,-0.0011538750579358492,2330.TW
2024-12-27,0.0033620928953608242,2330.TW
2024-12-30,0.003679283258685828,2330.TW
2024-12-31,-0.007146411093088112,2330.TW
2025-01-02,-0.0004924103831438487,2330.TW
2025-01-03,0.006012208612739656,2330.TW
2025-01-06,0.017933217008999414,2330.TW
2025-01-07,4.634364185474027e-05,2330.TW
2025-01-08,-0.012004908709893236,2330.TW
2025-01-09,0.009498594571478058,2330.TW
2025-01-10,0.003005729772574739,2330.TW
2025-01-13,2.383666226535297e-05,2330.TW
2025-01-14,0.00020180431170846447,2330.TW
2025-01-15,-0.010713782370154412,2330.TW
2025-01-16,0.014448133292714438,2330.TW
2025-01-17,0.008156524415339206,2330.TW
2025-01-20,-0.005116481664776629,2330.TW
2025-01-21,-0.0014254549295777963,2330.TW
2025-01-22,0.0036766211672993876,2330.TW
2025-02-03,-0.023024802287981316,2330.TW
2025-02-04,0.018732053841117313,2330.TW
2025-02-05,-0.0023934852393141526,2330.TW
2025-02-06,-0.002176348727899402,2330.TW
2025-02-07,0.0020189453325647477,2330.TW
2025-02-10,-0.00825986132235812,2330.TW
2025-02-11,-0.001142059890957725,2330.TW
2025-02-12,-0.005009284167672767,2330.TW
2025-02-13,-0.013829794943405638,2330.TW
2025-02-14,-0.01730533685364133,2330.TW
2025-02-17,0.008191313475657935,2330.TW
2025-02-18,0.00691312737858496,2330.TW
2025-02-19,-0.00650787070755765,2330.TW
2025-02-20,-0.004263849180176749,2330.TW
2025-02-21,0.0035095289800244345,2330.TW
2025-02-24,-0.01145886704474286,2330.TW
2025-02-25,-0.006844516961272085,2330.TW
2025-02-26,-0.00027639994599137907,2330.TW
2025-02-27,-0.004007089828326649,2330.TW
2025-03-03,-0.006454064412574567,2330.TW
2025-03-04,-0.01277464789448235,2330.TW
2025-03-05,0.007705380904917014,2330.TW
2025-03-06,-0.007950395872764027,2330.TW
2025-03-07,0.006153905911755686,2330.TW
2025-03-10,-0.0017971987642591003,2330.TW
2025-03-11,-0.009997303919814016,2330.TW
2025-03-12,0.008009052887232748,2330.TW
2025-03-13,-0.009237932766218648,2330.TW
2025-03-14,-0.006527095987098441,2330.TW
2025-03-17,0.00457399533719105,2330.TW
2025-03-18,-0.001214876550045929,2330.TW
2025-03-19,-0.005706377996481216,2330.TW
2025-03-20,0.015291805042311424,2330.TW
2025-03-21,-0.005742734825763485,2330.TW
2025-03-24,0.0046240530518844025,2330.TW
2025-03-25,0.010843497823613824,2330.TW
2025-03-26,-0.009573037522976335,2330.TW
2025-03-27,-0.008747796519149809,2330.TW
2025-03-28,0.009737497459540556,2330.TW
2025-03-31,-0.0022288759835218386,2330.TW
2025-04-01,0.008841509270876458,2330.TW
2025-04-02,-0.002968688650694773,2330.TW
2025-04-07,-0.0030950195467758235,2330.TW
2025-04-08,0.0025241457242524135,2330.TW
2025-04-09,0.0208762547082344,2330.TW
2025-04-10,0.006287054636290534,2330.TW
2025-04-11,0.0022341653976702958,2330.TW
2025-04-14,-0.02656443844877998,2330.TW
2025-04-15,-0.003727324577773139,2330.TW
2025-04-16,-0.005587317018528104,2330.TW
2025-04-17,-0.0027384313509939417,2330.TW
2025-04-18,0.0006285791945410679,2330.TW
2025-04-21,-0.002800553947712281,2330.TW
2025-04-22,-0.00651183444675052,2330.TW
2025-04-23,0.023503877565114628,2330.TW
2025-04-24,-0.002165515355987857,2330.TW
2025-04-25,0.00737782232137274,2330.TW
2025-04-28,0.0019812466288247066,2330.TW
2025-04-29,-0.004286716719240857,2330.TW
2025-04-30,0.006511323589471374,2330.TW
2025-05-02,0.018274164449167074,2330.TW
2025-05-05,-0.000386235147829872,2330.TW
2025-05-06,-0.018869497642625355,2330.TW
2025-05-07,0.007494061903556393,2330.TW
2025-05-08,-0.010683971581018525,2330.TW
2025-05-09,0.01528266941865386,2330.TW
2025-05-12,-0.0018089071590301486,2330.TW
2025-05-13,0.003012049283243279,2330.TW
2025-05-14,0.009487455218620156,2330.TW
2025-05-15,-0.003605635485881109,2330.TW
2025-05-16,-0.00018408260783342456,2330.TW
2025-05-19,0.0006239471418378884,2330.TW
2025-05-20,-0.006218398954355386,2330.TW
2025-05-21,-0.0006311754327850139,2330.TW
2025-05-22,-0.0019973920024050074,2330.TW
2025-05-23,0.0028987393308375076,2330.TW
2025-05-26,-0.0028068017871083484,2330.TW
2025-05-27,-0.002003114760102953,2330.TW
2025-05-28,0.0010781895260434382,2330.TW
2025-05-29,0.0004879951686973527,2330.TW
2025-06-02,-0.005682179398366571,2330.TW
2025-06-03,-0.0016776208785191926,2330.TW
2025-06-04,0.018261046522653146,2330.TW
2025-06-05,0.0054456228118828776,2330.TW
2025-06-06,-0.0023750797135813073,2330.TW
2025-06-09,0.004033410229954626,2330.TW
2025-06-10,0.018505068458841478,2330.TW
2025-06-11,0.008761035095776748,2330.TW
2025-06-12,-0.006578359298221592,2330.TW
2025-06-13,-0.0047706758121952575,2330.TW
2025-06-16,-0.003821347898174565,2330.TW
2025-06-17,0.012018160958080948,2330.TW
2025-06-18,0.003010635681275353,2330.TW
2025-06-19,-0.003213478647282386,2330.TW
2025-06-20,0.017221497334585223,2330.TW
2025-06-23,-0.019405418745358283,2330.TW
2025-06-24,0.008188392782263243,2330.TW
2025-06-25,0.008027717392502076,2330.TW
2025-06-26,0.0019138212160685342,2330.TW
2025-06-27,0.0007470508380835739,2330.TW
2025-06-30,-0.004236445546287548,2330.TW
2025-07-01,0.010023423053164393,2330.TW
2025-07-02,-0.0010644252598481785,2330.TW
2025-07-03,-0.0013739961586782812,2330.TW
2025-07-04,0.002714276620112699,2330.TW
2025-07-07,0.0006629606008639044,2330.TW
2025-07-08,0.002967169079353127,2330.TW
2025-07-09,0.0018767283222453912,2330.TW
2025-07-10,0.001779938023183547,2330.TW
2025-07-11,-0.0025428647523142445,2330.TW
2025-07-14,0.0014425997482812036,2330.TW
2025-07-15,0.0038822155462527874,2330.TW
2025-07-16,0.008835509943149411,2330.TW
2025-07-17,-0.003049600780242301,2330.TW
2025-07-18,0.010275161737112626,2330.TW
2025-07-21,-0.0025161634511832176,2330.TW
2025-07-22,-0.0023205417554379437,2330.TW
2025-07-23,-0.0010984218374270327,2330.TW
2025-07-24,-0.0023584382870005527,2330.TW
2025-07-25,0.00040008503698807374,2330.TW
2025-07-28,-0.002077912284137895,2330.TW
2025-07-29,0.0003006575315200877,2330.TW
2025-07-30,0.006315407199092071,2330.TW
2025-07-31,0.0008816977579435559,2330.TW
2025-08-04,-0.019418841599146752,2330.TW
2025-08-05,0.0011542466684000274,2330.TW
2025-08-06,-0.012925995642697252,2330.TW
2025-08-07,0.024278371730718895,2330.TW
2025-08-08,-0.004974649012327248,2330.TW
2025-08-11,-0.0004982548700649403,2330.TW
2025-08-12,-0.0009466783977529758,2330.TW
2025-08-13,0.0080838277202675,2330.TW
2025-08-14,-0.015625391821527224,2330.TW
2025-08-15,0.0002777342777289249,2330.TW
2025-08-18,-0.006065080455726957,2330.TW
2025-08-19,0.009512112446628862,2330.TW
2025-08-20,-0.012758723312217946,2330.TW
2025-08-21,-0.0010211877491768107,2330.TW
2025-08-22,-0.004846375553875681,2330.TW
2025-08-25,0.00901760330675394,2330.TW
2025-08-26,0.0031234874174819183,2330.TW
2025-08-27,0.0038862346146562032,2330.TW
2025-08-28,-0.013905894323428925,2330.TW
2025-08-29,0.00013821500143151866,2330.TW
2025-09-01,0.010982368639369966,2330.TW
2025-09-02,-0.002015640979630362,2330.TW
2025-09-03,-0.0034715975334620452,2330.TW
2025-09-04,-0.0032953045699581907,2330.TW
2025-09-05,0.004162205195012092,2330.TW
2025-09-08,-0.002153290800052332,2330.TW
2025-09-09,0.004346026332034292,2330.TW
2025-09-10,0.0071355565946085164,2330.TW
2025-09-11,0.011253321358769774,2330.TW
2025-09-12,0.005784037120506902,2330.TW
2025-09-15,0.0006462019223363313,2330.TW
2025-09-16,0.01302811619091404,2330.TW
2025-09-17,-0.004292415884054712,2330.TW
2025-09-18,0.0027544203871316952,2330.TW
2025-09-19,-0.008247512454595984,2330.TW
2025-09-22,0.011692036815829532,2330.TW
2025-09-23,0.02008679372210498,2330.TW
2025-09-24,0.0019311490897759853,2330.TW
2025-09-25,-0.008416716287112713,2330.TW
2025-09-26,0.0019225783984202494,2330.TW
2025-09-30,-0.005508158012028197,2330.TW
2025-10-01,0.008940702680337864,2330.TW
2025-10-02,0.014635840143988332,2330.TW
2025-10-03,0.010915059440779196,2330.TW
2025-10-07,0.007984273197158664,2330.TW
2025-10-08,-0.008571679568778023,2330.TW
2025-10-09,0.008749198863466034,2330.TW
2025-10-13,-0.0035531397229373596,2330.TW
2025-10-14,0.011892479593094585,2330.TW
2025-10-15,0.009833179784776824,2330.TW
2025-10-16,7.503385704765719e-06,2330.TW
2025-10-17,-0.011276015510957471,2330.TW
2025-10-20,0.006430090972414426,2330.TW
2025-10-21,-0.002300798247730995,2330.TW
2025-10-22,-0.009869226766510586,2330.TW
2025-10-23,-0.002644985360072738,2330.TW
2025-10-27,0.003859886032944182,2330.TW
2025-10-28,-0.0017923426497183925,2330.TW
2025-10-29,0.007844282384217749,2330.TW
2025-10-30,0.0002548832911362098,2330.TW
2025-10-31,-0.001410723792270474,2330.TW
2025-11-03,0.003065217469027992,2330.TW
2025-11-04,0.004407806914788814,2330.TW
2025-11-05,-0.016045840607135098,2330.TW
2025-11-06,-0.0031400879692169426,2330.TW
2025-11-07,0.005511488896746464,2330.TW
2025-11-10,0.0023650562681476472,2330.TW
2025-11-11,-0.003764076876279887,2330.TW
2025-11-12,0.0009842540771227704,2330.TW
2025-11-13,-0.008662805427451126,2330.TW
2025-11-14,-0.0024596019894262966,2330.TW
2025-11-17,0.008618572809254488,2330.TW
2025-11-18,-0.0025670197197262823,2330.TW
2025-11-19,-0.0005433302026842668,2330.TW
2025-11-20,0.010770561934716483,2330.TW
2025-11-21,-0.012487832043403202,2330.TW
2025-11-24,-0.009864557686825037,2330.TW
2025-11-25,0.013401920179157756,2330.TW
2025-11-26,-0.0007988666683687029,2330.TW
2025-11-27,-0.008754190577224819,2330.TW
2025-11-28,0.0008705343205015481,2330.TW
2025-12-01,-0.01072205530353898,2330.TW
2025-12-02,0.006007679486989659,2330.TW
2025-12-03,0.005623991076222801,2330.TW
2025-12-04,-0.0035503740447397902,2330.TW
2025-12-05,0.0036870677787446127,2330.TW
2025-12-08,0.012216209665727007,2330.TW
2025-12-09,-0.005793558373393459,2330.TW
2025-12-10,0.00904074147935674,2330.TW
2025-12-11,-0.006875971925870417,2330.TW
2025-12-12,0.0006160445208438503,2330.TW
2025-12-15,-0.008667804471931717,2330.TW
2025-12-16,0.0015239718950663672,2330.TW
2025-12-17,-0.0030730333530186726,2330.TW
2025-12-18,0.002059895800160305,2330.TW
2025-12-19,-0.008259661299437226,2330.TW
2025-12-22,0.007946902794056854,2330.TW
2025-12-23,0.011223753334134834,2330.TW
2025-12-24,0.0011797438926892667,2330.TW
2025-12-26,0.003517783846652911,2330.TW
2025-12-29,0.004272323602473094,2330.TW
2025-12-30,-0.00294946515665373,2330.TW
2025-12-31,0.010650293757649365,2330.TW
2026-01-02,0.009083227308376074,2330.TW
2026-01-05,0.026832753531327747,2330.TW
2026-01-06,0.005208815640159514,2330.TW
2026-01-07,-0.013135448301535568,2330.TW
2026-01-08,0.008417007800803233,2330.TW
2026-01-09,-0.0006109848430773113,2330.TW
2026-01-12,-0.0032124203634094073,2330.TW
2026-01-13,0.007197489106755661,2330.TW
2026-01-14,-0.00760952247687996,2330.TW
2026-01-15,-0.007515654352858725,2330.TW
2026-01-16,0.009929848807881392,2330.TW
2026-01-19,0.004113945740346736,2330.TW
2026-01-20,0.0046789924413799255,2330.TW
2026-01-21,-0.003611220386448899,2330.TW
2026-01-22,-0.00443735459789707,2330.TW
2026-01-23,-0.0010973197419508196,2330.TW
2026-01-26,-0.011728543297864213,2330.TW
2026-01-27,0.0062728239092448845,2330.TW
2026-01-28,0.0073000044631132965,2330.TW
2026-01-29,-8.634621553138544e-05,2330.TW
2026-01-30,-0.002130823761489431,2330.TW
2026-02-02,0.008159077522071456,2330.TW
2026-02-03,0.0017308919526728417,2330.TW
2026-02-04,-0.011297609413300158,2330.TW
2026-02-05,0.003977758511668483,2330.TW
2026-02-06,0.00903988355347174,2330.TW
2026-02-09,0.00010014866081675677,2330.TW
2026-02-10,0.014770981113866988,2330.TW
2026-02-11,0.0024661084623991414,2330.TW
2026-02-23,-0.012837163801776796,2330.TW
2026-02-24,0.006544438658691476,2330.TW
2026-02-25,0.0048093281065391125,2330.TW
2026-02-26,-0.010015205704824837,2330.TW
2026-03-02,-0.0010158311534587128,2330.TW
2026-03-03,0.001765604267426113,2330.TW
2026-03-04,0.007679676857636153,2330.TW
2026-03-05,-0.006793184226803639,2330.TW
2026-03-06,-0.003094794844572313,2330.TW
2026-03-09,0.0020818243115039436,2330.TW
2026-03-10,0.0014687974841125495,2330.TW
2026-03-11,0.007359423818101618,2330.TW
2026-03-12,-0.013032716048319237,2330.TW
2026-03-13,-0.0052462581490315685,2330.TW
2026-03-16,-0.009049452200677877,2330.TW
2026-03-17,0.0020074967950574063,2330.TW
2026-03-18,0.0035251259245585587,2330.TW
2026-03-19,-0.009927283686980815,2330.TW
2026-03-20,-0.001082915446531274,2330.TW
2026-03-23,0.008352765452936062,2330.TW
2026-03-24,0.003375229469170904,2330.TW
2026-03-25,-0.005886044606595142,2330.TW
2026-03-26,0.00032592768912564907,2330.TW
2026-03-27,-0.0041561121688342695,2330.TW
2026-03-30,-0.004108267152753697,2330.TW
2026-03-31,0.013457494744949727,2330.TW
2026-04-01,0.007821363796842284,2330.TW
2026-04-02,-0.006232892534690393,2330.TW
2026-04-07,0.007268172023128905,2330.TW
2026-04-08,0.0021935726416577594,2330.TW
2026-04-09,-0.0003055311326569665,2330.TW
2026-04-10,0.006914985935666529,2330.TW
2026-04-13,-0.006126074407482918,2330.TW
2026-04-14,0.008759225605045273,2330.TW
2026-04-15,0.00042300060850308796,2330.TW
2026-04-16,-0.008698778197730128,2330.TW
2026-04-17,-0.017869222582969968,2330.TW
2026-04-20,-0.006654122695981535,2330.TW
2026-04-21,-0.005066040775407288,2330.TW
2026-04-22,-0.007242914997437566,2330.TW
2026-04-23,0.018875625020871922,2330.TW
2026-04-24,0.017456519351609856,2330.TW
2026-04-27,0.0185367332472417,2330.TW
2026-04-28,-0.019924053992013135,2330.TW
2026-04-29,-0.010390490979033551,2330.TW
2026-04-30,-0.011223156404863488,2330.TW
2026-05-04,0.01883755541877541,2330.TW
2026-05-05,-0.012624466767146458,2330.TW
2026-05-06,-0.009023889566632803,2330.TW
2026-05-07,0.007178528320293864,2330.TW
2026-05-08,-0.0007988742085336398,2330.TW
2026-05-11,-0.028774204178626306,2330.TW
2026-05-12,0.0063214819304100445,2330.TW
2026-05-13,-0.0030618371283592793,2330.TW
2026-05-14,0.01319611860663894,2330.TW
2026-05-15,0.011769098689540236,2330.TW
2026-05-18,-0.004261742641008759,2330.TW
2026-05-19,0.0019228296096285291,2330.TW
2026-05-20,-0.005252687763283248,2330.TW
2026-05-21,-0.012727213495931977,2330.TW
2026-05-22,-0.01036838700836018,2330.TW
2026-05-25,-0.007947790246347175,2330.TW
2026-05-26,-0.014736752166883527,2330.TW
2026-05-27,-0.00353575219240998,2330.TW
2026-05-28,0.01194010446138627,2330.TW
2026-05-29,0.000990313352166261,2330.TW
2026-06-01,-0.013433376880055192,2330.TW
2026-06-02,0.005732296173324158,2330.TW
2026-06-03,-0.0008716089261531224,2330.TW
2026-06-04,0.00033627622648957356,2330.TW
2026-06-05,0.004946156633076626,2330.TW
2026-06-08,0.00536768391731357,2330.TW
2026-06-09,-0.02290015285353686,2330.TW
2026-06-10,0.01171065917701064,2330.TW
2026-06-11,0.002206121118711657,2330.TW
2026-06-12,0.002963163072723596,2330.TW
2026-06-15,0.00032821746165367927,2330.TW
2026-06-16,0.0014323085853389372,2330.TW
2026-06-17,-0.007757273035748469,2330.TW
2026-06-18,-0.002303588605609086,2330.TW
2026-06-22,0.013558348070281667,2330.TW
2026-06-23,0.005514475227091253,2330.TW
2026-06-24,-0.01829138396282648,2330.TW
2026-06-25,-0.004586416771600099,2330.TW
2026-06-26,0.015932274620185538,2330.TW
2026-06-29,0.0031793061394704836,2330.TW
2026-06-30,-0.007977809371980449,2330.TW
2026-07-01,0.019485295479440445,2330.TW
2026-07-02,-0.010234732424653892,2330.TW
2026-07-03,-0.008926391055442906,2330.TW
2026-07-06,0.010920985515640247,2330.TW
2026-07-07,0.015247882931446632,2330.TW
2026-07-08,0.004595882059415857,2330.TW
2026-07-09,-0.012153359771239991,2330.TW
2026-07-10,0.008339160618877628,2330.TW
2026-07-13,0.009727635869632323,2330.TW
2026-07-14,0.006030311358265372,2330.TW
2026-07-15,-0.01154762001356513,2330.TW
2026-07-16,0.012364963918845007,2330.TW
2026-07-17,-0.00873679832495533,2330.TW
2026-07-20,0.018221389993221315,2330.TW
2026-07-21,-0.0030888135724067567,2330.TW
2026-07-22,-0.017473255790917186,2330.TW
2026-07-23,0.0015229972448267404,2330.TW
2026-07-24,0.0038928872113066504,2330.TW
2026-07-27,0.00047310498442953985,2330.TW
2026-07-28,0.017420246187827004,2330.TW
2026-07-29,0.00260436869944769,2330.TW
2026-07-30,0.004918033594292659,2330.TW
2026-07-31,0.018333468532581776,2330.TW
2026-08-03,-0.02910670246271785,2330.TW
2026-08-04,-0.020729089459488037,2330.TW
2026-08-05,0.007541349981581291,2330.TW
2026-08-06,-0.01194305644928395,2330.TW
2026-08-07,0.005966237993681567,2330.TW
2026-08-10,-0.011556809969252235,2330.TW
2026-08-11,0.0020193688433547408,2330.TW
2026-08-12,-0.000451803791609251,2330.TW
2026-08-13,-0.0027513879369074346,2330.TW
2026-08-14,-0.011979764227390888,2330.TW
2026-08-17,0.0010762628181693046,2330.TW
2026-08-18,0.0036668680483282756,2330.TW
2026-08-19,0.00040713039081197167,2330.TW
2024-01-02,,SMH
2024-01-03,-0.00727605580695645,SMH
2024-01-04,-0.0007625354705895759,SMH
2024-01-05,0.005399370010143123,SMH
2024-01-08,0.014335057485753033,SMH
2024-01-09,0.000697823828496702,SMH
2024-01-10,-0.005827205142462155,SMH
2024-01-11,0.003584083901189139,SMH
2024-01-12,-0.004033776855592919,SMH
2024-01-16,0.015873178644412178,SMH
2024-01-17,-0.0003946320373602319,SMH
2024-01-18,0.01785645449858997,SMH
2024-01-19,0.01775611711209457,SMH
2024-01-22,0.003332229641721085,SMH
2024-01-23,0.0009510776481524985,SMH
2024-01-24,0.01208689847623301,SMH
2024-01-25,-0.0012206518773867359,SMH
2024-01-26,-0.015567868679942087,SMH
2024-01-29,0.0014815181542733313,SMH
2024-01-30,-0.0032930642297896995,SMH
2024-01-31,0.005252687375217668,SMH
2024-02-01,-0.0026020302123805905,SMH
2024-02-02,0.0025132650611103813,SMH
2024-02-05,0.02062465475052022,SMH
2024-02-06,-0.009391645266076942,SMH
2024-02-07,0.00974390482554277,SMH
2024-02-08,0.012289215875148862,SMH
2024-02-09,0.012126382438914618,SMH
2024-02-12,3.730521219225125e-05,SMH
2024-02-13,-0.002970414865908211,SMH
2024-02-14,0.0090332090440981,SMH
2024-02-15,-0.006323791663303879,SMH
2024-02-16,0.004806038137902036,SMH
2024-02-20,-0.012297180830083576,SMH
2024-02-21,-0.0024321366204578254,SMH
2024-02-22,0.03720538336105772,SMH
2024-02-23,-0.0033106673891367677,SMH
2024-02-26,0.008785143066554646,SMH
2024-02-27,-0.0053064417809203235,SMH
2024-02-28,-0.005832435337662645,SMH
2024-02-29,0.013120144299510805,SMH
2024-03-01,0.02478384291698621,SMH
2024-03-04,0.019543176879133206,SMH
2024-03-05,0.002687970569660081,SMH
2024-03-06,0.01919550724957908,SMH
2024-03-07,0.01890074192485791,SMH
2024-03-08,-0.025451138744961632,SMH
2024-03-11,-0.014264439611185509,SMH
2024-03-12,0.01690892031656155,SMH
2024-03-13,-0.012265967551121193,SMH
2024-03-14,-0.015538016694818246,SMH
2024-03-15,0.004548950992775858,SMH
2024-03-18,-0.007474449876390565,SMH
2024-03-19,-0.0046898993511481635,SMH
2024-03-20,0.0041099806036406505,SMH
2024-03-21,0.01771056321955733,SMH
2024-03-22,0.0047164420977861,SMH
2024-03-25,0.0011729483613232006,SMH
2024-03-26,-0.006092528983776546,SMH
2024-03-27,-0.0037559266605917685,SMH
2024-03-28,0.002289654714398459,SMH
2024-04-01,0.010911705145882244,SMH
2024-04-02,-0.004270051085328852,SMH
2024-04-03,0.0017501389026088887,SMH
2024-04-04,-0.011600460819967573,SMH
2024-04-05,0.000713557047511415,SMH
2024-04-08,0.001589600132128055,SMH
2024-04-09,0.0009588720595354872,SMH
2024-04-10,2.728943320917665e-05,SMH
2024-04-11,0.007119800734241011,SMH
2024-04-12,-0.01353068088418663,SMH
2024-04-15,0.0014290174431303981,SMH
2024-04-16,0.008154450488298437,SMH
2024-04-17,-0.01905450842031975,SMH
2024-04-18,-0.012186179659406271,SMH
2024-04-19,-0.025296641704423806,SMH
2024-04-22,0.008938478112231252,SMH
2024-04-23,0.00845906693876497,SMH
2024-04-24,-0.002227922482379796,SMH
2024-04-25,0.02464058305518879,SMH
2024-04-26,0.009999230281602323,SMH
2024-04-29,-0.0006578383804711763,SMH
2024-04-30,-0.0008038607701816858,SMH
2024-05-01,-0.022322943003054263,SMH
2024-05-02,0.007228514698195632,SMH
2024-05-03,0.006628754666832215,SMH
2024-05-06,0.01154130479105131,SMH
2024-05-07,-0.008909570729186633,SMH
2024-05-08,0.003621324606459808,SMH
2024-05-09,-0.008613358811849103,SMH
2024-05-10,0.01262392518600386,SMH
2024-05-13,-0.002483745126868442,SMH
2024-05-14,0.010553732935353999,SMH
2024-05-15,0.014081862041853022,SMH
2024-05-16,-0.005261174070736452,SMH
2024-05-17,-0.007946541250643868,SMH
2024-05-20,0.01347136448875208,SMH
2024-05-21,-0.0033598487764461282,SMH
2024-05-22,0.00834594504335584,SMH
2024-05-23,0.018068563960009776,SMH
2024-05-24,0.008932586729422098,SMH
2024-05-28,0.018776927169806612,SMH
2024-05-29,-0.009799793795685297,SMH
2024-05-30,-0.003083656871340601,SMH
2024-05-31,-0.005553798589298609,SMH
2024-06-03,0.00704284667087407,SMH
2024-06-04,-0.006353530336904889,SMH
2024-06-05,0.027573863652742503,SMH
2024-06-06,-0.007547177751884071,SMH
2024-06-07,9.256873420149248e-05,SMH
2024-06-10,0.010337318522823047,SMH
2024-06-11,-0.008325654589936171,SMH
2024-06-12,0.01633926536463104,SMH
2024-06-13,0.010133137467895459,SMH
2024-06-14,-0.0026260716169970166,SMH
2024-06-17,0.004813166919937828,SMH
2024-06-18,0.015276382009306921,SMH
2024-06-20,-0.020998885536914536,SMH
2024-06-21,-0.012416447152551413,SMH
2024-06-24,-0.023547056821105805,SMH
2024-06-25,0.011777834408190913,SMH
2024-06-26,-0.005353784537419415,SMH
2024-06-27,-0.01046623344212172,SMH
2024-06-28,0.012287471485977974,SMH
2024-07-01,-0.0046593489984827485,SMH
2024-07-02,-0.0004570518093940379,SMH
2024-07-03,0.014164308507524481,SMH
2024-07-05,-0.010002183080156435,SMH
2024-07-08,0.014134563486671858,SMH
2024-07-09,0.0013214513036636788,SMH
2024-07-10,0.012862642821101389,SMH
2024-07-11,-0.01494826361534507,SMH
2024-07-12,0.006718918301849897,SMH
2024-07-15,-0.004945927149730522,SMH
2024-07-16,-0.0008211681090264378,SMH
2024-07-17,-0.044074703033047946,SMH
2024-07-18,0.00992262197272975,SMH
2024-07-19,-0.020482746092403303,SMH
2024-07-22,0.02309283621058711,SMH
2024-07-23,-0.007628454924835104,SMH
2024-07-24,-0.019471060368177362,SMH
2024-07-25,-0.00742309769940519,SMH
2024-07-26,0.005524064100517201,SMH
2024-07-29,-0.00914794240501049,SMH
2024-07-30,-0.025189669996768416,SMH
2024-07-31,0.044411218146485965,SMH
2024-08-01,-0.04236721295840873,SMH
2024-08-02,-0.03197417367096378,SMH
2024-08-05,0.006550597492553933,SMH
2024-08-06,0.009758604698522966,SMH
2024-08-07,-0.017042807436313367,SMH
2024-08-08,0.03148481119206181,SMH
2024-08-09,-0.0054756867844396595,SMH
2024-08-12,0.007189091874983511,SMH
2024-08-13,0.015352860663347734,SMH
2024-08-14,0.0005220886322208074,SMH
2024-08-15,0.0164022162848525,SMH
2024-08-16,9.412508265960184e-05,SMH
2024-08-19,0.0055425995620845825,SMH
2024-08-20,-0.01103509933374447,SMH
2024-08-21,0.005653695036613726,SMH
2024-08-22,-0.01732396048650653,SMH
2024-08-23,0.013541229209868888,SMH
2024-08-26,-0.01395403345280588,SMH
2024-08-27,0.007025704841727709,SMH
2024-08-28,-0.005546134527248725,SMH
2024-08-29,-0.010983116746306365,SMH
2024-08-30,0.011211256800076619,SMH
2024-09-03,-0.04717687370356849,SMH
2024-09-04,0.0002011644953148206,SMH
2024-09-05,-0.002670696097151648,SMH
2024-09-06,-0.015015444071510231,SMH
2024-09-09,0.009575152059436043,SMH
2024-09-10,0.00021692781339144318,SMH
2024-09-11,0.028863632099175973,SMH
2024-09-12,-0.0076282243134775385,SMH
2024-09-13,0.008316608765898792,SMH
2024-09-16,-0.008786430615642438,SMH
2024-09-17,-0.0008704609251735107,SMH
2024-09-18,-0.007107649779305447,SMH
2024-09-19,0.01752309738464053,SMH
2024-09-20,-0.011414669099907293,SMH
2024-09-23,0.001756670278870942,SMH
2024-09-24,0.013639933855519537,SMH
2024-09-25,0.00782686177003633,SMH
2024-09-26,0.020941576176146448,SMH
2024-09-27,-0.013934054182636935,SMH
2024-09-30,-0.011994570091606427,SMH
2024-10-01,-0.013101585402777616,SMH
2024-10-02,0.012885784202842032,SMH
2024-10-03,0.009907895978029657,SMH
2024-10-04,0.001455079004514026,SMH
2024-10-07,0.012382181134025672,SMH
2024-10-08,0.0023507730965626195,SMH
2024-10-09,0.0025235706563835336,SMH
2024-10-10,-0.0008253465041923036,SMH
2024-10-11,0.006417129377330966,SMH
2024-10-14,0.009367210967229589,SMH
2024-10-15,-0.04209990189958557,SMH
2024-10-16,0.0005249967603981887,SMH
2024-10-17,0.016385556431662174,SMH
2024-10-18,-0.006811676729251204,SMH
2024-10-21,0.003354766360133432,SMH
2024-10-22,-0.005648049304689096,SMH
2024-10-23,0.004737297370026816,SMH
2024-10-24,-0.0038681562186946294,SMH
2024-10-25,0.005455292341713047,SMH
2024-10-28,-0.007103652969597363,SMH
2024-10-29,0.012913050259520276,SMH
2024-10-30,-0.01700146324681473,SMH
2024-10-31,-0.010995682236595528,SMH
2024-11-01,0.005250977001528767,SMH
2024-11-04,0.0009543779897276394,SMH
2024-11-05,0.003727550199290164,SMH
2024-11-06,-0.0009606999420777029,SMH
2024-11-07,0.008457233009591114,SMH
2024-11-08,-0.007624667062323454,SMH
2024-11-11,-0.02207423151538812,SMH
2024-11-12,-0.004797129395204713,SMH
2024-11-13,-0.015650113027512624,SMH
2024-11-14,0.00919246018771247,SMH
2024-11-15,-0.009609271704742461,SMH
2024-11-18,-0.00031905822664590744,SMH
2024-11-19,0.004014431359322224,SMH
2024-11-20,-0.006162984242435776,SMH
2024-11-21,0.01098062822359136,SMH
2024-11-22,-0.007634694353501281,SMH
2024-11-25,-0.0055125818962720174,SMH
2024-11-26,-0.014590504076500643,SMH
2024-11-27,-0.0053130489660278,SMH
2024-11-29,0.007405747450259348,SMH
2024-12-02,0.012600515962865266,SMH
2024-12-03,-0.0008448757980126231,SMH
2024-12-04,0.004517940854628755,SMH
2024-12-05,-0.014513412072412635,SMH
2024-12-06,-0.007662074713477018,SMH
2024-12-09,-0.002451445658818052,SMH
2024-12-10,-0.02206388162582673,SMH
2024-12-11,0.006432023236594198,SMH
2024-12-12,-0.0032573313000447968,SMH
2024-12-13,0.017210704732741,SMH
2024-12-16,0.0006605716721086452,SMH
2024-12-17,-0.008662638667233935,SMH
2024-12-18,0.004339170096377742,SMH
2024-12-19,-0.008513705226900647,SMH
2024-12-20,0.007253310744164132,SMH
2024-12-23,0.02119544356026548,SMH
2024-12-24,-0.004878867256419284,SMH
2024-12-26,-0.001072233945384582,SMH
2024-12-27,0.00324851522524483,SMH
2024-12-30,-0.0017817326523630328,SMH
2024-12-31,-0.0016985022190363352,SMH
2025-01-02,0.012718751555111929,SMH
2025-01-03,0.012319438586202658,SMH
2025-01-06,0.02118568552097866,SMH
2025-01-07,-0.006068815560445806,SMH
2025-01-08,-0.007325014588585255,SMH
2025-01-10,-0.004419246206650129,SMH
2025-01-13,-0.007110176947718649,SMH
2025-01-14,0.00421481796097023,SMH
2025-01-15,0.0004910399109530061,SMH
2025-01-16,0.011320637634233854,SMH
2025-01-17,0.006611223619649387,SMH
2025-01-21,0.010056079518907524,SMH
2025-01-22,0.005348443235135392,SMH
2025-01-23,-0.003322294137552362,SMH
2025-01-24,-0.014470392566841461,SMH
2025-01-27,-0.0739758920422684,SMH
2025-01-28,0.004814019558144977,SMH
2025-01-29,-0.001953844574224206,SMH
2025-01-30,0.019020040842856467,SMH
2025-01-31,-0.0048882561153549275,SMH
2025-02-03,-0.012031458905362058,SMH
2025-02-04,-0.0009980141100935924,SMH
2025-02-05,0.018682029151916524,SMH
2025-02-06,-0.0003220317167187403,SMH
2025-02-07,-0.0008873807591394112,SMH
2025-02-10,0.006649275369206009,SMH
2025-02-11,0.0033844267221692093,SMH
2025-02-12,-0.006044567653845867,SMH
2025-02-13,-0.0006547888558960935,SMH
2025-02-14,-0.0015734391566430972,SMH
2025-02-18,0.012043930017852311,SMH
2025-02-19,0.004083611517994079,SMH
2025-02-20,0.006039510109697055,SMH
2025-02-21,-0.009789909054682688,SMH
2025-02-24,-0.014758097314451213,SMH
2025-02-25,-0.008788467001314082,SMH
2025-02-26,0.020696786250913313,SMH
2025-02-27,-0.03546147683327483,SMH
2025-02-28,0.0015783335731258674,SMH
2025-03-03,-0.02070870204789621,SMH
2025-03-04,0.012927704708942223,SMH
2025-03-05,0.005393292499101143,SMH
2025-03-06,-0.014945357415841798,SMH
2025-03-07,0.016546772694908896,SMH
2025-03-10,-0.008523490107855913,SMH
2025-03-11,0.0009473594656634887,SMH
2025-03-12,0.017767244826193185,SMH
2025-03-13,0.013745765891362893,SMH
2025-03-14,0.007590961456366507,SMH
2025-03-17,0.00403061470425925,SMH
2025-03-18,0.0016125165743972047,SMH
2025-03-19,-0.00450353878251164,SMH
2025-03-20,0.0018111122093671383,SMH
2025-03-21,-0.013383897853175952,SMH
2025-03-24,0.004029870723112339,SMH
2025-03-25,-0.00994858395079401,SMH
2025-03-26,-0.015261920697780873,SMH
2025-03-27,-0.013660498595601922,SMH
2025-03-28,0.0007207294857254354,SMH
2025-03-31,-0.003262019281059736,SMH
2025-04-01,-0.0032169904400154437,SMH
2025-04-02,0.0002296407791275712,SMH
2025-04-03,-0.03545831804706534,SMH
2025-04-04,-0.01440563729003852,SMH
2025-04-07,0.02001334696949897,SMH
2025-04-08,-0.008963414914053836,SMH
2025-04-09,0.04501695402832695,SMH
2025-04-10,-0.028403323310569384,SMH
2025-04-11,0.007404897950285871,SMH
2025-04-14,-0.005266088196441032,SMH
2025-04-15,0.00536256554045611,SMH
2025-04-16,-0.012533720545197191,SMH
2025-04-17,-0.009228650317599119,SMH
2025-04-21,0.00034344558456123053,SMH
2025-04-22,-0.00447640821894435,SMH
2025-04-23,0.013453357572966063,SMH
2025-04-24,0.021589709727695805,SMH
2025-04-25,0.003167723343409534,SMH
2025-04-28,-0.005929365953993404,SMH
2025-04-29,-0.008293129056286652,SMH
2025-04-30,0.004823000181374937,SMH
2025-05-01,-0.008160074851427446,SMH
2025-05-02,0.016473579059118393,SMH
2025-05-05,-0.0005541779219608856,SMH
2025-05-06,1.9204375981907162e-05,SMH
2025-05-07,0.016421882288272904,SMH
2025-05-08,-0.001538303292505816,SMH
2025-05-09,0.007167239076780518,SMH
2025-05-12,0.020892640358171732,SMH
2025-05-13,0.01862677885517261,SMH
2025-05-14,0.0038720554527618134,SMH
2025-05-15,-0.004572277289004667,SMH
2025-05-16,-0.0072202049328264906,SMH
2025-05-19,-0.0026234739690593756,SMH
2025-05-20,0.001426397917452249,SMH
2025-05-21,-0.0027202589502506314,SMH
2025-05-22,-0.004606574465798374,SMH
2025-05-23,-0.004789414539466463,SMH
2025-05-27,0.007967962236214099,SMH
2025-05-28,-0.006269555133587623,SMH
2025-05-29,0.005107942657930131,SMH
2025-05-30,-0.016321026850939724,SMH
2025-06-02,0.006831418326049388,SMH
2025-06-03,0.014527329407671097,SMH
2025-06-04,0.009043368273697894,SMH
2025-06-05,0.00576638881360747,SMH
2025-06-06,-0.004053550365025416,SMH
2025-06-09,0.0151275543262539,SMH
2025-06-10,0.01309930696794126,SMH
2025-06-11,0.0026498542522555013,SMH
2025-06-12,0.0024928456700399337,SMH
2025-06-13,-0.011052906728189704,SMH
2025-06-16,0.010746682353730996,SMH
2025-06-17,0.0029796013526626197,SMH
2025-06-18,0.003985585331486519,SMH
2025-06-20,-0.004782756600649307,SMH
2025-06-23,-0.00391028778698832,SMH
2025-06-24,0.02089397418378436,SMH
2025-06-25,0.010835504614140845,SMH
2025-06-26,-0.0020656853925382634,SMH
2025-06-27,0.0009737339656048505,SMH
2025-06-30,-0.004805346787937204,SMH
2025-07-01,-0.002495535055921927,SMH
2025-07-02,0.012481816381199273,SMH
2025-07-03,-0.0014006216015989281,SMH
2025-07-07,-0.006141911570999525,SMH
2025-07-08,0.012648057817586711,SMH
2025-07-09,-0.00023375717080753589,SMH
2025-07-10,0.008769805658522145,SMH
2025-07-11,0.002148634647668679,SMH
2025-07-14,-0.011197013070473716,SMH
2025-07-15,0.018108018673448356,SMH
2025-07-16,-0.006264000719957252,SMH
2025-07-17,0.0003048543824846206,SMH
2025-07-18,-0.0038491918576939455,SMH
2025-07-21,-0.004482724294281759,SMH
2025-07-22,-0.012662219394328211,SMH
2025-07-23,-0.00021508324759977882,SMH
2025-07-24,0.00201733824361483,SMH
2025-07-25,-0.0034818605771516076,SMH
2025-07-28,0.01042279215027797,SMH
2025-07-29,0.006650087405481564,SMH
2025-07-30,0.010067442009907168,SMH
2025-07-31,-0.020259105867479477,SMH
2025-08-01,0.003028344190286525,SMH
2025-08-04,0.0034543223750613805,SMH
2025-08-05,-0.0038926624753869987,SMH
2025-08-06,-0.014177953067467719,SMH
2025-08-07,0.012199627950762348,SMH
2025-08-08,-0.0010407860626608922,SMH
2025-08-11,0.0025202763444109877,SMH
2025-08-12,0.010088672330287096,SMH
2025-08-13,0.003424402294900375,SMH
2025-08-14,0.002897522992070911,SMH
2025-08-15,-0.016578560515036145,SMH
2025-08-18,0.004482831999043313,SMH
2025-08-19,-0.006723661884033838,SMH
2025-08-20,-0.0006333296378739917,SMH
2025-08-21,-0.000564092268786176,SMH
2025-08-22,0.005961368275556822,SMH
2025-08-25,0.003841963554929606,SMH
2025-08-26,0.0055751367658123385,SMH
2025-08-27,0.0015260527896607812,SMH
2025-08-28,-0.0021500726516743285,SMH
2025-08-29,-0.017518542921269642,SMH
2025-09-02,-0.004796446301730484,SMH
2025-09-03,-0.0080111608437754,SMH
2025-09-04,0.002892923158507976,SMH
2025-09-05,0.010288044826111786,SMH
2025-09-08,0.006120716873563303,SMH
2025-09-09,0.0015118620148939499,SMH
2025-09-10,0.00976234147565247,SMH
2025-09-11,0.004448590635316663,SMH
2025-09-12,-0.0031249840887070945,SMH
2025-09-15,0.000800979486963449,SMH
2025-09-16,0.00097547980386814,SMH
2025-09-17,-0.0044023748839476795,SMH
2025-09-18,0.02869941737057946,SMH
2025-09-19,-0.010729548345524087,SMH
2025-09-22,0.01435269950130369,SMH
2025-09-23,0.0052045152990967125,SMH
2025-09-24,0.0016810202022954357,SMH
2025-09-25,0.004164920563271224,SMH
2025-09-26,-0.0017381058749137424,SMH
2025-09-29,-0.0020137037054661633,SMH
2025-09-30,0.008666389535007646,SMH
2025-10-01,0.017425958342417225,SMH
2025-10-02,0.009440698941349801,SMH
2025-10-03,-0.00040425621163109327,SMH
2025-10-06,0.012222725811981583,SMH
2025-10-07,-0.013326832840941272,SMH
2025-10-08,0.015011092632448708,SMH
2025-10-09,-0.0012771346470676903,SMH
2025-10-10,-0.023951046943380128,SMH
2025-10-13,0.02234000359548105,SMH
2025-10-14,-0.011883791761996498,SMH
2025-10-15,0.017492363963020452,SMH
2025-10-16,0.008147171965864786,SMH
2025-10-17,-0.007915394613897675,SMH
2025-10-20,0.00020202836973659544,SMH
2025-10-21,-0.005283554855461503,SMH
2025-10-22,-0.009913388549468216,SMH
2025-10-23,0.009773761015026139,SMH
2025-10-24,0.00759890961549381,SMH
2025-10-27,0.007099768638278547,SMH
2025-10-28,0.0011078476996777553,SMH
2025-10-29,0.010540477366274281,SMH
2025-10-30,0.0020794569761131143,SMH
2025-10-31,-0.006766316565286701,SMH
2025-11-03,0.0036752483481281573,SMH
2025-11-04,-0.016611732861994355,SMH
2025-11-05,0.012439353345168769,SMH
2025-11-06,-0.004868535324733081,SMH
2025-11-07,-0.005335065414977969,SMH
2025-11-10,0.008306993097752624,SMH
2025-11-11,-0.019141480693143365,SMH
2025-11-12,0.013469589950902083,SMH
2025-11-13,-0.00995980062101598,SMH
2025-11-14,-0.00029173733217913167,SMH
2025-11-17,-0.00508183671647533,SMH
2025-11-18,-0.008563947642040048,SMH
2025-11-19,0.01233178526822254,SMH
2025-11-20,-0.01920784831988165,SMH
2025-11-21,-0.004321349285975273,SMH
2025-11-24,0.01380612859939312,SMH
2025-11-25,-0.003523663852488923,SMH
2025-11-26,0.013596755366475755,SMH
2025-11-28,0.004983021564439305,SMH
2025-12-01,0.005293096633638861,SMH
2025-12-02,0.010368972802134557,SMH
2025-12-03,0.011209664631196326,SMH
2025-12-04,-0.00670060064196587,SMH
2025-12-05,0.003699433805353536,SMH
2025-12-08,0.013189498294772228,SMH
2025-12-09,-1.2317566334019148e-05,SMH
2025-12-10,0.009639276040517508,SMH
2025-12-11,-0.005377929739712961,SMH
2025-12-12,-0.026966375375002904,SMH
2025-12-15,0.0015810138623857384,SMH
2025-12-16,-0.004703891897183787,SMH
2025-12-17,-0.01804200166139136,SMH
2025-12-18,0.008950987089782814,SMH
2025-12-19,0.01258058761423797,SMH
2025-12-22,0.008018467081758907,SMH
2025-12-23,0.004900746212777918,SMH
2025-12-24,-0.00014408064763049566,SMH
2025-12-26,0.004694105967546491,SMH
2025-12-29,0.0003322331215649399,SMH
2025-12-30,-0.00015206233928566348,SMH
2025-12-31,-0.0004913992110413545,SMH
2026-01-02,0.03785617084403903,SMH
2026-01-05,0.0035150985311096505,SMH
2026-01-06,0.017468306687704604,SMH
2026-01-07,-0.007692257661675583,SMH
2026-01-08,-0.010106546576555964,SMH
2026-01-09,0.01675032247387165,SMH
2026-01-12,0.0028634806190437345,SMH
2026-01-13,0.0037084418832451504,SMH
2026-01-14,0.0025851732020978346,SMH
2026-01-15,0.01694902975347201,SMH
2026-01-16,0.010826767173919727,SMH
2026-01-20,-0.0038167533062987147,SMH
2026-01-21,0.01570382728679043,SMH
2026-01-22,-0.005031183040827614,SMH
2026-01-23,-0.009952764132854064,SMH
2026-01-26,-0.007569764462463269,SMH
2026-01-27,0.01189260060604358,SMH
2026-01-28,0.019465242246162084,SMH
2026-01-29,0.008137128663397775,SMH
2026-01-30,-0.02217153717529552,SMH
2026-02-02,0.004273383871631786,SMH
2026-02-03,-0.01006275686122926,SMH
2026-02-04,-0.022551306325666154,SMH
2026-02-05,0.012010070969655118,SMH
2026-02-06,0.031680387573011615,SMH
2026-02-09,0.004740863161059927,SMH
2026-02-10,-8.396128102106104e-06,SMH
2026-02-11,0.021775408621876657,SMH
2026-02-12,-0.0005756415254367653,SMH
2026-02-13,0.001827863805361929,SMH
2026-02-17,0.0005154833841674034,SMH
2026-02-18,0.004852457367109153,SMH
2026-02-19,-0.0018754775633249565,SMH
2026-02-20,0.002895971058259228,SMH
2026-02-23,0.007035637770916203,SMH
2026-02-24,0.0044114967314357045,SMH
2026-02-25,0.0021729476868355135,SMH
2026-02-26,-0.02162923536631034,SMH
2026-02-27,-0.010577693129032895,SMH
2026-03-02,-0.0012672659486501203,SMH
2026-03-03,-0.027689020422866584,SMH
2026-03-04,0.005222886801390381,SMH
2026-03-05,-0.006423180592332045,SMH
2026-03-06,-0.022970136843829536,SMH
2026-03-09,0.02237849969128547,SMH
2026-03-10,0.007461084635027149,SMH
2026-03-11,0.009400772976992933,SMH
2026-03-12,-0.01538359127703881,SMH
2026-03-13,0.0038814925053687332,SMH
2026-03-16,0.005715846179409567,SMH
2026-03-17,0.002617734070923916,SMH
2026-03-18,0.005916797704818677,SMH
2026-03-19,0.006335482390622538,SMH
2026-03-20,-0.007460862501123877,SMH
2026-03-23,0.0056464713727581994,SMH
2026-03-24,0.015079703741814221,SMH
2026-03-25,0.004610176103885699,SMH
2026-03-26,-0.022474794698989164,SMH
2026-03-27,0.0022747129468072558,SMH
2026-03-30,-0.024144065033284257,SMH
2026-03-31,0.022678113824024848,SMH
2026-04-01,0.009828973595866763,SMH
2026-04-02,-0.0002534280881842932,SMH
2026-04-06,0.003286547204921497,SMH
2026-04-07,0.009697842342985652,SMH
2026-04-08,0.026669950475642246,SMH
2026-04-09,0.010580877784172493,SMH
2026-04-10,0.013711570067456158,SMH
2026-04-13,0.0043890181375836335,SMH
2026-04-14,0.0013511086208026768,SMH
2026-04-15,-0.011692435730155992,SMH
2026-04-16,-0.0008392067356588484,SMH
2026-04-17,0.00737232847417868,SMH
2026-04-20,0.0027488943724511827,SMH
2026-04-21,0.005318252330043016,SMH
2026-04-22,0.009261864487726257,SMH
2026-04-23,0.01612147288559651,SMH
2026-04-24,0.03082612916058025,SMH
2026-04-27,-0.0008825259793665552,SMH
2026-04-28,-0.02007100283862684,SMH
2026-04-29,0.010801044768027346,SMH
2026-04-30,0.004907816638131557,SMH
2026-05-01,-0.0034546876842806995,SMH
2026-05-04,-0.004075358102781479,SMH
2026-05-05,0.0180012138687049,SMH
2026-05-06,0.02993175829302075,SMH
2026-05-07,-0.01653392140001575,SMH
2026-05-08,0.024623063248760957,SMH
2026-05-11,0.014205852643519812,SMH
2026-05-12,-0.01796130118768513,SMH
2026-05-13,0.009269593507190699,SMH
2026-05-14,0.0031365536764464963,SMH
2026-05-15,-0.023579677619170347,SMH
2026-05-18,-0.01415614616384353,SMH
2026-05-19,0.002145317307583383,SMH
2026-05-20,0.02091987334981127,SMH
2026-05-21,0.0037812555541316684,SMH
2026-05-22,0.010521237197790967,SMH
2026-05-26,0.0262275173391755,SMH
2026-05-27,-0.009951397883922297,SMH
2026-05-28,-0.0011506631085129726,SMH
2026-05-29,-0.005178898893679396,SMH
2026-06-01,0.008735305518020375,SMH
2026-06-02,0.034765382600982164,SMH
2026-06-03,0.01157665896534077,SMH
2026-06-04,-0.011540933534790021,SMH
2026-06-05,-0.047507886427898605,SMH
2026-06-08,0.03327083667001851,SMH
2026-06-09,-0.0004512983562801054,SMH
2026-06-10,-0.014422684370096306,SMH
2026-06-11,0.032107445853815975,SMH
2026-06-12,0.01123062571771527,SMH
2026-06-15,0.011915358738621151,SMH
2026-06-16,-0.030065494772886225,SMH
2026-06-17,0.02297673683386048,SMH
2026-06-18,0.03119931217576344,SMH
2026-06-22,0.016104736515928586,SMH
2026-06-23,-0.03914561816197093,SMH
2026-06-24,-0.0007896009906467327,SMH
2026-06-25,0.020532328738813277,SMH
2026-06-26,-0.026627240603882996,SMH
2026-06-29,0.008212547455588748,SMH
2026-06-30,0.0202638217278146,SMH
2026-07-01,-0.04016454449980689,SMH
2026-07-02,-0.028978963483340614,SMH
2026-07-06,0.005834380732320454,SMH
2026-07-07,-0.01984732017419688,SMH
2026-07-08,0.01684012612132335,SMH
2026-07-09,0.00803089883911312,SMH
2026-07-10,0.0023370271483340588,SMH
2026-07-13,-0.023312792192239584,SMH
2026-07-14,0.013667172988538034,SMH
2026-07-15,-0.013306186305428014,SMH
2026-07-16,-0.02110988579451334,SMH
2026-07-17,-0.00687499249336998,SMH
2026-07-20,0.0030749303211798917,SMH
2026-07-21,0.02581533482425513,SMH
2026-07-22,0.009952523621152842,SMH
2026-07-23,0.007615610920974625,SMH
2026-07-24,-0.02202750875792603,SMH
2026-07-27,-0.01969262087096535,SMH
2026-07-28,-0.02538920318464566,SMH
2026-07-29,-0.028528524593395055,SMH
2026-07-30,0.034075186777481115,SMH
2026-07-31,-0.0034543765707573115,SMH
2026-08-03,-0.008326730013728856,SMH
2026-08-04,0.02057076984441686,SMH
2026-08-05,-0.0014041631840662205,SMH
2026-08-06,0.00682072450384652,SMH
2026-08-07,0.007785233201716757,SMH
2026-08-10,-0.02007985875506435,SMH
2026-08-11,0.00952552100383297,SMH
2026-08-12,0.013276875438237745,SMH
2026-08-13,-0.004190535244595672,SMH
2026-08-14,-0.0008421753200842375,SMH
2026-08-17,0.012219173837016761,SMH
2026-08-18,-0.02468483398905974,SMH
2026-08-19,-0.01231031836638774,SMH
2024-01-02,,MU
2024-01-03,0.009666195569907998,MU
2024-01-04,0.01061514165214028,MU
2024-01-05,0.007721720037744184,MU
2024-01-08,-0.0026420386037839805,MU
2024-01-09,-0.021227747443603562,MU
2024-01-10,-0.018220594193636863,MU
2024-01-11,0.01010741256649883,MU
2024-01-12,-0.01257742976851528,MU
2024-01-16,0.026685949364252615,MU
2024-01-17,-0.010187128633183384,MU
2024-01-18,0.0042282526754569005,MU
2024-01-19,0.011584945446246664,MU
2024-01-22,0.0182712154430531,MU
2024-01-23,-0.02348867396968135,MU
2024-01-24,0.0007301049645631608,MU
2024-01-25,0.011414798806861803,MU
2024-01-26,-0.007000447416293021,MU
2024-01-29,0.0013291023225265874,MU
2024-01-30,-0.02653763589228042,MU
2024-01-31,0.015010376623066257,MU
2024-02-01,-0.013340402640183768,MU
2024-02-02,-0.006648285837758117,MU
2024-02-05,0.007071248355521753,MU
2024-02-06,-0.025734600790205064,MU
2024-02-07,-0.0035228410438357116,MU
2024-02-08,-0.005260957165338809,MU
2024-02-09,-0.0018155167020550422,MU
2024-02-12,0.005555356575060344,MU
2024-02-13,-0.034161884078347526,MU
2024-02-14,-0.007165439728469281,MU
2024-02-15,-0.005420519752315833,MU
2024-02-16,-0.01733078175929581,MU
2024-02-20,0.022682133413467476,MU
2024-02-21,0.013627782662720911,MU
2024-02-22,0.023964613748999497,MU
2024-02-23,0.0039961749013466275,MU
2024-02-26,0.03997079896166689,MU
2024-02-27,0.023962885797795153,MU
2024-02-28,-0.018235635074376866,MU
2024-02-29,0.0014494593824210256,MU
2024-03-01,0.03394526633178607,MU
2024-03-04,0.010069262222866193,MU
2024-03-05,0.004445531109335654,MU
2024-03-06,0.005208094137305608,MU
2024-03-07,0.020099367648729327,MU
2024-03-08,0.0007049649777659539,MU
2024-03-11,-0.02865761587317106,MU
2024-03-12,0.01609299457904889,MU
2024-03-13,-0.02632037336686377,MU
2024-03-14,-0.026897444022301542,MU
2024-03-15,0.03166851908747681,MU
2024-03-18,-0.003824569088551222,MU
2024-03-19,-0.00014540118096739718,MU
2024-03-20,0.011867375590626672,MU
2024-03-21,0.12744565807451824,MU
2024-03-22,0.0021288093406139907,MU
2024-03-25,0.0645326348730757,MU
2024-03-26,0.01739968511145218,MU
2024-03-27,0.00038048440580684684,MU
2024-03-28,-0.008660325423025306,MU
2024-04-01,0.0508313059923049,MU
2024-04-02,-0.0038806691152055706,MU
2024-04-03,0.039716776563937906,MU
2024-04-04,-0.01569237813112867,MU
2024-04-05,-0.015833454806298164,MU
2024-04-08,-0.005406078027931471,MU
2024-04-09,-0.006298692048307686,MU
2024-04-10,0.005254081991430404,MU
2024-04-11,0.026693783025646844,MU
2024-04-12,-0.023850205323272533,MU
2024-04-15,0.007157273932055119,MU
2024-04-16,0.003197472732014539,MU
2024-04-17,-0.03342672019241277,MU
2024-04-18,-0.03283453523226676,MU
2024-04-19,-0.026290537029248995,MU
2024-04-22,0.011764775370227909,MU
2024-04-23,0.01533675663104006,MU
2024-04-24,-0.00944700361152151,MU
2024-04-25,0.0030508634665045165,MU
2024-04-26,0.01348413275904381,MU
2024-04-29,-0.00824070061517368,MU
2024-04-30,0.006718794206756584,MU
2024-05-01,-0.022027530505009274,MU
2024-05-02,0.011008943454898557,MU
2024-05-03,0.0009799456814958418,MU
2024-05-06,0.03536052338799767,MU
2024-05-07,-0.007846688589812523,MU
2024-05-08,0.0015128251872926768,MU
2024-05-09,-0.01491485659028502,MU
2024-05-10,0.02634346999443693,MU
2024-05-13,0.012107491798842851,MU
2024-05-14,0.008196781920882579,MU
2024-05-15,0.008242646242980989,MU
2024-05-16,0.0026591823427457584,MU
2024-05-17,-0.020052627685887003,MU
2024-05-20,0.02223295823429261,MU
2024-05-21,-0.01365077395887404,MU
2024-05-22,-0.009417116146753557,MU
2024-05-23,0.004429465736545346,MU
2024-05-24,0.015769103474800872,MU
2024-05-28,0.020490682392070525,MU
2024-05-29,-0.001176567711712373,MU
2024-05-30,-0.030262999654839362,MU
2024-05-31,-0.008404918874636458,MU
2024-06-03,0.019688713329458096,MU
2024-06-04,-0.014741900917539574,MU
2024-06-05,0.03436552015157712,MU
2024-06-06,-0.02725517420081225,MU
2024-06-07,0.007551571823616321,MU
2024-06-10,0.025170433535989467,MU
2024-06-11,-0.0049865640853896664,MU
2024-06-12,0.028179121246848737,MU
2024-06-13,0.011432617014279778,MU
2024-06-14,-0.01768135412220939,MU
2024-06-17,0.03257746878920553,MU
2024-06-18,0.03700276293479643,MU
2024-06-20,-0.05450498445879148,MU
2024-06-21,-0.03009788168923766,MU
2024-06-24,0.007644521340181676,MU
2024-06-25,0.0036940434985499593,MU
2024-06-26,0.0066853886703350796,MU
2024-06-27,-0.07639414825202806,MU
2024-06-28,-0.00010363564863880015,MU
2024-07-01,-0.005923713316957624,MU
2024-07-02,-0.002342109657726965,MU
2024-07-03,0.023101782120733105,MU
2024-07-05,-0.04927195405439022,MU
2024-07-08,-0.008439815126726202,MU
2024-07-09,0.002572901115953208,MU
2024-07-10,0.028880599568369192,MU
2024-07-11,-0.024042123977904062,MU
2024-07-12,0.01931609128479561,MU
2024-07-15,-0.02295578895952488,MU
2024-07-16,-0.02654924386902291,MU
2024-07-17,-0.03492718221274149,MU
2024-07-18,-0.012560030485589735,MU
2024-07-19,-0.018633003485288846,MU
2024-07-22,-0.005900472988247252,MU
2024-07-23,-0.00544393616057981,MU
2024-07-24,0.0011628723824328446,MU
2024-07-25,-0.014908060027877923,MU
2024-07-26,0.00787306576078528,MU
2024-07-29,-0.016367790653105452,MU
2024-07-30,-0.03646670935733276,MU
2024-07-31,0.03923018431556358,MU
2024-08-01,-0.054165491611314565,MU
2024-08-02,-0.06676771451115648,MU
2024-08-05,0.005366690430459009,MU
2024-08-06,-0.025339058929234604,MU
2024-08-07,-0.014140676401884988,MU
2024-08-08,0.028810140338078938,MU
2024-08-09,0.005701380084870422,MU
2024-08-12,0.014469725422407542,MU
2024-08-13,0.004646676120495741,MU
2024-08-14,0.029700593678906984,MU
2024-08-15,0.0381503478908467,MU
2024-08-16,0.008392181978953417,MU
2024-08-19,-0.007141479549511054,MU
2024-08-20,-0.003808054513360304,MU
2024-08-21,-0.0015097522934413021,MU
2024-08-22,-0.02231251343329177,MU
2024-08-23,-0.024403208166362766,MU
2024-08-26,-0.029305564743249413,MU
2024-08-27,-0.013655249921515455,MU
2024-08-28,-0.019723536298958066,MU
2024-08-29,0.008921833648771305,MU
2024-08-30,-0.004862903079017045,MU
2024-09-03,-0.052107595037946375,MU
2024-09-04,0.010585291219993742,MU
2024-09-05,0.00018611956197300827,MU
2024-09-06,-0.007099880394543234,MU
2024-09-09,-0.014052186397719879,MU
2024-09-10,-0.0024985085598556722,MU
2024-09-11,0.021340373983180783,MU
2024-09-12,-0.048455036908199745,MU
2024-09-13,0.04048512310783359,MU
2024-09-16,-0.04087144246781982,MU
2024-09-17,0.01709500126661645,MU
2024-09-18,-0.011336391016945058,MU
2024-09-19,-0.0034512981505212537,MU
2024-09-20,0.020223722808030864,MU
2024-09-23,0.026302555825081342,MU
2024-09-24,-0.00022687450057379266,MU
2024-09-25,0.017727839828975078,MU
2024-09-26,0.12995437295594403,MU
2024-09-27,-0.01632556285520348,MU
2024-09-30,-0.03860015027990915,MU
2024-10-01,-0.019302970075664838,MU
2024-10-02,-0.006008228220975909,MU
2024-10-03,0.02028461161325623,MU
2024-10-04,-0.0076135129703427395,MU
2024-10-07,0.01832868844840352,MU
2024-10-08,-0.018425948970670625,MU
2024-10-09,-0.01606328992428363,MU
2024-10-10,0.03961923906655063,MU
2024-10-11,0.010008612787284932,MU
2024-10-14,0.004837109239406168,MU
2024-10-15,-0.024354408586969356,MU
2024-10-16,0.045962099055196326,MU
2024-10-17,0.02470558875589557,MU
2024-10-18,-0.01459793348081817,MU
2024-10-21,-0.020718504194192633,MU
2024-10-22,-0.012707711079953832,MU
2024-10-23,-0.010584301326592715,MU
2024-10-24,0.00891340453603906,MU
2024-10-25,0.0037964722790038152,MU
2024-10-28,-0.014347592999749637,MU
2024-10-29,0.007122504987096434,MU
2024-10-30,-0.03105043313239353,MU
2024-10-31,-0.017929001972842862,MU
2024-11-01,-0.006569239359950352,MU
2024-11-04,0.02277318186641253,MU
2024-11-05,0.023617698243824314,MU
2024-11-06,0.03156292925571069,MU
2024-11-07,-0.0015918759795958692,MU
2024-11-08,-0.014571689388681364,MU
2024-11-11,-0.028890410573390923,MU
2024-11-12,-0.04096811849318094,MU
2024-11-13,-0.03969455186453619,MU
2024-11-14,-0.0004594816215730546,MU
2024-11-15,-0.004938403935687674,MU
2024-11-18,0.005147858296862928,MU
2024-11-19,-0.00460247289655058,MU
2024-11-20,0.007103369256329373,MU
2024-11-21,0.04006942218391263,MU
2024-11-22,-0.0027711635112899202,MU
2024-11-25,0.016187642331474628,MU
2024-11-26,-0.031340405490726475,MU
2024-11-27,-0.02809937843014243,MU
2024-11-29,-0.011297604519481474,MU
2024-12-02,-0.004722152619195619,MU
2024-12-03,0.0099434874872113,MU
2024-12-04,0.020812779251297542,MU
2024-12-05,-0.020061482125770524,MU
2024-12-06,-0.00594009076052604,MU
2024-12-09,0.02399561475573453,MU
2024-12-10,-0.043579183873231564,MU
2024-12-11,0.021829548290615897,MU
2024-12-12,-0.031672808309653355,MU
2024-12-13,0.0348241427723508,MU
2024-12-16,0.04037512084550965,MU
2024-12-17,0.007549208236424576,MU
2024-12-18,-0.00749887499833779,MU
2024-12-19,-0.1720235698940593,MU
2024-12-20,0.025505688352088107,MU
2024-12-23,-0.014144126028624804,MU
2024-12-24,-0.018385080438338974,MU
2024-12-26,0.006709791590128411,MU
2024-12-27,4.504702381513681e-05,MU
2024-12-30,-0.023491304537252233,MU
2024-12-31,-0.0050408462869722115,MU
2025-01-02,0.03893242996995738,MU
2025-01-03,0.012437421300013796,MU
2025-01-06,0.0879510291536203,MU
2025-01-07,0.04435275224147084,MU
2025-01-08,-0.025011924933446394,MU
2025-01-10,0.015100803110335015,MU
2025-01-13,-0.040821157039724554,MU
2025-01-14,0.02485713176932336,MU
2025-01-15,0.035410977296455926,MU
2025-01-16,0.0012966996558452237,MU
2025-01-17,0.013502067585257294,MU
2025-01-21,0.027902512072231822,MU
2025-01-22,-0.014077147767179277,MU
2025-01-23,-0.04314423315736349,MU
2025-01-24,-0.010195922634546939,MU
2025-01-27,-0.09495775668773643,MU
2025-01-28,-0.04656563546454873,MU
2025-01-29,0.010454729452716194,MU
2025-01-30,0.03420679659795667,MU
2025-01-31,-0.012261370089227341,MU
2025-02-03,-0.006537487311444323,MU
2025-02-04,-0.004004684877881637,MU
2025-02-05,0.02738649492996892,MU
2025-02-06,0.004786457526387622,MU
2025-02-07,-0.011285379409370577,MU
2025-02-10,0.026542338966229373,MU
2025-02-11,-0.01708998250963578,MU
2025-02-12,-0.026428104520169526,MU
2025-02-13,0.028212803789937624,MU
2025-02-14,0.03536839967995675,MU
2025-02-18,0.06824118575902283,MU
2025-02-19,-0.02329585307473181,MU
2025-02-20,-0.007117826218355994,MU
2025-02-21,-0.021999554633505447,MU
2025-02-24,-0.02344434202543333,MU
2025-02-25,-0.010541699977958174,MU
2025-02-26,0.0446285358839118,MU
2025-02-27,-0.03400956063509142,MU
2025-02-28,0.0038527220792063943,MU
2025-03-03,-0.01143343660522067,MU
2025-03-04,0.010285288810490734,MU
2025-03-05,0.02089865228552945,MU
2025-03-06,-0.02734509431301202,MU
2025-03-07,0.03317726585919534,MU
2025-03-10,-0.025814590559003925,MU
2025-03-11,0.02476412189161259,MU
2025-03-12,0.06017543689421778,MU
2025-03-13,0.010175922856703323,MU
2025-03-14,0.036543257330728274,MU
2025-03-17,0.016294430505413793,MU
2025-03-18,0.0036221356344627864,MU
2025-03-19,-0.009955931186466316,MU
2025-03-20,0.012563704819105403,MU
2025-03-21,-0.08709526759035846,MU
2025-03-24,0.0014598635902283164,MU
2025-03-25,-0.03457459733542656,MU
2025-03-26,-0.003435214039900991,MU
2025-03-27,-0.0048700621482691275,MU
2025-03-28,-0.0036113606017682542,MU
2025-03-31,-0.016337530718119275,MU
2025-04-01,0.012700955077122877,MU
2025-04-02,-0.008512720919231498,MU
2025-04-03,-0.12046308228643365,MU
2025-04-04,-0.07445728811989483,MU
2025-04-07,0.052453405980173784,MU
2025-04-08,-0.0241007801292481,MU
2025-04-09,0.059023951373943895,MU
2025-04-10,-0.062368203038089653,MU
2025-04-11,-0.02541905603454353,MU
2025-04-14,0.014160358555786345,MU
2025-04-15,-0.0008324173967411141,MU
2025-04-16,0.00625208063757654,MU
2025-04-17,-0.007493951865993331,MU
2025-04-21,-0.005341100276749167,MU
2025-04-22,0.024772663682365526,MU
2025-04-23,0.015584592033688338,MU
2025-04-24,0.03199647956913765,MU
2025-04-25,0.018941401094643595,MU
2025-04-28,-0.015092678073647114,MU
2025-04-29,-0.028199519043081267,MU
2025-04-30,0.0010361420704878554,MU
2025-05-01,-0.002376219174424321,MU
2025-05-02,0.022495994395590913,MU
2025-05-05,0.0022266870762441826,MU
2025-05-06,0.010463664230182523,MU
2025-05-07,0.02195225175800175,MU
2025-05-08,0.0198906105184129,MU
2025-05-09,0.008959113206061353,MU
2025-05-12,0.03228575920686705,MU
2025-05-13,0.03392725338660885,MU
2025-05-14,-0.022724528171314873,MU
2025-05-15,0.00026451674642125056,MU
2025-05-16,0.022021889184189902,MU
2025-05-19,0.005652428046827751,MU
2025-05-20,-0.002252079592430789,MU
2025-05-21,-0.009312944169256099,MU
2025-05-22,-0.012463924413303573,MU
2025-05-23,-0.0062118052765809395,MU
2025-05-27,0.00847571848477191,MU
2025-05-28,0.00236473774577739,MU
2025-05-29,0.0044618502336639665,MU
2025-05-30,-0.022892282807532638,MU
2025-06-02,0.030758912120651516,MU
2025-06-03,0.032831613383160096,MU
2025-06-04,0.0069485118042127425,MU
2025-06-05,0.03657352094520672,MU
2025-06-06,0.0114038695635994,MU
2025-06-09,0.020305565998223862,MU
2025-06-10,0.021754161125706162,MU
2025-06-11,0.019798072129384003,MU
2025-06-12,-0.001052940123115853,MU
2025-06-13,0.007629311211916345,MU
2025-06-16,0.022207516212373157,MU
2025-06-17,0.013962612387656392,MU
2025-06-18,0.012393641608415606,MU
2025-06-20,0.01859756134209789,MU
2025-06-23,-0.02260381479241147,MU
2025-06-24,0.0314739425548165,MU
2025-06-25,-0.00772635455308901,MU
2025-06-26,-0.019178588548840914,MU
2025-06-27,-0.013307891039586295,MU
2025-06-30,-0.018633201214368178,MU
2025-07-01,-0.01086863085075862,MU
2025-07-02,6.542504607764954e-05,MU
2025-07-03,-0.0052843742675312555,MU
2025-07-07,-0.011068374859169339,MU
2025-07-08,0.03627665707975858,MU
2025-07-09,-0.02473060068351618,MU
2025-07-10,0.008531313494149373,MU
2025-07-11,0.013721306617982876,MU
2025-07-14,-0.05232619796323057,MU
2025-07-15,0.0116508264323123,MU
2025-07-16,-0.032141072096762535,MU
2025-07-17,-0.035664346675627456,MU
2025-07-18,0.010889154877904872,MU
2025-07-21,-0.015363832232806018,MU
2025-07-22,-0.030867797781088946,MU
2025-07-23,0.0010185875147259438,MU
2025-07-24,0.015025564522557211,MU
2025-07-25,-0.0066196679730863295,MU
2025-07-28,-0.0032102073421418353,MU
2025-07-29,0.00791181042125011,MU
2025-07-30,0.023188158057986463,MU
2025-07-31,-0.04472391266339937,MU
2025-08-01,-0.01991941980950962,MU
2025-08-04,0.008899098112626014,MU
2025-08-05,0.018711495083873153,MU
2025-08-06,-0.015075317742816452,MU
2025-08-07,0.02463146066460542,MU
2025-08-08,0.05157612298447667,MU
2025-08-11,0.042785532368830204,MU
2025-08-12,0.019564039981259995,MU
2025-08-13,-0.028118676513502194,MU
2025-08-14,0.008950035439966975,MU
2025-08-15,-0.031508213863087775,MU
2025-08-18,0.022328877059289987,MU
2025-08-19,0.0014454284678988571,MU
2025-08-20,-0.03450880747760099,MU
2025-08-21,-0.007548485095625779,MU
2025-08-22,0.0008813268922978068,MU
2025-08-25,-0.007876035198155051,MU
2025-08-26,-0.0033201281359804824,MU
2025-08-27,0.009136660408778141,MU
2025-08-28,0.029216953640866627,MU
2025-08-29,-0.013170419991480387,MU
2025-09-02,0.003951906628816282,MU
2025-09-03,-0.005812858281888822,MU
2025-09-04,0.03619494420015279,MU
2025-09-05,0.05460218953106999,MU
2025-09-08,-0.004181071830733352,MU
2025-09-09,0.025519132951111523,MU
2025-09-10,0.03426415232377433,MU
2025-09-11,0.0669821954959362,MU
2025-09-12,0.03887401414209268,MU
2025-09-15,-0.0050918712656544685,MU
2025-09-16,0.007478490539366334,MU
2025-09-17,0.009337959259431372,MU
2025-09-18,0.045159692584293865,MU
2025-09-19,-0.04390178527627597,MU
2025-09-22,0.005644824696203976,MU
2025-09-23,0.017479305000423828,MU
2025-09-24,-0.025133164349704806,MU
2025-09-25,-0.026321655243990882,MU
2025-09-26,-0.0013008284946200988,MU
2025-09-29,0.03667189117648473,MU
2025-09-30,0.01791626603875507,MU
2025-10-01,0.08013680211705587,MU
2025-10-02,0.004643141340964441,MU
2025-10-03,0.026805783985638598,MU
2025-10-06,0.009044571371164878,MU
2025-10-07,-0.022705682395762317,MU
2025-10-08,0.04538848672161677,MU
2025-10-09,-0.020442165073760066,MU
2025-10-10,-0.022075120958948702,MU
2025-10-13,0.03869199505966492,MU
2025-10-14,-0.023385027891597687,MU
2025-10-15,0.018721483398993044,MU
2025-10-16,0.05741492432173434,MU
2025-10-17,-0.007286329259265756,MU
2025-10-20,0.008938107704701714,MU
2025-10-21,-0.021643397023884958,MU
2025-10-22,-0.009383519060604861,MU
2025-10-23,0.032307620815759996,MU
2025-10-24,0.04722454603437942,MU
2025-10-27,-0.01273360813947022,MU
2025-10-28,0.0005293669252406374,MU
2025-10-29,0.016553910375463943,MU
2025-10-30,0.0037785910212608798,MU
2025-10-31,-0.00588420530730982,MU
2025-11-03,0.04291593661071236,MU
2025-11-04,-0.05316856811483106,MU
2025-11-05,0.07904802576049708,MU
2025-11-06,0.022291698523710046,MU
2025-11-07,0.0014385276574824246,MU
2025-11-10,0.040757016077548336,MU
2025-11-11,-0.04665407506208208,MU
2025-11-12,0.016385300820423332,MU
2025-11-13,-0.012373579119088873,MU
2025-11-14,0.04009496091789089,MU
2025-11-17,-0.011391456731334237,MU
2025-11-18,-0.04494441028459306,MU
2025-11-19,-0.01730770524106795,MU
2025-11-20,-0.09108033782686054,MU
2025-11-21,0.021875912441852385,MU
2025-11-24,0.05157709282273437,MU
2025-11-25,-0.003468868874749731,MU
2025-11-26,0.016402825491767636,MU
2025-11-28,0.0185800020269129,MU
2025-12-01,0.020054905654873778,MU
2025-12-02,-0.011837876484459997,MU
2025-12-03,-0.024947729531493934,MU
2025-12-04,-0.03166708221667758,MU
2025-12-05,0.04151196995730455,MU
2025-12-08,0.041996664104685166,MU
2025-12-09,0.020797397485804225,MU
2025-12-10,0.0396682379060076,MU
2025-12-11,-0.016869280125791697,MU
2025-12-12,-0.05005992089362277,MU
2025-12-15,-0.010177997282725393,MU
2025-12-16,-0.023214227198620208,MU
2025-12-17,-0.011813413582069998,MU
2025-12-18,0.08284895631172784,MU
2025-12-19,0.05460051109589337,MU
2025-12-22,0.03455857523107664,MU
2025-12-23,-0.0058300584945856215,MU
2025-12-24,0.034066624769037546,MU
2025-12-26,-0.006550209700001197,MU
2025-12-29,0.03834158303564017,MU
2025-12-30,-0.0036064264307729132,MU
2025-12-31,-0.016682276405851404,MU
2026-01-02,0.10191738720455668,MU
2026-01-05,-0.018332838771689453,MU
2026-01-06,0.08675114935222883,MU
2026-01-07,-0.01232405838363082,MU
2026-01-08,-0.03189468180435462,MU
2026-01-09,0.04387295967967919,MU
2026-01-12,0.0014283786699298417,MU
2026-01-13,-0.02114862990813382,MU
2026-01-14,-0.003497130086526745,MU
2026-01-15,0.0061984727459876154,MU
2026-01-16,0.07556607960904316,MU
2026-01-20,0.02765956495628874,MU
2026-01-21,0.050536882976996544,MU
2026-01-22,0.014291024205053127,MU
2026-01-23,0.0020405573096873297,MU
2026-01-26,-0.031168974836957908,MU
2026-01-27,0.043907261874336356,MU
2026-01-28,0.05594115542931011,MU
2026-01-29,0.007174224252392669,MU
2026-01-30,-0.03708768218330594,MU
2026-02-02,0.04692995086765972,MU
2026-02-03,-0.027358498074105952,MU
2026-02-04,-0.08270602655292514,MU
2026-02-05,0.023656687778945695,MU
2026-02-06,0.00943530199713738,MU
2026-02-09,-0.03639191840208866,MU
2026-02-10,-0.022441107231406576,MU
2026-02-11,0.09205912795214566,MU
2026-02-12,0.029356043984296143,MU
2026-02-13,-0.007724473137716181,MU
2026-02-17,-0.028252825414952554,MU
2026-02-18,0.04416033960856858,MU
2026-02-19,-0.004751898456555992,MU
2026-02-20,0.016785130223158085,MU
2026-02-23,-0.0047292861363148475,MU
2026-02-24,-0.017740384675613896,MU
2026-02-25,0.01156230310868711,MU
2026-02-26,-0.019691898506706274,MU
2026-02-27,-0.004500117794044911,MU
2026-03-02,-0.0005891998533318343,MU
2026-03-03,-0.07255627398436904,MU
2026-03-04,0.03893070709423441,MU
2026-03-05,-0.006308017694813373,MU
2026-03-06,-0.0545912334396883,MU
2026-03-09,0.036820954439233944,MU
2026-03-10,0.03479130195521307,MU
2026-03-11,0.03805301720080134,MU
2026-03-12,-0.015067649472261913,MU
2026-03-13,0.055938446401122555,MU
2026-03-16,0.024957803153520253,MU
2026-03-17,0.039168033026121485,MU
2026-03-18,0.014124385570769782,MU
2026-03-19,-0.0353826159282109,MU
2026-03-20,-0.03064208073962771,MU
2026-03-23,-0.056268513840640466,MU
2026-03-24,-0.015193927590552825,MU
2026-03-25,-0.04112452784362297,MU
2026-03-26,-0.048086044852287735,MU
2026-03-27,0.024669081410145566,MU
2026-03-30,-0.09632891349636719,MU
2026-03-31,0.015348805032315838,MU
2026-04-01,0.07282527465553823,MU
2026-04-02,-0.005532413685889637,MU
2026-04-06,0.02497094146023482,MU
2026-04-07,-0.0006295860695670896,MU
2026-04-08,0.04506854758422563,MU
2026-04-09,0.02895203114949929,MU
2026-04-10,-0.0036261454351507183,MU
2026-04-13,0.0038051835051833294,MU
2026-04-14,0.06970862026406266,MU
2026-04-15,-0.03436108495192691,MU
2026-04-16,-0.0026153354830489306,MU
2026-04-17,-0.017734558222935348,MU
2026-04-20,-0.011541081316741142,MU
2026-04-21,0.0059492118973727415,MU
2026-04-22,0.06478824014870899,MU
2026-04-23,-0.006237649826084102,MU
2026-04-24,0.01171657099836132,MU
2026-04-27,0.05400622520947174,MU
2026-04-28,-0.029300574423083425,MU
2026-04-29,0.02161647236894204,MU
2026-04-30,-0.011793751458477608,MU
2026-05-01,0.03774734211888919,MU
2026-05-04,0.06312087878864059,MU
2026-05-05,0.09200136803655301,MU
2026-05-06,0.019833082793799583,MU
2026-05-07,-0.02920730889369416,MU
2026-05-08,0.1208661568308056,MU
2026-05-11,0.06005416123878948,MU
2026-05-12,-0.028300048329469973,MU
2026-05-13,0.03669296380899034,MU
2026-05-14,-0.042056040774472336,MU
2026-05-15,-0.05326027441271464,MU
2026-05-18,-0.057036003730687845,MU
2026-05-19,0.03110530299646541,MU
2026-05-20,0.030060015363934767,MU
2026-05-21,0.03840574814607489,MU
2026-05-22,-0.01890379411402332,MU
2026-05-26,0.15880142023334365,MU
2026-05-27,0.036804146725485154,MU
2026-05-28,-0.013676545004572382,MU
2026-05-29,0.04645672467055828,MU
2026-06-01,0.058330934804519785,MU
2026-06-02,0.02265089326887537,MU
2026-06-03,0.017050213111172496,MU
2026-06-04,-0.07572164748554133,MU
2026-06-05,-0.09297165692586695,MU
2026-06-08,0.07862443202859914,MU
2026-06-09,-0.0026318733939287853,MU
2026-06-10,-0.027987618175952633,MU
2026-06-11,0.07706716843468264,MU
2026-06-12,-0.020290090069413402,MU
2026-06-15,0.07196265527615608,MU
2026-06-16,-0.04459611102362171,MU
2026-06-17,0.0318572998855311,MU
2026-06-18,0.05870258837306164,MU
2026-06-22,0.06853114649461745,MU
2026-06-23,-0.10780233137098794,MU
2026-06-24,0.0011504865487061977,MU
2026-06-25,0.1381151755827954,MU
2026-06-26,-0.0554215270536762,MU
2026-06-29,-0.01317868663220878,MU
2026-06-30,-0.00903524213215956,MU
2026-07-01,-0.09634806106835825,MU
2026-07-02,-0.03902777906169064,MU
2026-07-06,-0.004710085772576811,MU
2026-07-07,-0.029534394148537757,MU
2026-07-08,0.008213757791855514,MU
2026-07-09,0.027656763176318933,MU
2026-07-10,-0.015600541056433492,MU
2026-07-13,-0.02499252919774797,MU
2026-07-14,0.03693999610168586,MU
2026-07-15,-0.0808789094031841,MU
2026-07-16,-0.04156795707519567,MU
2026-07-17,0.010149979145578136,MU
2026-07-20,0.018211594322996127,MU
2026-07-21,0.09650258868494,MU
2026-07-22,-0.006630559776703571,MU
2026-07-23,0.05069153002619142,MU
2026-07-24,-0.06127721244899842,MU
2026-07-27,-0.01970028322136219,MU
2026-07-28,-0.08289921647949061,MU
2026-07-29,-0.08407183694628095,MU
2026-07-30,0.13609508748500065,MU
2026-07-31,-0.06731702132761885,MU
2026-08-03,-0.009575629739734914,MU
2026-08-04,0.039990028564724334,MU
2026-08-05,0.009672383132112827,MU
2026-08-06,-0.009507192214923244,MU
2026-08-07,-0.01609201161579854,MU
2026-08-10,-0.016070281685786725,MU
2026-08-11,0.012058810142569598,MU
2026-08-12,0.04078968980833242,MU
2026-08-13,0.02992269614052212,MU
2026-08-14,0.024089805576764434,MU
2026-08-17,0.04207365738065505,MU
2026-08-18,-0.0556691831688747,MU
2026-08-19,-0.006859296001078263,MU
2024-01-02,,000660.KS
2024-01-03,-0.016431396347830862,000660.KS
2024-01-04,0.0048839758811967116,000660.KS
2024-01-05,0.011493945111167747,000660.KS
2024-01-08,-0.006981547487004747,000660.KS
2024-01-09,0.012807476106219795,000660.KS
2024-01-10,-0.0212467920451056,000660.KS
2024-01-11,0.01922625019122215,000660.KS
2024-01-12,-0.008059480416669373,000660.KS
2024-01-15,-0.000372177377264471,000660.KS
2024-01-16,-0.0037198072697526285,000660.KS
2024-01-17,0.01664811422145629,000660.KS
2024-01-18,0.0372287681143586,000660.KS
2024-01-19,0.023448577798700576,000660.KS
2024-01-22,0.012557012369390996,000660.KS
2024-01-23,-0.018472918137689476,000660.KS
2024-01-24,0.008564764902050825,000660.KS
2024-01-25,-0.029666628510736537,000660.KS
2024-01-26,-0.013563613427665544,000660.KS
2024-01-29,-0.016252873389935196,000660.KS
2024-01-30,0.01471197105677291,000660.KS
2024-01-31,-0.015512176904405983,000660.KS
2024-02-01,-0.03296484326928262,000660.KS
2024-02-02,-0.011807836615326472,000660.KS
2024-02-05,-0.010242743737551407,000660.KS
2024-02-06,0.04802963610900779,000660.KS
2024-02-07,-0.012873892756896765,000660.KS
2024-02-08,0.030084431346188545,000660.KS
2024-02-13,0.038063017783797726,000660.KS
2024-02-14,0.002384653607098386,000660.KS
2024-02-15,0.0038735242785694624,000660.KS
2024-02-16,-0.027490290099795978,000660.KS
2024-02-19,0.0183713319912302,000660.KS
2024-02-20,-0.0028808396852495477,000660.KS
2024-02-21,-0.002331666598562876,000660.KS
2024-02-22,0.04498754695568419,000660.KS
2024-02-23,0.029543176071600286,000660.KS
2024-02-26,0.010234691858473255,000660.KS
2024-02-27,-0.04235058920806445,000660.KS
2024-02-28,0.016618359554474438,000660.KS
2024-02-29,-0.007706668577205811,000660.KS
2024-03-04,0.05185383545716782,000660.KS
2024-03-05,0.005130390062086931,000660.KS
2024-03-06,-0.014655804494491775,000660.KS
2024-03-07,0.009884781435611778,000660.KS
2024-03-08,0.029287302715979457,000660.KS
2024-03-11,-0.02363552362923471,000660.KS
2024-03-12,-0.013643055136345339,000660.KS
2024-03-13,-0.017129899543181892,000660.KS
2024-03-14,-0.019754005296805488,000660.KS
2024-03-15,0.014948557009143215,000660.KS
2024-03-18,0.011948893724613718,000660.KS
2024-03-19,-0.014162705890554683,000660.KS
2024-03-20,-0.03607482682610108,000660.KS
2024-03-21,0.0589689385932779,000660.KS
2024-03-22,0.0011123606605254466,000660.KS
2024-03-25,0.0016479230072814488,000660.KS
2024-03-26,0.03451942804942032,000660.KS
2024-03-27,0.02643243070081347,000660.KS
2024-03-28,-0.011660109826729936,000660.KS
2024-03-29,0.026284760278087127,000660.KS
2024-04-01,0.013120796940871315,000660.KS
2024-04-02,0.0023766939459672898,000660.KS
2024-04-03,-0.0219366156845604,000660.KS
2024-04-04,0.03508193038815932,000660.KS
2024-04-05,-0.01786263679948963,000660.KS
2024-04-08,-0.01005778921662781,000660.KS
2024-04-09,0.013944618315661295,000660.KS
2024-04-11,0.028962639344374708,000660.KS
2024-04-12,0.004008398066323693,000660.KS
2024-04-15,0.008516210796079449,000660.KS
2024-04-16,-0.026529912580273596,000660.KS
2024-04-17,0.00756431472072272,000660.KS
2024-04-18,0.0005841326858044837,000660.KS
2024-04-19,-0.03423593307290851,000660.KS
2024-04-22,-0.024253060206585353,000660.KS
2024-04-23,-0.0010580678473148808,000660.KS
2024-04-24,0.030278135198635425,000660.KS
2024-04-25,-0.034752839709572214,000660.KS
2024-04-26,0.030851326809474777,000660.KS
2024-04-29,-0.022387282763240535,000660.KS
2024-04-30,-0.011429155464867335,000660.KS
2024-05-02,-0.00032138151021499084,000660.KS
2024-05-03,0.000312300507962604,000660.KS
2024-05-07,0.014946255454138857,000660.KS
2024-05-08,-0.012850323455348978,000660.KS
2024-05-09,-0.0026532001754810963,000660.KS
2024-05-10,0.01963701735419221,000660.KS
2024-05-13,0.021600939494422988,000660.KS
2024-05-14,0.006980919316086798,000660.KS
2024-05-16,0.032448956229924164,000660.KS
2024-05-17,-0.0058302952262518914,000660.KS
2024-05-20,-0.005357044937000843,000660.KS
2024-05-21,0.0165162594720778,000660.KS
2024-05-22,0.029519862121881957,000660.KS
2024-05-23,0.012172517110943026,000660.KS
2024-05-24,0.005623833214753127,000660.KS
2024-05-27,0.00141483651788743,000660.KS
2024-05-28,0.005001771055245463,000660.KS
2024-05-29,0.016870319495517094,000660.KS
2024-05-30,-0.018398322707236403,000660.KS
2024-05-31,-0.03418803987200647,000660.KS
2024-06-03,0.008787280946429554,000660.KS
2024-06-04,0.0029960737204612897,000660.KS
2024-06-05,-0.008172809808336012,000660.KS
2024-06-07,0.05656320270772319,000660.KS
2024-06-10,0.010334614489525329,000660.KS
2024-06-11,0.019868716411725273,000660.KS
2024-06-12,0.0032852809932588656,000660.KS
2024-06-13,0.022292847276475847,000660.KS
2024-06-14,-0.005795128409476824,000660.KS
2024-06-17,0.01421399071954621,000660.KS
2024-06-18,0.04308698999342919,000660.KS
2024-06-19,-0.01628910437861375,000660.KS
2024-06-20,0.013310323500099308,000660.KS
2024-06-21,-0.006488046265948455,000660.KS
2024-06-24,-0.04110994886857533,000660.KS
2024-06-25,0.005440541614690986,000660.KS
2024-06-26,0.045614576796634054,000660.KS
2024-06-27,0.0020205577086196413,000660.KS
2024-06-28,-0.004930251931300589,000660.KS
2024-07-01,-0.006554383210390036,000660.KS
2024-07-02,-0.00657624015711189,000660.KS
2024-07-03,0.012376852843716257,000660.KS
2024-07-04,-0.036761641765528985,000660.KS
2024-07-05,0.012638450723404304,000660.KS
2024-07-08,-0.009086716663389005,000660.KS
2024-07-09,0.01782656322112164,000660.KS
2024-07-10,0.0018814466085137482,000660.KS
2024-07-11,0.0002212229624376505,000660.KS
2024-07-12,-0.021806967324375037,000660.KS
2024-07-15,-0.014330118952914361,000660.KS
2024-07-16,0.011153479971154567,000660.KS
2024-07-17,-0.047153915369672283,000660.KS
2024-07-18,-0.03027205548349876,000660.KS
2024-07-19,-0.003936635597910687,000660.KS
2024-07-22,-0.010218657461115832,000660.KS
2024-07-23,-0.003893258268016453,000660.KS
2024-07-24,0.0225607325230337,000660.KS
2024-07-25,-0.07534025237885977,000660.KS
2024-07-26,0.0016200866171249828,000660.KS
2024-07-29,0.007383747867146795,000660.KS
2024-07-30,-0.024918822615699554,000660.KS
2024-07-31,0.017929119663357973,000660.KS
2024-08-01,-0.009222287793449802,000660.KS
2024-08-02,-0.07257473680567728,000660.KS
2024-08-05,-0.012189037025551741,000660.KS
2024-08-06,0.015059881702526035,000660.KS
2024-08-07,0.015461623753108888,000660.KS
2024-08-08,-0.030913189446030387,000660.KS
2024-08-09,0.03605971176892986,000660.KS
2024-08-12,0.020092770441425323,000660.KS
2024-08-13,0.026085960872067382,000660.KS
2024-08-14,0.017310511183297628,000660.KS
2024-08-16,0.04757000038301662,000660.KS
2024-08-19,-0.020958615573509753,000660.KS
2024-08-20,0.021181126974968656,000660.KS
2024-08-21,-0.037868140245475246,000660.KS
2024-08-22,-0.010237034657115451,000660.KS
2024-08-23,-0.02753086159349838,000660.KS
2024-08-26,-0.030959874070305204,000660.KS
2024-08-27,-0.02269403533540526,000660.KS
2024-08-28,0.024058932474363637,000660.KS
2024-08-29,-0.04473321028818322,000660.KS
2024-08-30,0.018789065781772862,000660.KS
2024-09-02,-0.000772861548981929,000660.KS
2024-09-03,-0.027182496088490105,000660.KS
2024-09-04,-0.05164838837206087,000660.KS
2024-09-05,0.03133843250286272,000660.KS
2024-09-06,-0.00680397946714173,000660.KS
2024-09-09,0.0071163686355646405,000660.KS
2024-09-10,-0.004658735201137354,000660.KS
2024-09-11,0.014867581376419636,000660.KS
2024-09-12,0.04810147637327589,000660.KS
2024-09-13,-0.037481941774496264,000660.KS
2024-09-19,-0.06548333162096398,000660.KS
2024-09-20,0.02289370991658135,000660.KS
2024-09-23,0.027387911242994,000660.KS
2024-09-24,-0.0021215093336541813,000660.KS
2024-09-25,0.024476569475412546,000660.KS
2024-09-26,0.061610993390492474,000660.KS
2024-09-27,0.025753249864358452,000660.KS
2024-09-30,-0.029793482230306978,000660.KS
2024-10-02,-0.019754961014910144,000660.KS
2024-10-04,0.02601349527115815,000660.KS
2024-10-07,0.04448273523088897,000660.KS
2024-10-08,-0.031875750406261893,000660.KS
2024-10-10,0.04587112368766011,000660.KS
2024-10-11,-0.002890331231932386,000660.KS
2024-10-14,-0.010107027226819554,000660.KS
2024-10-15,0.03255970036191069,000660.KS
2024-10-16,-0.013206859959287165,000660.KS
2024-10-17,0.03836248500378403,000660.KS
2024-10-18,-0.03945285032466561,000660.KS
2024-10-21,0.014767956666323911,000660.KS
2024-10-22,-0.0031485012675247503,000660.KS
2024-10-23,0.03155007418954714,000660.KS
2024-10-24,0.01833863329207297,000660.KS
2024-10-25,0.01316085111399179,000660.KS
2024-10-28,-0.03641495533420791,000660.KS
2024-10-29,-0.03156649052779592,000660.KS
2024-10-30,0.03361205384929811,000660.KS
2024-10-31,-0.031023492770490435,000660.KS
2024-11-01,-0.016843813374584293,000660.KS
2024-11-04,0.04458587402120795,000660.KS
2024-11-05,0.0005484704861853373,000660.KS
2024-11-06,0.01856976974428992,000660.KS
2024-11-07,-0.0004367560511742141,000660.KS
2024-11-08,0.025078390548117113,000660.KS
2024-11-11,-0.02861759942608444,000660.KS
2024-11-12,-0.016363857109292113,000660.KS
2024-11-13,0.011002692103210698,000660.KS
2024-11-14,-0.05638413007855281,000660.KS
2024-11-15,0.030442230493688882,000660.KS
2024-11-18,-0.058530051038419906,000660.KS
2024-11-19,-0.007593010918110821,000660.KS
2024-11-20,-0.004174243849744741,000660.KS
2024-11-21,-0.009937918345881869,000660.KS
2024-11-22,0.037464629671440264,000660.KS
2024-11-25,-0.011450237896014848,000660.KS
2024-11-26,0.006096302966529521,000660.KS
2024-11-27,-0.04407866456768428,000660.KS
2024-11-28,-0.04436568672789232,000660.KS
2024-11-29,0.012182972187680718,000660.KS
2024-12-02,-0.006320747665915505,000660.KS
2024-12-03,0.019277670255257284,000660.KS
2024-12-04,0.033169634313233054,000660.KS
2024-12-05,0.03835753159677324,000660.KS
2024-12-06,-0.029076847961389873,000660.KS
2024-12-09,0.0389409064303079,000660.KS
2024-12-10,-0.01512554924146503,000660.KS
2024-12-11,-0.001969205588357781,000660.KS
2024-12-12,0.008634177472879756,000660.KS
2024-12-13,-0.008372052937156482,000660.KS
2024-12-16,0.023624421773236648,000660.KS
2024-12-17,0.03888059659702581,000660.KS
2024-12-18,-0.013900444593240024,000660.KS
2024-12-19,-0.027714146897824143,000660.KS
2024-12-20,-0.02471794573331465,000660.KS
2024-12-23,-0.009118141965717363,000660.KS
2024-12-24,-0.005896627277472533,000660.KS
2024-12-26,0.01390655256813389,000660.KS
2024-12-27,0.03583933817927054,000660.KS
2024-12-30,-0.0012462520309659553,000660.KS
2025-01-02,-0.015418853204791638,000660.KS
2025-01-03,0.042867068926006446,000660.KS
2025-01-06,0.07490796159276147,000660.KS
2025-01-07,-0.02570654076831147,000660.KS
2025-01-08,-0.013089539003866335,000660.KS
2025-01-09,0.051213016095323916,000660.KS
2025-01-10,-0.004914399367044631,000660.KS
2025-01-13,-0.035785517327806105,000660.KS
2025-01-14,0.0004520557249803048,000660.KS
2025-01-15,0.016513165730875023,000660.KS
2025-01-16,0.0456181189671927,000660.KS
2025-01-17,0.022762298495463185,000660.KS
2025-01-20,-0.01033562058642179,000660.KS
2025-01-21,0.02871071607051512,000660.KS
2025-01-22,0.02236219634967007,000660.KS
2025-01-23,-0.014495716258368319,000660.KS
2025-01-24,-0.0016253945216364585,000660.KS
2025-01-31,-0.0961646954146449,000660.KS
2025-02-03,-0.017043740892561665,000660.KS
2025-02-04,-0.010193768903445921,000660.KS
2025-02-05,0.028450412128233182,000660.KS
2025-02-06,0.01247466253964813,000660.KS
2025-02-07,0.003403382825613477,000660.KS
2025-02-10,-0.024176408018566242,000660.KS
2025-02-11,0.00101700994307663,000660.KS
2025-02-12,-0.007685699167392812,000660.KS
2025-02-13,0.033581302769814414,000660.KS
2025-02-14,0.004122556395967258,000660.KS
2025-02-17,0.002030848125734508,000660.KS
2025-02-18,-0.01573783486537028,000660.KS
2025-02-19,0.02280109016554288,000660.KS
2025-02-20,-0.023642722416211903,000660.KS
2025-02-21,-0.012058354607999533,000660.KS
2025-02-24,-0.018200543801179414,000660.KS
2025-02-25,-0.016516591357406796,000660.KS
2025-02-26,0.008294088025483148,000660.KS
2025-02-27,-0.0051026796614710435,000660.KS
2025-02-28,-0.011708613404552537,000660.KS
2025-03-04,-0.020266768150367653,000660.KS
2025-03-05,0.025439820565637206,000660.KS
2025-03-06,-0.010654965281676532,000660.KS
2025-03-07,0.0049341812388634665,000660.KS
2025-03-10,-0.026358569107626906,000660.KS
2025-03-11,0.012306539396510274,000660.KS
2025-03-12,0.042863722653325276,000660.KS
2025-03-13,0.004472510893116954,000660.KS
2025-03-14,0.02658432963849222,000660.KS
2025-03-17,-0.00981767989234239,000660.KS
2025-03-18,-0.015302192323983554,000660.KS
2025-03-19,0.006027427732798962,000660.KS
2025-03-20,0.01844063502722726,000660.KS
2025-03-21,0.02356952492127995,000660.KS
2025-03-24,-0.014542688921907576,000660.KS
2025-03-25,-0.010490204534295167,000660.KS
2025-03-26,0.017741580277964353,000660.KS
2025-03-27,-0.019244694088144776,000660.KS
2025-03-28,-0.018867690243799196,000660.KS
2025-03-31,-0.013601999686440713,000660.KS
2025-04-01,0.016401939048606096,000660.KS
2025-04-02,0.010736474339291924,000660.KS
2025-04-03,-0.009140165848568138,000660.KS
2025-04-04,-0.05724684073859265,000660.KS
2025-04-07,-0.04310548313925189,000660.KS
2025-04-08,0.025533636473644705,000660.KS
2025-04-09,-0.009391744409819047,000660.KS
2025-04-10,0.04072953839453142,000660.KS
2025-04-11,-0.008127187197400687,000660.KS
2025-04-14,-0.012803470376894666,000660.KS
2025-04-15,-0.006507108176556642,000660.KS
2025-04-16,-0.0250541942992335,000660.KS
2025-04-17,-0.003614931363243201,000660.KS
2025-04-18,-0.005252517794372302,000660.KS
2025-04-21,0.007089982655248406,000660.KS
2025-04-22,-0.01526644364663543,000660.KS
2025-04-23,0.025061318058575033,000660.KS
2025-04-24,-0.013749798840315464,000660.KS
2025-04-25,0.024181507213175912,000660.KS
2025-04-28,-0.014105518379875726,000660.KS
2025-04-29,-0.013091041627469657,000660.KS
2025-04-30,-0.014980957337058065,000660.KS
2025-05-02,0.04553306700354387,000660.KS
2025-05-07,0.02002088982207262,000660.KS
2025-05-08,-0.004828430974038511,000660.KS
2025-05-09,-0.00019443123441220678,000660.KS
2025-05-12,0.013853279183008382,000660.KS
2025-05-13,0.017371661019246254,000660.KS
2025-05-14,0.024836976947761435,000660.KS
2025-05-15,-0.019760536737631895,000660.KS
2025-05-16,0.01765404010149041,000660.KS
2025-05-19,-0.016288005713433584,000660.KS
2025-05-20,0.013577258336392006,000660.KS
2025-05-21,-0.016551838453501055,000660.KS
2025-05-22,-0.005890113412611697,000660.KS
2025-05-23,0.01623058315372994,000660.KS
2025-05-26,-0.005091037041212942,000660.KS
2025-05-27,0.00025277595792250196,000660.KS
2025-05-28,0.01438888212591305,000660.KS
2025-05-29,0.00212030066587765,000660.KS
2025-05-30,-0.027539631569569067,000660.KS
2025-06-02,0.014081562413311488,000660.KS
2025-06-04,0.0207871080780615,000660.KS
2025-06-05,0.016913589639067972,000660.KS
2025-06-09,0.004418517201438377,000660.KS
2025-06-10,0.0009140212862330799,000660.KS
2025-06-11,0.028209062090470916,000660.KS
2025-06-12,-0.023386480747456417,000660.KS
2025-06-13,0.008740018133468475,000660.KS
2025-06-16,0.033899424607236384,000660.KS
2025-06-17,0.00278952692904344,000660.KS
2025-06-18,-0.01748298654676983,000660.KS
2025-06-19,-0.0038960530422222917,000660.KS
2025-06-20,0.029043257992950267,000660.KS
2025-06-23,0.012122474786115944,000660.KS
2025-06-24,0.04150980503152368,000660.KS
2025-06-25,0.025089545786585177,000660.KS
2025-06-26,0.033453929865130405,000660.KS
2025-06-27,-0.023499000141695703,000660.KS
2025-06-30,0.02263567897991514,000660.KS
2025-07-01,-0.028338371651067007,000660.KS
2025-07-02,-0.018296958150544995,000660.KS
2025-07-03,-0.01510602315936005,000660.KS
2025-07-04,-0.009053111847602935,000660.KS
2025-07-07,0.00014899646740751393,000660.KS
2025-07-08,0.021816829944304672,000660.KS
2025-07-09,-0.009566399379286494,000660.KS
2025-07-10,0.039708095436267854,000660.KS
2025-07-11,-0.006106750175121078,000660.KS
2025-07-14,0.01026843880397621,000660.KS
2025-07-15,-0.009141872356131842,000660.KS
2025-07-16,0.0006185467902746211,000660.KS
2025-07-17,-0.09564425722782133,000660.KS
2025-07-18,-0.0005340450353124027,000660.KS
2025-07-21,0.00581960565414974,000660.KS
2025-07-22,-0.0019770413970228162,000660.KS
2025-07-23,-0.0024928601146516627,000660.KS
2025-07-24,-0.00023907665372924214,000660.KS
2025-07-25,-0.01482570302869135,000660.KS
2025-07-28,-0.01935753430226761,000660.KS
2025-07-29,-0.0046306858839670895,000660.KS
2025-07-30,-0.0035685676537422495,000660.KS
2025-07-31,0.04002683940733576,000660.KS
2025-08-01,-0.01873497667818036,000660.KS
2025-08-04,-0.009044058699929636,000660.KS
2025-08-05,0.005256008538950141,000660.KS
2025-08-06,-0.01920139565443968,000660.KS
2025-08-07,0.004254644235100358,000660.KS
2025-08-08,-0.01572635084892049,000660.KS
2025-08-11,0.04112981012941752,000660.KS
2025-08-12,0.012734406739854265,000660.KS
2025-08-13,0.02216472773319289,000660.KS
2025-08-14,-0.005810198091953822,000660.KS
2025-08-18,-0.017979130784018693,000660.KS
2025-08-19,-0.008837771974874897,000660.KS
2025-08-20,-0.02209584959704536,000660.KS
2025-08-21,-0.04567916125622773,000660.KS
2025-08-22,0.015640638959229847,000660.KS
2025-08-25,0.020407264571019823,000660.KS
2025-08-26,0.017224963692246575,000660.KS
2025-08-27,-0.008202880001437762,000660.KS
2025-08-28,0.030742652529054837,000660.KS
2025-08-29,0.005091231481689107,000660.KS
2025-09-01,-0.035919958805886054,000660.KS
2025-09-02,0.008108224672060516,000660.KS
2025-09-03,0.0038506581939294904,000660.KS
2025-09-04,0.006223834936136541,000660.KS
2025-09-05,0.02834728244135931,000660.KS
2025-09-08,0.008211513350882882,000660.KS
2025-09-09,0.026454418101662824,000660.KS
2025-09-10,0.03749394347556034,000660.KS
2025-09-11,0.0009084426694290215,000660.KS
2025-09-12,0.052453700511474466,000660.KS
2025-09-15,0.004121293275042959,000660.KS
2025-09-16,0.03774306460409349,000660.KS
2025-09-17,-0.032004376855718775,000660.KS
2025-09-18,0.049947050403170934,000660.KS
2025-09-22,-0.019510910544738636,000660.KS
2025-09-23,0.023047772875312234,000660.KS
2025-09-24,-0.00570433590827335,000660.KS
2025-09-25,-0.0025044171597041753,000660.KS
2025-09-26,-0.03292575890476712,000660.KS
2025-09-29,0.023224897638899122,000660.KS
2025-09-30,-0.0023789781511158736,000660.KS
2025-10-01,0.026261316996649242,000660.KS
2025-10-02,0.06738435284615285,000660.KS
2025-10-10,0.06182352195191676,000660.KS
2025-10-13,-0.023603623571155197,000660.KS
2025-10-14,-0.0021054002968217134,000660.KS
2025-10-15,-7.046228177465252e-05,000660.KS
2025-10-16,0.04399692173274161,000660.KS
2025-10-17,0.02818572777096584,000660.KS
2025-10-20,0.02466755032972401,000660.KS
2025-10-21,-0.015874503389724737,000660.KS
2025-10-22,-0.010322275404936576,000660.KS
2025-10-23,0.0036139076857359953,000660.KS
2025-10-24,0.039089467518138576,000660.KS
2025-10-27,0.022495358530125742,000660.KS
2025-10-28,-0.018465254193838376,000660.KS
2025-10-29,0.05112353390322433,000660.KS
2025-10-30,0.016356945331736483,000660.KS
2025-10-31,-0.021002266391686675,000660.KS
2025-11-03,0.07610656216372824,000660.KS
2025-11-04,-0.03239709752308784,000660.KS
2025-11-05,0.01685942001551588,000660.KS
2025-11-06,0.018405671593123785,000660.KS
2025-11-07,-0.003948280029549167,000660.KS
2025-11-10,0.014080134686823342,000660.KS
2025-11-11,0.013119642622895,000660.KS
2025-11-12,-0.013894169493752884,000660.KS
2025-11-13,-0.013001461396047631,000660.KS
2025-11-14,-0.0499110684923636,000660.KS
2025-11-17,0.0597642267611338,000660.KS
2025-11-18,-0.027513738543250454,000660.KS
2025-11-19,-0.008017554558744422,000660.KS
2025-11-20,-0.003104040685485643,000660.KS
2025-11-21,-0.05305254718646779,000660.KS
2025-11-24,-5.0955390410223345e-05,000660.KS
2025-11-25,-0.004967569720362164,000660.KS
2025-11-26,-0.016783990122814174,000660.KS
2025-11-27,0.031620704187286464,000660.KS
2025-11-28,-0.010827149490717503,000660.KS
2025-12-01,0.01656677096294601,000660.KS
2025-12-02,0.0176605217870911,000660.KS
2025-12-03,-0.02111330060161265,000660.KS
2025-12-04,-0.016350115046567026,000660.KS
2025-12-05,-0.013919375996170658,000660.KS
2025-12-08,0.04561574839904381,000660.KS
2025-12-09,-0.016524648985486223,000660.KS
2025-12-10,0.03849626698864839,000660.KS
2025-12-11,-0.03228566554678025,000660.KS
2025-12-12,-0.0030974280610962523,000660.KS
2025-12-15,-0.011678902312890926,000660.KS
2025-12-16,-0.021675292617038266,000660.KS
2025-12-17,0.024636278720954863,000660.KS
2025-12-18,0.01719065648057061,000660.KS
2025-12-19,-0.015597124221146785,000660.KS
2025-12-22,0.03756577909587122,000660.KS
2025-12-23,0.004102828658869129,000660.KS
2025-12-24,0.008941107002147675,000660.KS
2025-12-26,0.013421975577005085,000660.KS
2025-12-29,0.04443867718407546,000660.KS
2025-12-30,0.018556617411947585,000660.KS
2026-01-02,0.016762208261605238,000660.KS
2026-01-05,-0.0060620882116158015,000660.KS
2026-01-06,0.027069201233626217,000660.KS
2026-01-07,0.016162792490225897,000660.KS
2026-01-08,0.018404229007417783,000660.KS
2026-01-09,-0.02343023366703001,000660.KS
2026-01-12,-0.001655128205976908,000660.KS
2026-01-13,-0.02935950009274535,000660.KS
2026-01-14,-0.0010645656531096392,000660.KS
2026-01-15,-0.006250291509052985,000660.KS
2026-01-16,0.00034007132246927085,000660.KS
2026-01-19,-0.0025917324656870022,000660.KS
2026-01-20,-0.02400873896341338,000660.KS
2026-01-21,-0.008982725386406543,000660.KS
2026-01-22,0.011428777485308572,000660.KS
2026-01-23,0.008217636325072775,000660.KS
2026-01-26,-0.033111521066034655,000660.KS
2026-01-27,0.05642076908882743,000660.KS
2026-01-28,0.03321610199544267,000660.KS
2026-01-29,0.013795426958310486,000660.KS
2026-01-30,0.053655129073410635,000660.KS
2026-02-02,-0.036908011975929966,000660.KS
2026-02-03,0.02258237895894233,000660.KS
2026-02-04,-0.02332518704669262,000660.KS
2026-02-05,-0.02721010288214032,000660.KS
2026-02-06,0.010949943390119898,000660.KS
2026-02-09,0.015406261015407097,000660.KS
2026-02-10,-0.013167607321836527,000660.KS
2026-02-11,-0.028343596752147704,000660.KS
2026-02-12,0.0011858410476861536,000660.KS
2026-02-13,-0.0062826162674287644,000660.KS
2026-02-19,-0.014661312296306406,000660.KS
2026-02-20,0.036842473737017656,000660.KS
2026-02-23,-0.004340196924026429,000660.KS
2026-02-24,0.034315114499964494,000660.KS
2026-02-25,-0.006100328515014297,000660.KS
2026-02-26,0.04234068516100997,000660.KS
2026-02-27,-0.02512765974286779,000660.KS
2026-03-03,-0.0469720209760176,000660.KS
2026-03-04,0.02773278970878401,000660.KS
2026-03-05,0.010969597708102796,000660.KS
2026-03-06,-0.01840483696259909,000660.KS
2026-03-09,-0.03860646520238831,000660.KS
2026-03-10,0.06304951737914521,000660.KS
2026-03-11,0.0040755473570630585,000660.KS
2026-03-12,-0.021755949055483725,000660.KS
2026-03-13,-0.004394348122382041,000660.KS
2026-03-16,0.056621173279161496,000660.KS
2026-03-17,-0.020313459804173206,000660.KS
2026-03-18,0.03573090700588111,000660.KS
2026-03-19,-0.013882690785310459,000660.KS
2026-03-20,-0.009055538527089624,000660.KS
2026-03-23,-0.00917758437045002,000660.KS
2026-03-24,0.028210371491818265,000660.KS
2026-03-25,-0.006685467600584971,000660.KS
2026-03-26,-0.03159473015797154,000660.KS
2026-03-27,0.0039616878896033825,000660.KS
2026-03-30,-0.03631283627362336,000660.KS
2026-03-31,-0.03507260794156153,000660.KS
2026-04-01,0.02473954197475159,000660.KS
2026-04-02,-0.03194754333371641,000660.KS
2026-04-03,0.026939359252034834,000660.KS
2026-04-06,-0.002138976703356832,000660.KS
2026-04-07,0.025177091091212134,000660.KS
2026-04-08,0.05375144723611136,000660.KS
2026-04-09,-0.01827535861830043,000660.KS
2026-04-10,0.01474648918510546,000660.KS
2026-04-13,0.021192499432043377,000660.KS
2026-04-14,0.03178612623909949,000660.KS
2026-04-15,0.008973245095001303,000660.KS
2026-04-16,-0.005278790953360257,000660.KS
2026-04-17,-0.018157336087222475,000660.KS
2026-04-20,0.028754552189464988,000660.KS
2026-04-21,0.021673889249118616,000660.KS
2026-04-22,-0.005418188340204466,000660.KS
2026-04-23,-0.00734398592179808,000660.KS
2026-04-24,-0.002424161134779723,000660.KS
2026-04-27,0.03440408779541926,000660.KS
2026-04-28,0.0022515613625522235,000660.KS
2026-04-29,-0.012881913722512905,000660.KS
2026-04-30,0.008421430621615045,000660.KS
2026-05-04,0.06798629409188806,000660.KS
2026-05-06,0.03861263613057986,000660.KS
2026-05-07,0.018384048153670562,000660.KS
2026-05-08,0.018101376509186196,000660.KS
2026-05-11,0.06657821195675062,000660.KS
2026-05-12,-0.0010660613715316458,000660.KS
2026-05-13,0.04808974598016924,000660.KS
2026-05-14,-0.020406012027679665,000660.KS
2026-05-15,-0.016624831108799754,000660.KS
2026-05-18,0.008432566358180793,000660.KS
2026-05-19,-0.0199562343244839,000660.KS
2026-05-20,0.008661285877483493,000660.KS
2026-05-21,0.025136305631441758,000660.KS
2026-05-22,-0.0035859747815329968,000660.KS
2026-05-26,0.030470656893836434,000660.KS
2026-05-27,0.06673398677122577,000660.KS
2026-05-28,0.02575740783942493,000660.KS
2026-05-29,-0.0158777856591108,000660.KS
2026-06-01,-0.023396992508994074,000660.KS
2026-06-02,-0.002761050093514683,000660.KS
2026-06-04,-0.008035699181654365,000660.KS
2026-06-05,-0.047472711753181684,000660.KS
2026-06-08,0.0065722977915179115,000660.KS
2026-06-09,0.06896295036618838,000660.KS
2026-06-10,-0.03211861156332496,000660.KS
2026-06-11,0.021273378665121356,000660.KS
2026-06-12,-0.022230211322316507,000660.KS
2026-06-15,0.01152506164667777,000660.KS
2026-06-16,0.01934766160635526,000660.KS
2026-06-17,0.041065732984003844,000660.KS
2026-06-18,0.040757457565799626,000660.KS
2026-06-19,0.03025891537443748,000660.KS
2026-06-22,0.04772228630553954,000660.KS
2026-06-23,-0.027919170197103327,000660.KS
2026-06-24,-0.006544852129266587,000660.KS
2026-06-25,0.05420067057334421,000660.KS
2026-06-26,-0.027469621979829384,000660.KS
2026-06-29,-0.015007645915151357,000660.KS
2026-06-30,-0.0013641405030178078,000660.KS
2026-07-01,-0.013923349538485397,000660.KS
2026-07-02,-0.07526614720860536,000660.KS
2026-07-03,0.04733320662393581,000660.KS
2026-07-06,-0.029813170638808728,000660.KS
2026-07-07,-0.012213204205071548,000660.KS
2026-07-08,-0.0034973027283644598,000660.KS
2026-07-09,0.04542350616519286,000660.KS
2026-07-10,-0.02767283311944979,000660.KS
2026-07-13,-0.07309697997236952,000660.KS
2026-07-14,0.02888940246529792,000660.KS
2026-07-15,0.02416505745497055,000660.KS
2026-07-16,-0.056688021717587134,000660.KS
2026-07-20,0.0023773492518497363,000660.KS
2026-07-21,0.005068679959022049,000660.KS
2026-07-22,-0.010618889753198246,000660.KS
2026-07-23,0.004415919397370516,000660.KS
2026-07-24,-0.028108635086132594,000660.KS
2026-07-27,0.022203383303743607,000660.KS
2026-07-28,-0.043682429072594786,000660.KS
2026-07-29,-0.03936979761794568,000660.KS
2026-07-30,-0.045660264401568895,000660.KS
2026-07-31,0.0972509816265621,000660.KS
2026-08-03,-0.039390598316405345,000660.KS
2026-08-04,-0.009729170397246634,000660.KS
2026-08-05,0.019158353663234706,000660.KS
2026-08-06,-0.06266800116739546,000660.KS
2026-08-07,-0.044070712302067605,000660.KS
2026-08-10,-0.007919464954190047,000660.KS
2026-08-11,-0.0037399635616903737,000660.KS
2026-08-12,0.017818161992119386,000660.KS
2026-08-13,0.02249721716687425,000660.KS
2026-08-14,0.008250049618629518,000660.KS
2026-08-18,0.02589567606326959,000660.KS
2026-08-19,,000660.KS
2024-01-02,,005930.KS
2024-01-03,-0.009520543454729413,005930.KS
2024-01-04,0.002604158223822317,005930.KS
2024-01-05,0.0034616755395422416,005930.KS
2024-01-08,0.002681308114702574,005930.KS
2024-01-09,-0.021244947620699506,005930.KS
2024-01-10,-0.00728680555646033,005930.KS
2024-01-11,-0.004776713501579266,005930.KS
2024-01-12,0.004642438260374249,005930.KS
2024-01-15,0.010512331061199198,005930.KS
2024-01-16,-0.006441224308439963,005930.KS
2024-01-17,0.0027249003001577066,005930.KS
2024-01-18,0.008112837893948566,005930.KS
2024-01-19,0.027676904657872647,005930.KS
2024-01-22,0.008739103980759388,005930.KS
2024-01-23,-0.004439054958391253,005930.KS
2024-01-24,-0.012480858753237456,005930.KS
2024-01-25,0.0010874502273585662,005930.KS
2024-01-26,-0.012813466698119669,005930.KS
2024-01-29,0.004658842813493713,005930.KS
2024-01-30,-0.0006089790050758381,005930.KS
2024-01-31,-0.021080886178029168,005930.KS
2024-02-01,-0.005702429466130532,005930.KS
2024-02-02,-0.006744370164594393,005930.KS
2024-02-05,-0.0028212341518543127,005930.KS
2024-02-06,0.0071931319670452964,005930.KS
2024-02-07,-0.004841576822066429,005930.KS
2024-02-08,-0.0161796775353098,005930.KS
2024-02-13,0.003608275111061765,005930.KS
2024-02-14,-0.004997047587522729,005930.KS
2024-02-15,-0.00834014822386031,005930.KS
2024-02-16,-0.01876609184632816,005930.KS
2024-02-19,0.001820860221685372,005930.KS
2024-02-20,0.0016204686746918995,005930.KS
2024-02-21,-0.002413824118349339,005930.KS
2024-02-22,-0.0027534594676117408,005930.KS
2024-02-23,-0.004026293138071679,005930.KS
2024-02-26,0.0063866822777498555,005930.KS
2024-02-27,0.009730015289719063,005930.KS
2024-02-28,-0.006216670537694924,005930.KS
2024-02-29,0.006479684023136478,005930.KS
2024-03-04,0.008225863736312178,005930.KS
2024-03-05,-0.006807980850433992,005930.KS
2024-03-06,-0.007924082479499717,005930.KS
2024-03-07,-0.01196654156962662,005930.KS
2024-03-08,0.002834152484793684,005930.KS
2024-03-11,-0.004672949193533782,005930.KS
2024-03-12,0.0041284070944414,005930.KS
2024-03-13,0.006479677236246317,005930.KS
2024-03-14,-0.006613210388465518,005930.KS
2024-03-15,-0.00800510436274493,005930.KS
2024-03-18,-0.00020764620633872966,005930.KS
2024-03-19,0.011108354742110471,005930.KS
2024-03-20,0.04208217015814153,005930.KS
2024-03-21,0.006958707930584396,005930.KS
2024-03-22,-0.002767418628299545,005930.KS
2024-03-25,-0.004905045755499771,005930.KS
2024-03-26,0.01440117946078967,005930.KS
2024-03-27,-0.0005340567110803107,005930.KS
2024-03-28,0.020365131316985696,005930.KS
2024-03-29,0.01931357882340823,005930.KS
2024-04-01,-0.005313990269955937,005930.KS
2024-04-02,0.03400514675131561,005930.KS
2024-04-03,0.006274660801021348,005930.KS
2024-04-04,0.001310408528768292,005930.KS
2024-04-05,0.0007634572098167425,005930.KS
2024-04-08,-0.001266579754522823,005930.KS
2024-04-09,-0.006101489377628333,005930.KS
2024-04-11,0.0052979011753073735,005930.KS
2024-04-12,0.004563035462519238,005930.KS
2024-04-15,-0.013827305619788177,005930.KS
2024-04-16,-0.0040977732699820635,005930.KS
2024-04-17,-0.004045160684675864,005930.KS
2024-04-18,-0.010528177350233925,005930.KS
2024-04-19,-0.009053255914807323,005930.KS
2024-04-22,-0.033914165828448084,005930.KS
2024-04-23,-0.005471171463246272,005930.KS
2024-04-24,0.020335694112089797,005930.KS
2024-04-25,-0.011928015522798319,005930.KS
2024-04-26,-0.005257801200028389,005930.KS
2024-04-29,-0.011643545525354071,005930.KS
2024-04-30,0.00865865237645913,005930.KS
2024-05-02,0.009559888549100393,005930.KS
2024-05-03,-0.002522226151144835,005930.KS
2024-05-07,0.025239668228462797,005930.KS
2024-05-08,-0.0039018633991121376,005930.KS
2024-05-09,-0.00781506373674734,005930.KS
2024-05-10,-0.011988337789004433,005930.KS
2024-05-13,-0.009998402124828942,005930.KS
2024-05-14,-0.0024235610279887965,005930.KS
2024-05-16,-0.009543057311415026,005930.KS
2024-05-17,7.935164914840698e-05,005930.KS
2024-05-20,0.012785007629415368,005930.KS
2024-05-21,0.00021391303115603222,005930.KS
2024-05-22,-0.008704392866203392,005930.KS
2024-05-23,0.008298231920877974,005930.KS
2024-05-24,-0.01848231321700755,005930.KS
2024-05-27,0.0039009161500933587,005930.KS
2024-05-28,0.0052192379101194675,005930.KS
2024-05-29,-0.014545968269800369,005930.KS
2024-05-30,-0.007107045829755521,005930.KS
2024-05-31,-0.0004097444396826688,005930.KS
2024-06-03,0.0121961695323618,005930.KS
2024-06-04,0.0023430986289332267,005930.KS
2024-06-05,0.01726659894884719,005930.KS
2024-06-07,-0.013550351514830083,005930.KS
2024-06-10,-0.01298767111469079,005930.KS
2024-06-11,-0.008162441984390867,005930.KS
2024-06-12,0.008728866067041707,005930.KS
2024-06-13,0.01733444187523947,005930.KS
2024-06-14,0.011361940889892175,005930.KS
2024-06-17,-0.013819240561990576,005930.KS
2024-06-18,0.014336740687359573,005930.KS
2024-06-19,0.005376146799638271,005930.KS
2024-06-20,0.0012386619429571866,005930.KS
2024-06-21,-0.011443980597112713,005930.KS
2024-06-24,0.014511371561097164,005930.KS
2024-06-25,-0.001009777818497426,005930.KS
2024-06-26,-0.0001761480381805569,005930.KS
2024-06-27,0.010999289049657968,005930.KS
2024-06-28,-0.006156465376079723,005930.KS
2024-07-01,0.0013571653717425747,005930.KS
2024-07-02,0.008397269293774379,005930.KS
2024-07-03,-0.004717572411714777,005930.KS
2024-07-04,0.02264776735444851,005930.KS
2024-07-05,0.016008865029798258,005930.KS
2024-07-08,0.0050012491316744345,005930.KS
2024-07-09,0.0012056297067042365,005930.KS
2024-07-10,-0.00021275259928454915,005930.KS
2024-07-11,-0.010392572282691859,005930.KS
2024-07-12,-0.02526224805847299,005930.KS
2024-07-15,0.02551542429672793,005930.KS
2024-07-16,0.009662306584216296,005930.KS
2024-07-17,-0.003480928595380739,005930.KS
2024-07-18,0.008987657259424964,005930.KS
2024-07-19,-0.01890899499456733,005930.KS
2024-07-22,-0.005231653711896378,005930.KS
2024-07-23,0.006891499114422217,005930.KS
2024-07-24,-0.017274523380508278,005930.KS
2024-07-25,-0.0021303743181633195,005930.KS
2024-07-26,-0.001609273562680258,005930.KS
2024-07-29,-0.008533468876855466,005930.KS
2024-07-30,0.007469176602004524,005930.KS
2024-07-31,0.023376970717394308,005930.KS
2024-08-01,-0.01210034796882642,005930.KS
2024-08-02,-0.005808707892859033,005930.KS
2024-08-05,-0.016955277568948546,005930.KS
2024-08-06,-0.01718989187328912,005930.KS
2024-08-07,0.011718180512436227,005930.KS
2024-08-08,-0.012998174798033446,005930.KS
2024-08-09,0.0052336830871357876,005930.KS
2024-08-12,-0.0008212478840219362,005930.KS
2024-08-13,0.00669423833013294,005930.KS
2024-08-14,0.005616050841932285,005930.KS
2024-08-16,0.018380595630173246,005930.KS
2024-08-19,-0.01546069664250549,005930.KS
2024-08-20,-0.0006591102341664268,005930.KS
2024-08-21,-0.009300910802132023,005930.KS
2024-08-22,-0.002418297029259442,005930.KS
2024-08-23,-0.00548139982122553,005930.KS
2024-08-26,-0.019444026759849464,005930.KS
2024-08-27,-0.0006978645814328388,005930.KS
2024-08-28,0.00766875585337079,005930.KS
2024-08-29,-0.0216226184671493,005930.KS
2024-08-30,-0.0004625312613004695,005930.KS
2024-09-02,-0.0011535839741858567,005930.KS
2024-09-03,-0.019744535566638355,005930.KS
2024-09-04,-0.0031254721106739325,005930.KS
2024-09-05,-0.012333114430686187,005930.KS
2024-09-06,0.010745800687542939,005930.KS
2024-09-09,-0.017241452814351632,005930.KS
2024-09-10,-0.014505765255347747,005930.KS
2024-09-11,-0.01583822147791558,005930.KS
2024-09-12,-0.0017520899479865903,005930.KS
2024-09-13,-0.030366091942958917,005930.KS
2024-09-19,-0.0224837024903195,005930.KS
2024-09-20,-0.006444792773629082,005930.KS
2024-09-23,-0.00969542421537728,005930.KS
2024-09-24,-0.0017990476374079023,005930.KS
2024-09-25,-0.002422135086513677,005930.KS
2024-09-26,0.01083493394849544,005930.KS
2024-09-27,0.006026961302547207,005930.KS
2024-09-30,-0.021408971256340337,005930.KS
2024-10-02,0.008995129871716578,005930.KS
2024-10-04,-0.014610876908839998,005930.KS
2024-10-07,-0.009123686542516829,005930.KS
2024-10-08,-0.005385964740756144,005930.KS
2024-10-10,-0.025339460940881686,005930.KS
2024-10-11,0.007634322076559563,005930.KS
2024-10-14,-0.010107027226819554,005930.KS
2024-10-15,0.0243991354661377,005930.KS
2024-10-16,-0.016091111032724648,005930.KS
2024-10-17,0.0037618867874940065,005930.KS
2024-10-18,-0.002460123953199833,005930.KS
2024-10-21,-0.007654313153139469,005930.KS
2024-10-22,-0.009056479258529038,005930.KS
2024-10-23,0.01278656852490645,005930.KS
2024-10-24,-0.03604509181177562,005930.KS
2024-10-25,-0.013312164881072341,005930.KS
2024-10-28,0.027376666300603425,005930.KS
2024-10-29,0.023436275457882516,005930.KS
2024-10-30,0.0007894988881194109,005930.KS
2024-10-31,0.016308576837280597,005930.KS
2024-11-01,-0.009910090160395235,005930.KS
2024-11-04,-0.011329643601450279,005930.KS
2024-11-05,-0.014236373944321201,005930.KS
2024-11-06,-1.9970533515767386e-05,005930.KS
2024-11-07,-0.0004367560511742141,005930.KS
2024-11-08,-0.003891590717225668,005930.KS
2024-11-11,-0.024136918564614973,005930.KS
2024-11-12,-0.01746042825856975,005930.KS
2024-11-13,-0.01960622096630349,005930.KS
2024-11-14,-0.014666738130777013,005930.KS
2024-11-15,0.07048774270113611,005930.KS
2024-11-18,0.036720255902864984,005930.KS
2024-11-19,-0.008245450061176385,005930.KS
2024-11-20,-0.022095796288816416,005930.KS
2024-11-21,0.020365342612306492,005930.KS
2024-11-22,-0.015391630279504298,005930.KS
2024-11-25,0.020219011327513137,005930.KS
2024-11-26,0.012416199532761851,005930.KS
2024-11-27,-0.028019840609167623,005930.KS
2024-11-28,-0.014954319453617693,005930.KS
2024-11-29,-0.004042552178981751,005930.KS
2024-12-02,-0.010549503250761205,005930.KS
2024-12-03,-0.018415851908771153,005930.KS
2024-12-04,0.005172661246418464,005930.KS
2024-12-05,0.02026612850881193,005930.KS
2024-12-06,0.013043439272950152,005930.KS
2024-12-09,0.015202834627600303,005930.KS
2024-12-10,-0.012793931555530769,005930.KS
2024-12-11,-0.010151587125047712,005930.KS
2024-12-12,0.018493525319017934,005930.KS
2024-12-13,-0.0013876726224779645,005930.KS
2024-12-16,-0.006749383080039806,005930.KS
2024-12-17,-0.012497114878365245,005930.KS
2024-12-18,0.0016530664442466758,005930.KS
2024-12-19,-0.013621844979534892,005930.KS
2024-12-20,0.011247201217097214,005930.KS
2024-12-23,-0.006235440977511608,005930.KS
2024-12-24,0.017292908129933338,005930.KS
2024-12-26,-0.010359432919212708,005930.KS
2024-12-27,0.018960556754279878,005930.KS
2024-12-30,-0.007156550846361576,005930.KS
2025-01-02,0.003981584848816944,005930.KS
2025-01-03,0.0007957897297812266,005930.KS
2025-01-06,0.008248499366067641,005930.KS
2025-01-07,-0.010374156132808565,005930.KS
2025-01-08,0.02217133675795324,005930.KS
2025-01-09,-0.021501916033442647,005930.KS
2025-01-10,-0.011933303834193332,005930.KS
2025-01-13,-0.011461816995451457,005930.KS
2025-01-14,-0.0068478213296190305,005930.KS
2025-01-15,-0.0034813130804236536,005930.KS
2025-01-16,-0.0011016246541579733,005930.KS
2025-01-17,-0.009551094487038725,005930.KS
2025-01-20,-0.004214392579927839,005930.KS
2025-01-21,0.002672870018347595,005930.KS
2025-01-22,0.0033795527604336684,005930.KS
2025-01-23,0.001361017796435604,005930.KS
2025-01-24,-0.008435851783594295,005930.KS
2025-01-31,-0.0168176742422812,005930.KS
2025-02-03,-0.0015651174438078286,005930.KS
2025-02-04,0.021548936985941403,005930.KS
2025-02-05,-0.007264193880599734,005930.KS
2025-02-06,0.009688857317518007,005930.KS
2025-02-07,0.0002921695483841802,005930.KS
2025-02-10,0.035027977812998934,005930.KS
2025-02-11,-0.005230331227005891,005930.KS
2025-02-12,-0.0018780209428985728,005930.KS
2025-02-13,-0.013555551579118585,005930.KS
2025-02-14,0.0005318745667404201,005930.KS
2025-02-17,-0.007447880193335976,005930.KS
2025-02-18,0.009684641844670772,005930.KS
2025-02-19,0.014266898303412212,005930.KS
2025-02-20,0.0014331722499099087,005930.KS
2025-02-21,-0.003626425002222433,005930.KS
2025-02-24,-0.01207128601801788,005930.KS
2025-02-25,0.003932243139480818,005930.KS
2025-02-26,-0.014642530380490015,005930.KS
2025-02-27,0.0020351564503044983,005930.KS
2025-02-28,0.0020307629091895762,005930.KS
2025-03-04,0.0015252220429609054,005930.KS
2025-03-05,-0.020700836357256946,005930.KS
2025-03-06,-0.0014833400645466455,005930.KS
2025-03-07,-0.006176965108724453,005930.KS
2025-03-10,-0.002691893816107793,005930.KS
2025-03-11,0.010974810860284734,005930.KS
2025-03-12,0.00940353973244168,005930.KS
2025-03-13,-0.003191154897774773,005930.KS
2025-03-14,0.0028326031220942127,005930.KS
2025-03-17,0.034532834118231825,005930.KS
2025-03-18,-0.0006318732728027854,005930.KS
2025-03-19,0.009291511645787232,005930.KS
2025-03-20,0.025424835763551812,005930.KS
2025-03-21,0.022327687601324087,005930.KS
2025-03-24,-0.015447413584309011,005930.KS
2025-03-25,-0.005440875159544056,005930.KS
2025-03-26,0.01570773290087235,005930.KS
2025-03-27,0.02050612110983341,005930.KS
2025-03-28,-0.0012675886270523407,005930.KS
2025-03-31,-0.0101758021078302,005930.KS
2025-04-01,0.0010529078888019683,005930.KS
2025-04-02,0.006178262292535486,005930.KS
2025-04-03,-0.012943826619864929,005930.KS
2025-04-04,-0.01779232877460224,005930.KS
2025-04-07,0.004189255844838868,005930.KS
2025-04-08,0.003036626137031817,005930.KS
2025-04-09,0.008126107828450024,005930.KS
2025-04-10,-0.0017261681440317034,005930.KS
2025-04-11,-0.016446542521096674,005930.KS
2025-04-14,0.008474663424443918,005930.KS
2025-04-15,-0.0016322450881531836,005930.KS
2025-04-16,-0.02197009779906267,005930.KS
2025-04-17,-0.002059719412976335,005930.KS
2025-04-18,-0.0016292666533379574,005930.KS
2025-04-21,-0.0002046140878011471,005930.KS
2025-04-22,-0.006530872615868155,005930.KS
2025-04-23,-0.002883534037098734,005930.KS
2025-04-24,0.0012797350267472751,005930.KS
2025-04-25,-0.009458235773794677,005930.KS
2025-04-28,0.0007888532504649604,005930.KS
2025-04-29,-0.006475934924034199,005930.KS
2025-04-30,-0.0019508194881980856,005930.KS
2025-05-02,-0.023101965414874748,005930.KS
2025-05-07,5.155929416211791e-05,005930.KS
2025-05-08,-0.0022043956114945473,005930.KS
2025-05-09,0.004513484164156978,005930.KS
2025-05-12,0.03823622684128303,005930.KS
2025-05-13,-0.012645051462018664,005930.KS
2025-05-14,-0.0035012204755444643,005930.KS
2025-05-15,0.0055578824420638995,005930.KS
2025-05-16,-0.010864129707298886,005930.KS
2025-05-19,-0.008795328400688085,005930.KS
2025-05-20,0.0024128718658840143,005930.KS
2025-05-21,-0.012682541884493581,005930.KS
2025-05-22,-0.005888347491971757,005930.KS
2025-05-23,-0.008573579543455168,005930.KS
2025-05-26,-0.01079674897807692,005930.KS
2025-05-27,-0.012014411107130307,005930.KS
2025-05-28,0.024024546921411094,005930.KS
2025-05-29,-0.01516100299468981,005930.KS
2025-05-30,0.010259671893386724,005930.KS
2025-06-02,0.0101377298126053,005930.KS
2025-06-04,-0.008827892597069287,005930.KS
2025-06-05,0.0074788835730545955,005930.KS
2025-06-09,-0.003652950359562368,005930.KS
2025-06-10,-0.015699088071951195,005930.KS
2025-06-11,-0.0004239861512180809,005930.KS
2025-06-12,-0.01115874008860196,005930.KS
2025-06-13,-0.011634194293075772,005930.KS
2025-06-16,-0.03686650356465826,005930.KS
2025-06-17,0.014377229079095777,005930.KS
2025-06-18,0.02144776383965752,005930.KS
2025-06-19,-0.01194973366018992,005930.KS
2025-06-20,-0.009646607632292081,005930.KS
2025-06-23,-0.02309131285656285,005930.KS
2025-06-24,0.013048801509377483,005930.KS
2025-06-25,0.011652209073798048,005930.KS
2025-06-26,-0.008834403390437728,005930.KS
2025-06-27,0.02373197403773908,005930.KS
2025-06-30,-0.02172803120321909,005930.KS
2025-07-01,0.0008400518229372267,005930.KS
2025-07-02,0.01465076549248856,005930.KS
2025-07-03,0.03485106851042552,005930.KS
2025-07-04,0.012225000436396627,005930.KS
2025-07-07,-0.027299153202633875,005930.KS
2025-07-08,-0.022845480571671573,005930.KS
2025-07-09,-0.022434804167790645,005930.KS
2025-07-10,-0.005784486295191016,005930.KS
2025-07-11,0.02823770761546207,005930.KS
2025-07-14,-0.009833602698380517,005930.KS
2025-07-15,0.014888561478176854,005930.KS
2025-07-16,0.024605637872355146,005930.KS
2025-07-17,0.028590619653948934,005930.KS
2025-07-18,0.007301838212930178,005930.KS
2025-07-21,0.0032706846810501844,005930.KS
2025-07-22,-0.014096890909032211,005930.KS
2025-07-23,0.0016889866149014665,005930.KS
2025-07-24,-0.008138302207978398,005930.KS
2025-07-25,-0.003269927271027484,005930.KS
2025-07-28,0.06184912630349437,005930.KS
2025-07-29,-0.003700414231676774,005930.KS
2025-07-30,0.020563936293818585,005930.KS
2025-07-31,-0.013888392387009674,005930.KS
2025-08-01,0.003965383503885533,005930.KS
2025-08-04,0.002499977271485321,005930.KS
2025-08-05,-0.012972453196200107,005930.KS
2025-08-06,-0.015905534273857214,005930.KS
2025-08-07,0.015214822688868423,005930.KS
2025-08-08,0.02376122109680523,005930.KS
2025-08-11,-0.010194871339548328,005930.KS
2025-08-12,0.006679172447066506,005930.KS
2025-08-13,0.0004438843437970519,005930.KS
2025-08-14,-0.004581004996937921,005930.KS
2025-08-18,-0.007487791715906411,005930.KS
2025-08-19,0.008127907148983482,005930.KS
2025-08-20,0.013953288528989916,005930.KS
2025-08-21,-0.0022977154606405037,005930.KS
2025-08-22,0.0027137595468840203,005930.KS
2025-08-25,-0.011496945346788578,005930.KS
2025-08-26,-0.007378319003208844,005930.KS
2025-08-27,0.0018080777112565727,005930.KS
2025-08-28,-0.017135351228255047,005930.KS
2025-08-29,0.004666411668324599,005930.KS
2025-09-01,-0.016978489695055998,005930.KS
2025-09-02,0.012629607400469922,005930.KS
2025-09-03,0.006281855473366349,005930.KS
2025-09-04,-0.0008513702056998085,005930.KS
2025-09-05,-0.00993541381120977,005930.KS
2025-09-08,0.004091539837320468,005930.KS
2025-09-09,0.007286260140528356,005930.KS
2025-09-10,-0.0013059318039800871,005930.KS
2025-09-11,0.0020474877384764056,005930.KS
2025-09-12,0.011647980662322865,005930.KS
2025-09-15,0.011023142520643958,005930.KS
2025-09-16,0.024866600619809276,005930.KS
2025-09-17,-0.004673404401433601,005930.KS
2025-09-18,0.012564588425130196,005930.KS
2025-09-22,0.032305074890054186,005930.KS
2025-09-23,0.00922494527346629,005930.KS
2025-09-24,0.012268794283773587,005930.KS
2025-09-25,0.008459982712309966,005930.KS
2025-09-26,-0.008250454592106493,005930.KS
2025-09-29,0.0019491883621363115,005930.KS
2025-09-30,-0.0016410282871621718,005930.KS
2025-10-01,0.015643701306881752,005930.KS
2025-10-02,0.016018368124106175,005930.KS
2025-10-10,0.03336408637317412,005930.KS
2025-10-13,-0.004479897623861362,005930.KS
2025-10-14,-0.012024825179825172,005930.KS
2025-10-15,0.009994856682411069,005930.KS
2025-10-16,0.0034232160215328378,005930.KS
2025-10-17,0.0019063711004054795,005930.KS
2025-10-20,-0.015358845731906712,005930.KS
2025-10-21,-0.008530810819451062,005930.KS
2025-10-22,-0.004309111701864765,005930.KS
2025-10-23,-0.011664281467579585,005930.KS
2025-10-24,-0.0011104149110376937,005930.KS
2025-10-27,0.006514509617989717,005930.KS
2025-10-28,-0.016763659198456793,005930.KS
2025-10-29,-0.0074852172646941995,005930.KS
2025-10-30,0.03378880934611139,005930.KS
2025-10-31,0.02710849122684067,005930.KS
2025-11-03,0.005476270263564231,005930.KS
2025-11-04,-0.033420428344777875,005930.KS
2025-11-05,-0.012978616178823899,005930.KS
2025-11-06,-0.019500539535112438,005930.KS
2025-11-07,0.005026584861687056,005930.KS
2025-11-10,-0.0025660629378663202,005930.KS
2025-11-11,0.020313839367737785,005930.KS
2025-11-12,-0.014530302054064137,005930.KS
2025-11-13,-0.007778752550384738,005930.KS
2025-11-14,-0.01713028827952101,005930.KS
2025-11-17,0.015202673518096788,005930.KS
2025-11-18,0.0055022842280934015,005930.KS
2025-11-19,-0.007264668552043219,005930.KS
2025-11-20,0.02261781246053829,005930.KS
2025-11-21,-0.02079622005034132,005930.KS
2025-11-24,0.021714315943849982,005930.KS
2025-11-25,0.02348946643347638,005930.KS
2025-11-26,0.008267972043130456,005930.KS
2025-11-27,0.0002335644550335303,005930.KS
2025-11-28,-0.014168805278682584,005930.KS
2025-12-01,0.00456592541748968,005930.KS
2025-12-02,0.00662664395981416,005930.KS
2025-12-03,0.00027967606857082217,005930.KS
2025-12-04,0.007657097690769277,005930.KS
2025-12-05,0.013313184835562097,005930.KS
2025-12-08,-0.003180724981142191,005930.KS
2025-12-09,-0.007373015088296242,005930.KS
2025-12-10,-0.0016312524788038019,005930.KS
2025-12-11,-0.000589194144431815,005930.KS
2025-12-12,0.0011405483475215306,005930.KS
2025-12-15,-0.01983075812887236,005930.KS
2025-12-16,0.003344028857924286,005930.KS
2025-12-17,0.03419800712442722,005930.KS
2025-12-18,0.012593200264921833,005930.KS
2025-12-19,-0.018653167988654573,005930.KS
2025-12-22,0.017736638006459415,005930.KS
2025-12-23,0.006238984977182227,005930.KS
2025-12-24,-0.0014787009003818241,005930.KS
2025-12-26,0.04663043455352778,005930.KS
2025-12-29,0.004224048962411686,005930.KS
2025-12-30,0.0048568246135900495,005930.KS
2026-01-02,0.04687144737106408,005930.KS
2026-01-05,0.03830867774085611,005930.KS
2026-01-06,-0.009355001702113341,005930.KS
2026-01-07,0.009369251423061442,005930.KS
2026-01-08,-0.016013839630188542,005930.KS
2026-01-09,-0.005989976301258082,005930.KS
2026-01-12,-0.009792994457814785,005930.KS
2026-01-13,-0.02324739657452568,005930.KS
2026-01-14,0.012962017685817173,005930.KS
2026-01-15,0.009695701168652704,005930.KS
2026-01-16,0.02519397988901062,005930.KS
2026-01-19,-0.010435388387024958,005930.KS
2026-01-20,-0.023982651596673676,005930.KS
2026-01-21,0.024247477956178543,005930.KS
2026-01-22,0.00991708819388748,005930.KS
2026-01-23,-0.008865501900956474,005930.KS
2026-01-26,0.008145189195891689,005930.KS
2026-01-27,0.020544874430738602,005930.KS
2026-01-28,0.0012547331616357127,005930.KS
2026-01-29,-0.020230663672442972,005930.KS
2026-01-30,-0.0018407216571887375,005930.KS
2026-02-02,-0.010984223703358609,005930.KS
2026-02-03,0.04155055399839114,005930.KS
2026-02-04,-0.0060704961127804324,005930.KS
2026-02-05,-0.02029655448463963,005930.KS
2026-02-06,0.010115395473933475,005930.KS
2026-02-09,0.007781147661388488,005930.KS
2026-02-10,-0.004300919874138387,005930.KS
2026-02-11,0.002080682472204387,005930.KS
2026-02-12,0.03152232852280967,005930.KS
2026-02-13,0.017219921464839416,005930.KS
2026-02-19,0.016977541644203953,005930.KS
2026-02-20,-0.02233433087090475,005930.KS
2026-02-23,0.008694345408402526,005930.KS
2026-02-24,0.014713556307512476,005930.KS
2026-02-25,-0.001604059596280294,005930.KS
2026-02-26,0.03276553456279885,005930.KS
2026-02-27,0.0031566330561272338,005930.KS
2026-03-03,-0.028898684622401305,005930.KS
2026-03-04,0.0036333685543734617,005930.KS
2026-03-05,0.01483895852710404,005930.KS
2026-03-06,-0.018078348619605222,005930.KS
2026-03-09,-0.01985072158907286,005930.KS
2026-03-10,0.027660564969206547,005930.KS
2026-03-11,-0.002771697178907573,005930.KS
2026-03-12,-0.006343314860364657,005930.KS
2026-03-13,-0.006349738310474251,005930.KS
2026-03-16,0.01659841369310122,005930.KS
2026-03-17,0.010985802794770905,005930.KS
2026-03-18,0.023379875014622797,005930.KS
2026-03-19,-0.011435421087201192,005930.KS
2026-03-20,-0.008616298013272683,005930.KS
2026-03-23,-0.0008065114202562285,005930.KS
2026-03-24,-0.008955112704812862,005930.KS
2026-03-25,-0.01946878219239423,005930.KS
2026-03-26,-0.015491855934280707,005930.KS
2026-03-27,0.0039616878896033825,005930.KS
2026-03-30,0.010899206374167747,005930.KS
2026-03-31,-0.009457030137692612,005930.KS
2026-04-01,0.04499691270298278,005930.KS
2026-04-02,-0.015469499940291342,005930.KS
2026-04-03,0.015792105761722297,005930.KS
2026-04-06,0.022897045253747805,005930.KS
2026-04-07,0.009331878701296148,005930.KS
2026-04-08,0.0023685724061213165,005930.KS
2026-04-09,-0.015171807469817722,005930.KS
2026-04-10,-0.0041413043597682275,005930.KS
2026-04-13,-0.01595749278809855,005930.KS
2026-04-14,-3.1444191314733416e-05,005930.KS
2026-04-15,0.0010513916194092587,005930.KS
2026-04-16,0.008474985828883064,005930.KS
2026-04-17,-0.0014236295174310243,005930.KS
2026-04-20,-0.011347016574209334,005930.KS
2026-04-21,-0.0061092576286227995,005930.KS
2026-04-22,-0.011473688017074934,005930.KS
2026-04-23,0.022698780234089,005930.KS
2026-04-24,-0.022495616944191,005930.KS
2026-04-27,0.0012250220531608846,005930.KS
2026-04-28,-0.015119612377411329,005930.KS
2026-04-29,0.010374808092278087,005930.KS
2026-04-30,-0.010787348743761527,005930.KS
2026-05-04,0.0030229762549343064,005930.KS
2026-05-06,0.07208273013796784,005930.KS
2026-05-07,0.006281712294828878,005930.KS
2026-05-08,-0.012172068416525406,005930.KS
2026-05-11,0.01905647494191065,005930.KS
2026-05-12,0.00013091781237939415,005930.KS
2026-05-13,-0.008177859848466085,005930.KS
2026-05-14,0.02402026231678356,005930.KS
2026-05-15,-0.0269656470487174,005930.KS
2026-05-18,0.03503647700453172,005930.KS
2026-05-19,0.013287757906514486,005930.KS
2026-05-20,0.010474593973675894,005930.KS
2026-05-21,0.0009163863972929676,005930.KS
2026-05-22,-0.027751053347140342,005930.KS
2026-05-26,-0.0031620125055429327,005930.KS
2026-05-27,0.004138805306226345,005930.KS
2026-05-28,-0.01944394821411244,005930.KS
2026-05-29,0.021869609861708383,005930.KS
2026-06-01,0.05999615743732001,005930.KS
2026-06-02,0.030929398283751297,005930.KS
2026-06-04,-0.0066955281289100554,005930.KS
2026-06-05,-0.009134115779696472,005930.KS
2026-06-08,-0.020894668959888563,005930.KS
2026-06-09,0.007219938415614635,005930.KS
2026-06-10,-0.016200225230889487,005930.KS
2026-06-11,-0.015913975766018496,005930.KS
2026-06-12,0.030374872523367458,005930.KS
2026-06-15,-0.006705360358616019,005930.KS
2026-06-16,-0.0032671721735351156,005930.KS
2026-06-17,-0.005497129023735781,005930.KS
2026-06-18,0.02287403696247381,005930.KS
2026-06-19,-0.022466792403985636,005930.KS
2026-06-22,-0.008253294333465888,005930.KS
2026-06-23,-0.026041529234641203,005930.KS
2026-06-24,0.061794291300063975,005930.KS
2026-06-25,-0.0012856034233870162,005930.KS
2026-06-26,0.005429937471927104,005930.KS
2026-06-29,-0.04674870589802893,005930.KS
2026-06-30,0.023787989875257765,005930.KS
2026-07-01,-0.03952788486802916,005930.KS
2026-07-02,-0.012781895732407733,005930.KS
2026-07-03,0.02299870523391867,005930.KS
2026-07-06,0.031679484880504205,005930.KS
2026-07-07,-0.021384775679853973,005930.KS
2026-07-08,-0.009566986625253904,005930.KS
2026-07-09,-0.00440673778136258,005930.KS
2026-07-10,-5.625358808813985e-05,005930.KS
2026-07-13,-0.01943972494193602,005930.KS
2026-07-14,0.025549185686861264,005930.KS
2026-07-15,0.00035703813769849546,005930.KS
2026-07-16,-0.0259497367946544,005930.KS
2026-07-20,0.0015500096351406256,005930.KS
2026-07-21,0.02472318175166066,005930.KS
2026-07-22,-0.0015707649143443803,005930.KS
2026-07-23,-0.0072532329699122045,005930.KS
2026-07-24,-0.0200129276227905,005930.KS
2026-07-27,0.008187920707026564,005930.KS
2026-07-28,-0.029007800490823854,005930.KS
2026-07-29,0.008010360844835418,005930.KS
2026-07-30,0.005160013550318254,005930.KS
2026-07-31,0.07276818826030151,005930.KS
2026-08-03,-0.03909040330893454,005930.KS
2026-08-04,-0.014005008513240824,005930.KS
2026-08-05,-0.012250029702048693,005930.KS
2026-08-06,-0.01824957756914891,005930.KS
2026-08-07,0.008158011244622898,005930.KS
2026-08-10,-0.010850406784907562,005930.KS
2026-08-11,0.03321920225863906,005930.KS
2026-08-12,0.028530742977874723,005930.KS
2026-08-13,0.012770982633709238,005930.KS
2026-08-14,9.297676793273979e-05,005930.KS
2026-08-18,-0.00648598315331661,005930.KS
2026-08-19,,005930.KS
2025-02-13,,SNDK
2025-02-14,0.013704613949607758,SNDK
2025-02-18,0.24965608522314398,SNDK
2025-02-19,-0.024970772449627976,SNDK
2025-02-20,0.05221527847235352,SNDK
2025-02-21,0.063765889002104,SNDK
2025-02-24,-0.0238976982353285,SNDK
2025-02-25,0.0035846284873173317,SNDK
2025-02-26,-0.03577046420330987,SNDK
2025-02-27,-0.0027952599207310413,SNDK
2025-02-28,0.02107123010426193,SNDK
2025-03-03,0.09337842430710275,SNDK
2025-03-04,-0.029707991802368383,SNDK
2025-03-05,-0.01748035043239682,SNDK
2025-03-06,-0.013598005894731369,SNDK
2025-03-07,0.08504679553930838,SNDK
2025-03-10,0.07799356474570374,SNDK
2025-03-11,-0.013582584983292456,SNDK
2025-03-12,-0.04474912000232001,SNDK
2025-03-13,-0.02230441225923796,SNDK
2025-03-14,0.09984618122240496,SNDK
2025-03-17,0.008564279135817365,SNDK
2025-03-18,0.030936084821862053,SNDK
2025-03-19,-0.014889146842374856,SNDK
2025-03-20,0.0012628007855468582,SNDK
2025-03-21,-0.04414298336735234,SNDK
2025-03-24,-0.039846886582145746,SNDK
2025-03-25,-0.020711042366902355,SNDK
2025-03-26,0.026585816230840997,SNDK
2025-03-27,0.010643247709135828,SNDK
2025-03-28,-0.050136786243943465,SNDK
2025-03-31,-0.028122370751033188,SNDK
2025-04-01,0.002418412089602473,SNDK
2025-04-02,-0.016459731472572514,SNDK
2025-04-03,-0.1648775755092906,SNDK
2025-04-04,-0.1754262028771323,SNDK
2025-04-07,0.042084712026716264,SNDK
2025-04-08,0.045434261177677016,SNDK
2025-04-09,0.009531517768290865,SNDK
2025-04-10,-0.11963476831992592,SNDK
2025-04-11,0.010138747659322433,SNDK
2025-04-14,0.04148366707593798,SNDK
2025-04-15,-0.010697892244687868,SNDK
2025-04-16,-0.006162735417310383,SNDK
2025-04-17,-0.023194280743950024,SNDK
2025-04-21,-0.023396543516997603,SNDK
2025-04-22,-0.03230755492430992,SNDK
2025-04-23,0.002251380701498107,SNDK
2025-04-24,0.03388311735245608,SNDK
2025-04-25,0.00610776446825545,SNDK
2025-04-28,-0.017496217808173675,SNDK
2025-04-29,0.013967008095897349,SNDK
2025-04-30,-0.025393938202029176,SNDK
2025-05-01,0.0018617490215500077,SNDK
2025-05-02,0.03931636337929234,SNDK
2025-05-05,0.012036164123475857,SNDK
2025-05-06,-0.013449425203078125,SNDK
2025-05-07,0.029224429296537124,SNDK
2025-05-08,0.03692367807965624,SNDK
2025-05-09,0.02968985932145518,SNDK
2025-05-12,0.0494831442219037,SNDK
2025-05-13,0.002407867250557416,SNDK
2025-05-14,-0.0076431325131829375,SNDK
2025-05-15,-0.0348107814751768,SNDK
2025-05-16,-0.006812905568370109,SNDK
2025-05-19,-0.042872967563954756,SNDK
2025-05-20,0.03880350436279878,SNDK
2025-05-21,-0.026122834977846843,SNDK
2025-05-22,-0.02175503616821306,SNDK
2025-05-23,-0.00560593994515024,SNDK
2025-05-27,0.0006020571723186485,SNDK
2025-05-28,0.014864179921187048,SNDK
2025-05-29,-0.0014456751124356515,SNDK
2025-05-30,-0.022279143118692613,SNDK
2025-06-02,-0.017464602103032245,SNDK
2025-06-03,0.026704100103546402,SNDK
2025-06-04,0.02729729044053908,SNDK
2025-06-05,-0.010179980189621407,SNDK
2025-06-06,-0.00896120107811571,SNDK
2025-06-09,0.06450315546239072,SNDK
2025-06-10,-0.01210694471156204,SNDK
2025-06-11,-0.029871622654712215,SNDK
2025-06-12,0.023904555835533525,SNDK
2025-06-13,0.04127575692423724,SNDK
2025-06-16,0.025632794004277315,SNDK
2025-06-17,0.007081106726972042,SNDK
2025-06-18,0.05596674681034841,SNDK
2025-06-20,0.0032332699549386668,SNDK
2025-06-23,-0.002317989809929255,SNDK
2025-06-24,-0.006903945947104528,SNDK
2025-06-25,-0.0044561123483619625,SNDK
2025-06-26,-0.005293806789969047,SNDK
2025-06-27,-0.009549452944928927,SNDK
2025-06-30,-0.04538000460412128,SNDK
2025-07-01,-0.0001718671889987533,SNDK
2025-07-02,0.020481867293100642,SNDK
2025-07-03,-0.0054733172596335145,SNDK
2025-07-07,-0.018414161259678874,SNDK
2025-07-08,0.020229263186802626,SNDK
2025-07-09,-0.006404373754997472,SNDK
2025-07-10,0.017542713603822868,SNDK
2025-07-11,-0.016234230202173183,SNDK
2025-07-14,-0.0851830432753804,SNDK
2025-07-15,0.004717554524305001,SNDK
2025-07-16,-0.0333762956572472,SNDK
2025-07-17,-0.0041991962602310196,SNDK
2025-07-18,0.016969497991526694,SNDK
2025-07-21,-0.019014033172079614,SNDK
2025-07-22,-0.0008371042205981283,SNDK
2025-07-23,0.03433499481347013,SNDK
2025-07-24,-0.024228966354213455,SNDK
2025-07-25,0.007532065863144144,SNDK
2025-07-28,-0.017106680754850778,SNDK
2025-07-29,0.026073903870686532,SNDK
2025-07-30,0.009319236431171163,SNDK
2025-07-31,-0.005577853235007257,SNDK
2025-08-01,-0.017853925197226506,SNDK
2025-08-04,0.00986724487269619,SNDK
2025-08-05,-0.0069251076079219764,SNDK
2025-08-06,-0.008458510694635546,SNDK
2025-08-07,-0.03744394152950825,SNDK
2025-08-08,0.07661978887344523,SNDK
2025-08-11,-0.01915597606436359,SNDK
2025-08-12,0.06426587037526099,SNDK
2025-08-13,0.0033362655767836813,SNDK
2025-08-14,-0.0062689416023622435,SNDK
2025-08-15,-0.04252093769225329,SNDK
2025-08-18,0.02216265447886645,SNDK
2025-08-19,-0.007205926273796681,SNDK
2025-08-20,0.0019089943951411392,SNDK
2025-08-21,0.02911332974168168,SNDK
2025-08-22,0.003630813105083508,SNDK
2025-08-25,0.011691885268261704,SNDK
2025-08-26,0.00810385896398591,SNDK
2025-08-27,0.021223333109282816,SNDK
2025-08-28,0.042707110452083086,SNDK
2025-08-29,0.04261134814165368,SNDK
2025-09-02,-0.0186290960592288,SNDK
2025-09-03,0.02944676819959602,SNDK
2025-09-04,0.15567513001353772,SNDK
2025-09-05,0.09095509024203263,SNDK
2025-09-08,0.02311230761832217,SNDK
2025-09-09,-0.0026164593062558694,SNDK
2025-09-10,0.04690158784695786,SNDK
2025-09-11,0.12559496793027058,SNDK
2025-09-12,0.01706838513540898,SNDK
2025-09-15,0.03643080961772682,SNDK
2025-09-16,0.01692150687117433,SNDK
2025-09-17,0.028088350235279336,SNDK
2025-09-18,0.04185365614793124,SNDK
2025-09-19,0.026477178722751127,SNDK
2025-09-22,0.0010198390846305472,SNDK
2025-09-23,0.03991804138110577,SNDK
2025-09-24,-0.060220041686227965,SNDK
2025-09-25,-0.0527729962272776,SNDK
2025-09-26,0.02546968482466383,SNDK
2025-09-29,0.15123509361160714,SNDK
2025-09-30,-0.014255362765658752,SNDK
2025-10-01,0.07171339515314656,SNDK
2025-10-02,0.02052555056444927,SNDK
2025-10-03,0.03803690859210196,SNDK
2025-10-06,-0.0655158890129055,SNDK
2025-10-07,0.003462291701619158,SNDK
2025-10-08,0.07511651443945233,SNDK
2025-10-09,-0.015611546924763964,SNDK
2025-10-10,-0.06833433275188128,SNDK
2025-10-13,0.1199780298240718,SNDK
2025-10-14,-0.04923042798928723,SNDK
2025-10-15,0.11839454486939971,SNDK
2025-10-16,0.003501890090795712,SNDK
2025-10-17,-0.03544732848876553,SNDK
2025-10-20,0.04217588748716672,SNDK
2025-10-21,0.008669694434427555,SNDK
2025-10-22,-0.0061176114809136095,SNDK
2025-10-23,0.11982954282064018,SNDK
2025-10-24,0.09769168118619564,SNDK
2025-10-27,-0.07099478696946537,SNDK
2025-10-28,-0.01311487797598243,SNDK
2025-10-29,0.14758030326636273,SNDK
2025-10-30,-0.02728051099702622,SNDK
2025-10-31,0.012953507781069185,SNDK
2025-11-03,0.033031927677266815,SNDK
2025-11-04,-0.04146820999210643,SNDK
2025-11-05,0.1003116503281074,SNDK
2025-11-06,-0.022740916089508012,SNDK
2025-11-07,0.1455835737691782,SNDK
2025-11-10,0.09044753715481235,SNDK
2025-11-11,0.016123414322223972,SNDK
2025-11-12,0.042332150762882215,SNDK
2025-11-13,-0.12976857482406245,SNDK
2025-11-14,0.04180392485147344,SNDK
2025-11-17,0.05365824945344855,SNDK
2025-11-18,-0.06982212435125579,SNDK
2025-11-19,-0.0017559025023174968,SNDK
2025-11-20,-0.20330178971994783,SNDK
2025-11-21,0.014271228134536962,SNDK
2025-11-24,0.09985560727337894,SNDK
2025-11-25,-0.03502087601540982,SNDK
2025-11-26,-0.03387060003593234,SNDK
2025-11-28,0.029527998122929944,SNDK
2025-12-01,-0.057145180321859,SNDK
2025-12-02,-0.030996555139065407,SNDK
2025-12-03,-0.05734158316885818,SNDK
2025-12-04,0.09386208628776682,SNDK
2025-12-05,0.06458936066293308,SNDK
2025-12-08,-0.01129755118278375,SNDK
2025-12-09,-0.028249689277653367,SNDK
2025-12-10,0.05518013356857665,SNDK
2025-12-11,0.04012712977231381,SNDK
2025-12-12,-0.13927199447366068,SNDK
2025-12-15,-0.01609351058180497,SNDK
2025-12-16,0.03421265148443631,SNDK
2025-12-17,0.006791723312903564,SNDK
2025-12-18,0.0448865881119751,SNDK
2025-12-19,0.0665096313017628,SNDK
2025-12-22,0.009591639416099085,SNDK
2025-12-23,0.011173157787229826,SNDK
2025-12-24,0.018009544449356873,SNDK
2025-12-26,-5.5736032794406754e-05,SNDK
2025-12-29,-0.018616280396263285,SNDK
2025-12-30,-0.014315034747719224,SNDK
2025-12-31,-0.00359295456635067,SNDK
2026-01-02,0.14992006421455706,SNDK
2026-01-05,-0.012134912689950816,SNDK
2026-01-06,0.2347072630217486,SNDK
2026-01-07,0.01021568442316756,SNDK
2026-01-08,-0.049591472212555665,SNDK
2026-01-09,0.11066470506107251,SNDK
2026-01-12,0.030111617017249515,SNDK
2026-01-13,0.002870202635537389,SNDK
2026-01-14,0.00559638835531473,SNDK
2026-01-15,0.050193236395757346,SNDK
2026-01-16,0.011482605875055008,SNDK
2026-01-20,0.1126853925738418,SNDK
2026-01-21,0.08759999107743788,SNDK
2026-01-22,-0.0029633363004153424,SNDK
2026-01-23,-0.06376841138283673,SNDK
2026-01-26,-0.010805687241931317,SNDK
2026-01-27,0.013303035744585578,SNDK
2026-01-28,0.08832840355963345,SNDK
2026-01-29,0.027879947086171697,SNDK
2026-01-30,0.07835316942209669,SNDK
2026-02-02,0.1367633364288423,SNDK
2026-02-03,0.05998078537505869,SNDK
2026-02-04,-0.15617970133135284,SNDK
2026-02-05,0.00011244522870157425,SNDK
2026-02-06,0.016134759648297248,SNDK
2026-02-09,-0.032264998566851055,SNDK
2026-02-10,-0.0696213676353814,SNDK
2026-02-11,0.09854896878946473,SNDK
2026-02-12,0.07089949341171042,SNDK
2026-02-13,-0.008064240758705488,SNDK
2026-02-17,-0.058091798843350695,SNDK
2026-02-18,0.009034630344412875,SNDK
2026-02-19,0.03771692978648211,SNDK
2026-02-20,0.03664016331814768,SNDK
2026-02-23,0.03732839413630362,SNDK
2026-02-24,-0.05355630706374459,SNDK
2026-02-25,-0.02405174815315192,SNDK
2026-02-26,0.04253871761169847,SNDK
2026-02-27,-0.022493580206720765,SNDK
2026-03-02,-0.02727374070785693,SNDK
2026-03-03,-0.07992013782083429,SNDK
2026-03-04,0.04268252587786403,SNDK
2026-03-05,-0.05447489159940844,SNDK
2026-03-06,-0.05488542923093487,SNDK
2026-03-09,0.09687387322177798,SNDK
2026-03-10,0.04994342459720347,SNDK
2026-03-11,0.05749559744177368,SNDK
2026-03-12,-0.04016475146084275,SNDK
2026-03-13,0.07282174693644983,SNDK
2026-03-16,0.05040626842092699,SNDK
2026-03-17,0.018366245623450794,SNDK
2026-03-18,0.05953162359871378,SNDK
2026-03-19,0.02728527685055937,SNDK
2026-03-20,-0.06559006332340722,SNDK
2026-03-23,-0.02163890212361963,SNDK
2026-03-24,0.006846027861808324,SNDK
2026-03-25,-0.04223024335708381,SNDK
2026-03-26,-0.09258431404454903,SNDK
2026-03-27,0.04050194624376058,SNDK
2026-03-30,-0.0652855115997042,SNDK
2026-03-31,0.07085412076732833,SNDK
2026-04-01,0.07420243267206406,SNDK
2026-04-02,0.011562970709787734,SNDK
2026-04-06,0.026312626904978487,SNDK
2026-04-07,-0.019423032962326836,SNDK
2026-04-08,0.0647574362772172,SNDK
2026-04-09,0.0798926531578914,SNDK
2026-04-10,-0.001206278380985637,SNDK
2026-04-13,0.10148417212657268,SNDK
2026-04-14,-0.02647085758438017,SNDK
2026-04-15,-0.07136359113749169,SNDK
2026-04-16,0.025840419830329253,SNDK
2026-04-17,-0.011347482144999255,SNDK
2026-04-20,-0.005511460838669713,SNDK
2026-04-21,-0.00668216416042533,SNDK
2026-04-22,0.06374594053541216,SNDK
2026-04-23,-0.04316047217025165,SNDK
2026-04-24,0.040863021419669465,SNDK
2026-04-27,0.07746977255463428,SNDK
2026-04-28,-0.05539061233134923,SNDK
2026-04-29,0.053790528206574706,SNDK
2026-04-30,0.02061666449229449,SNDK
2026-05-01,0.06974285886546294,SNDK
2026-05-04,0.058277114616959835,SNDK
2026-05-05,0.10026512867440296,SNDK
2026-05-06,-0.017962339329263166,SNDK
2026-05-07,-0.04974211909788373,SNDK
2026-05-08,0.13037461933960692,SNDK
2026-05-11,-0.012397345899472612,SNDK
2026-05-12,-0.05520586515151926,SNDK
2026-05-13,-0.013811202601143435,SNDK
2026-05-14,-0.052681339908060565,SNDK
2026-05-15,0.03304330117397125,SNDK
2026-05-18,-0.050142073639888984,SNDK
2026-05-19,0.043206683763119536,SNDK
2026-05-20,-0.009749030136756431,SNDK
2026-05-21,0.10018692748158387,SNDK
2026-05-22,-0.04631107777409493,SNDK
2026-05-26,0.05469505827016086,SNDK
2026-05-27,0.0013824688521602013,SNDK
2026-05-28,0.02360392373333564,SNDK
2026-05-29,0.028297872449283723,SNDK
2026-06-01,0.032472773842581404,SNDK
2026-06-02,-0.030514189384134305,SNDK
2026-06-03,0.06754628413444586,SNDK
2026-06-04,-0.03515418770470902,SNDK
2026-06-05,-0.07169092914437769,SNDK
2026-06-08,0.03617017907552267,SNDK
2026-06-09,0.01433510836806029,SNDK
2026-06-10,0.018166402889660205,SNDK
2026-06-11,0.10219289263877407,SNDK
2026-06-12,0.04520524659428116,SNDK
2026-06-15,0.03159547929674744,SNDK
2026-06-16,-0.03757166519999444,SNDK
2026-06-17,-0.006459731742798347,SNDK
2026-06-18,0.08441288755865539,SNDK
2026-06-22,0.04243350309516636,SNDK
2026-06-23,-0.11315872752763845,SNDK
2026-06-24,-0.02108907390215009,SNDK
2026-06-25,0.19050337529226802,SNDK
2026-06-26,-0.09664896728202343,SNDK
2026-06-29,-0.0440241051439596,SNDK
2026-06-30,0.08652010422091738,SNDK
2026-07-01,-0.09692547307136934,SNDK
2026-07-02,-0.13488835385301634,SNDK
2026-07-06,-0.014566689863904969,SNDK
2026-07-07,-0.05672411008924794,SNDK
2026-07-08,0.06265542650089895,SNDK
2026-07-09,0.05665053166463796,SNDK
2026-07-10,0.027473583717730676,SNDK
2026-07-13,-0.11583770787660885,SNDK
2026-07-14,0.037768436459046484,SNDK
2026-07-15,-0.08202622345144484,SNDK
2026-07-16,-0.11840249781057643,SNDK
2026-07-17,-0.025543099054300633,SNDK
2026-07-20,0.025269084880718218,SNDK
2026-07-21,0.11499235886766535,SNDK
2026-07-22,0.011309757749007332,SNDK
2026-07-23,0.026057728977750827,SNDK
2026-07-24,-0.102953599741336,SNDK
2026-07-27,-0.11368661277556136,SNDK
2026-07-28,-0.14395064091628118,SNDK
2026-07-29,-0.05541256222490443,SNDK
2026-07-30,0.1986215066484993,SNDK
2026-07-31,-0.05869918402094676,SNDK
2026-08-03,0.041103777191964674,SNDK
2026-08-04,0.06949096219397966,SNDK
2026-08-05,-0.04644381563381117,SNDK
2026-08-06,-0.06678962825788126,SNDK
2026-08-07,-0.04919676773112691,SNDK
2026-08-10,0.02397942604839365,SNDK
2026-08-11,0.02977346009064341,SNDK
2026-08-12,0.048741824666937106,SNDK
2026-08-13,0.11666645733356784,SNDK
2026-08-14,0.07270808852855648,SNDK
2026-08-17,0.08672424121004152,SNDK
2026-08-18,-0.07738702981587675,SNDK
2026-08-19,-0.022784248559895914,SNDK
2024-01-02,,AMAT
2024-01-03,-0.008458709974431322,AMAT
2024-01-04,-0.009071197859446656,AMAT
2024-01-05,-0.0032638621766603038,AMAT
2024-01-08,-0.0034217924518058496,AMAT
2024-01-09,-0.005476746112399233,AMAT
2024-01-10,-0.014865306958602886,AMAT
2024-01-11,0.012104997064689371,AMAT
2024-01-12,-0.005130131878689603,AMAT
2024-01-16,0.01655644769058462,AMAT
2024-01-17,0.003117214063517615,AMAT
2024-01-18,0.030348627197827938,AMAT
2024-01-19,0.026673300316385706,AMAT
2024-01-22,0.0008365011467734718,AMAT
2024-01-23,-0.011595958776915438,AMAT
2024-01-24,0.036032740570187016,AMAT
2024-01-25,-0.009929669535595487,AMAT
2024-01-26,-0.02778032313004708,AMAT
2024-01-29,-0.0007662148769123078,AMAT
2024-01-30,-0.006705813627132073,AMAT
2024-01-31,0.008042226121277807,AMAT
2024-02-01,0.004413431120782185,AMAT
2024-02-02,-0.009538676047802674,AMAT
2024-02-05,0.01846100704107112,AMAT
2024-02-06,-0.01205845485501289,AMAT
2024-02-07,0.002718730222026622,AMAT
2024-02-08,0.015494428272328165,AMAT
2024-02-09,0.05666827769193716,AMAT
2024-02-12,0.0023046383269829107,AMAT
2024-02-13,-0.012873224770446612,AMAT
2024-02-14,0.02125199045721793,AMAT
2024-02-15,0.004890774172532808,AMAT
2024-02-16,0.07064236865389795,AMAT
2024-02-20,-0.046100928500115046,AMAT
2024-02-21,0.011975194242628717,AMAT
2024-02-22,0.01935147671698445,AMAT
2024-02-23,-0.010001623518715697,AMAT
2024-02-26,0.032422760623746605,AMAT
2024-02-27,-0.005797938595901719,AMAT
2024-02-28,-0.02123637935901801,AMAT
2024-02-29,0.011910971957396654,AMAT
2024-03-01,0.026967779589854857,AMAT
2024-03-04,-4.683130342453268e-05,AMAT
2024-03-05,0.008037743097228045,AMAT
2024-03-06,0.016522798222620594,AMAT
2024-03-07,-0.01299239466077129,AMAT
2024-03-08,-0.019181391702794315,AMAT
2024-03-11,-0.016874327191811922,AMAT
2024-03-12,0.003340053060641779,AMAT
2024-03-13,-0.013888149164368535,AMAT
2024-03-14,0.0034713418468514945,AMAT
2024-03-15,0.0014421563559121608,AMAT
2024-03-18,0.0009241459583018141,AMAT
2024-03-19,0.0005455900316464479,AMAT
2024-03-20,0.006520962847027967,AMAT
2024-03-21,0.022886023955045687,AMAT
2024-03-22,-0.003755703774463548,AMAT
2024-03-25,-0.004914086528315487,AMAT
2024-03-26,-0.005381182767378867,AMAT
2024-03-27,0.0030145185413283926,AMAT
2024-03-28,-0.006700856497946717,AMAT
2024-04-01,0.00974284899078981,AMAT
2024-04-02,-0.003772074284578153,AMAT
2024-04-03,0.003901053391513365,AMAT
2024-04-04,-0.004018784589801427,AMAT
2024-04-05,0.009976283005384445,AMAT
2024-04-08,0.005413802833707848,AMAT
2024-04-09,0.0028397231006733747,AMAT
2024-04-10,0.0032386227896710196,AMAT
2024-04-11,0.0018263029034955025,AMAT
2024-04-12,-0.008262984413486052,AMAT
2024-04-15,0.006044412896775597,AMAT
2024-04-16,0.01821409597964241,AMAT
2024-04-17,-0.03458482362404158,AMAT
2024-04-18,-0.02253826894779909,AMAT
2024-04-19,-0.002787106766604097,AMAT
2024-04-22,-0.011641504414975579,AMAT
2024-04-23,0.004942619506480561,AMAT
2024-04-24,0.011105645916853923,AMAT
2024-04-25,0.012159491761984498,AMAT
2024-04-26,0.014023730941246981,AMAT
2024-04-29,0.005148893536154553,AMAT
2024-04-30,-0.013696642310817353,AMAT
2024-05-01,-0.016480882426445298,AMAT
2024-05-02,0.007323192455914729,AMAT
2024-05-03,0.010849463489031486,AMAT
2024-05-06,0.012209260465477989,AMAT
2024-05-07,-0.007559559452338327,AMAT
2024-05-08,0.0007834896589402618,AMAT
2024-05-09,-0.007158668379014799,AMAT
2024-05-10,0.013988549533321404,AMAT
2024-05-13,-0.017195755684018543,AMAT
2024-05-14,0.008908628395817964,AMAT
2024-05-15,0.02039352347028789,AMAT
2024-05-16,-0.01400338802124601,AMAT
2024-05-17,-0.0086657206844718,AMAT
2024-05-20,0.029488281153613904,AMAT
2024-05-21,-0.00263679852544918,AMAT
2024-05-22,-0.005516149295340611,AMAT
2024-05-23,0.0035913499292128392,AMAT
2024-05-24,0.003987210106709327,AMAT
2024-05-28,-0.0018257535577523853,AMAT
2024-05-29,-0.0032363716614609572,AMAT
2024-05-30,-0.0007536420702800584,AMAT
2024-05-31,-0.004903070110376717,AMAT
2024-06-03,-0.009408335092115472,AMAT
2024-06-04,-0.01206601602023838,AMAT
2024-06-05,0.031246702646654967,AMAT
2024-06-06,-0.006933558533680717,AMAT
2024-06-07,0.0007948546408753643,AMAT
2024-06-10,0.02455573284772683,AMAT
2024-06-11,0.001062563973937003,AMAT
2024-06-12,0.019837181053051545,AMAT
2024-06-13,-0.005826172660829521,AMAT
2024-06-14,-0.0073593556083357825,AMAT
2024-06-17,0.012122972325766312,AMAT
2024-06-18,0.019948681399726276,AMAT
2024-06-20,-0.024407804016136403,AMAT
2024-06-21,-0.01658591466091508,AMAT
2024-06-24,-0.012495262820766406,AMAT
2024-06-25,0.0077202519962167315,AMAT
2024-06-26,-0.011067587162011172,AMAT
2024-06-27,-0.001028522402674703,AMAT
2024-06-28,0.019974614648585742,AMAT
2024-07-01,0.00015130956930864414,AMAT
2024-07-02,0.0039822780203415675,AMAT
2024-07-03,0.0018178548251608362,AMAT
2024-07-05,-0.013336450800785826,AMAT
2024-07-08,0.012761586812861658,AMAT
2024-07-09,0.019949766200921815,AMAT
2024-07-10,0.0034497043600980604,AMAT
2024-07-11,-0.033096417707555226,AMAT
2024-07-12,0.002973300845959592,AMAT
2024-07-15,0.0061101716489604385,AMAT
2024-07-16,0.0007974416341385293,AMAT
2024-07-17,-0.08094081447810453,AMAT
2024-07-18,-0.006313699513463611,AMAT
2024-07-19,-0.025640347620441872,AMAT
2024-07-22,0.046144638974555896,AMAT
2024-07-23,-0.013711032746431151,AMAT
2024-07-24,-0.025060460291832953,AMAT
2024-07-25,-0.009505859689855178,AMAT
2024-07-26,0.010100608566713909,AMAT
2024-07-29,-0.006375284549707594,AMAT
2024-07-30,-0.030076915199291676,AMAT
2024-07-31,0.04648170295657472,AMAT
2024-08-01,-0.05336525447115381,AMAT
2024-08-02,-0.05266091926368688,AMAT
2024-08-05,0.03070982326711036,AMAT
2024-08-06,-0.0017334087637657092,AMAT
2024-08-07,-0.01564511096039567,AMAT
2024-08-08,0.0351377437909024,AMAT
2024-08-09,-0.0019082021003962168,AMAT
2024-08-12,0.007789874045493583,AMAT
2024-08-13,0.014643143493349164,AMAT
2024-08-14,0.0038006602834652625,AMAT
2024-08-15,0.024400392994323283,AMAT
2024-08-16,-0.02001190490738658,AMAT
2024-08-19,0.0014661739712016342,AMAT
2024-08-20,-0.020820360489969048,AMAT
2024-08-21,0.009602407535665769,AMAT
2024-08-22,-0.02569481583574973,AMAT
2024-08-23,0.001474933269443035,AMAT
2024-08-26,-0.02253588689593844,AMAT
2024-08-27,-0.005329708088943619,AMAT
2024-08-28,-0.0034081368005036694,AMAT
2024-08-29,0.0019314609451361875,AMAT
2024-08-30,0.01008712932050404,AMAT
2024-09-03,-0.042185480748820225,AMAT
2024-09-04,-0.002811306624786347,AMAT
2024-09-05,-0.012736306448272394,AMAT
2024-09-06,-0.0037804390999758297,AMAT
2024-09-09,0.0031181119635279586,AMAT
2024-09-10,-0.00638711680166093,AMAT
2024-09-11,0.021876660578825202,AMAT
2024-09-12,-0.02455898410446622,AMAT
2024-09-13,0.023835684212072827,AMAT
2024-09-16,-0.00030564963749490914,AMAT
2024-09-17,0.004841719687293633,AMAT
2024-09-18,-0.008737571813493439,AMAT
2024-09-19,0.030261811780508907,AMAT
2024-09-20,-0.021497070008668295,AMAT
2024-09-23,0.007088795387264035,AMAT
2024-09-24,0.0092100133962143,AMAT
2024-09-25,0.0017629324685541903,AMAT
2024-09-26,0.05298773079618435,AMAT
2024-09-27,-0.0170566090235722,AMAT
2024-09-30,-0.016812436548963916,AMAT
2024-10-01,-0.010266488436742272,AMAT
2024-10-02,0.018420408619518547,AMAT
2024-10-03,-0.00703824859491764,AMAT
2024-10-04,2.5934720902398567e-05,AMAT
2024-10-07,0.001617587946117105,AMAT
2024-10-08,-0.011083671036223208,AMAT
2024-10-09,0.01275726897347873,AMAT
2024-10-10,-0.004242416985540842,AMAT
2024-10-11,0.0038167006805363,AMAT
2024-10-14,0.033802793909059936,AMAT
2024-10-15,-0.09962678915394729,AMAT
2024-10-16,-0.03436308188554715,AMAT
2024-10-17,-0.008032879902549972,AMAT
2024-10-18,0.010350193342502756,AMAT
2024-10-21,-0.012166954978897415,AMAT
2024-10-22,-0.009035996191197881,AMAT
2024-10-23,0.013801951485847397,AMAT
2024-10-24,-0.0023454828582041287,AMAT
2024-10-25,0.00888720292624523,AMAT
2024-10-28,-0.006508124100315094,AMAT
2024-10-29,0.015901034141337256,AMAT
2024-10-30,-0.018093188866666665,AMAT
2024-10-31,0.0052872209161893835,AMAT
2024-11-01,0.0024922828356936932,AMAT
2024-11-04,-0.005625814239595961,AMAT
2024-11-05,0.012630615515240251,AMAT
2024-11-06,-0.021239369886457915,AMAT
2024-11-07,0.01881475987444947,AMAT
2024-11-08,-0.011837968234775786,AMAT
2024-11-11,-0.017651686160694346,AMAT
2024-11-12,-0.008583822741831781,AMAT
2024-11-13,-0.019395425376494302,AMAT
2024-11-14,0.024382729242867107,AMAT
2024-11-15,-0.07244382097139379,AMAT
2024-11-18,0.003971293097725592,AMAT
2024-11-19,-0.015208206579502281,AMAT
2024-11-20,0.007521462924739986,AMAT
2024-11-21,0.029144122405273087,AMAT
2024-11-22,-0.00656522067326204,AMAT
2024-11-25,-0.0034692990920586197,AMAT
2024-11-26,-0.01311905447159134,AMAT
2024-11-27,-0.0030092362189240163,AMAT
2024-11-29,0.010845746467636808,AMAT
2024-12-02,0.0370040724054288,AMAT
2024-12-03,-0.0036618491982691737,AMAT
2024-12-04,-0.02326666234575203,AMAT
2024-12-05,-0.04893683892765033,AMAT
2024-12-06,-0.0031714177647792496,AMAT
2024-12-09,0.0010908747972253607,AMAT
2024-12-10,-0.018291454114713446,AMAT
2024-12-11,-0.0002957211626908318,AMAT
2024-12-12,-0.005577032056302222,AMAT
2024-12-13,-0.006029660338782605,AMAT
2024-12-16,-0.013943397111034983,AMAT
2024-12-17,0.00988811784273036,AMAT
2024-12-18,0.0076161872150013465,AMAT
2024-12-19,-0.020072321348958866,AMAT
2024-12-20,0.004535420328476647,AMAT
2024-12-23,0.013685471364613733,AMAT
2024-12-24,-0.008049426781998825,AMAT
2024-12-26,-0.004202380899982927,AMAT
2024-12-27,0.009075724027738374,AMAT
2024-12-30,-0.005917393448334529,AMAT
2024-12-31,0.0023398005316499493,AMAT
2025-01-02,0.009553813166043312,AMAT
2025-01-03,0.020845274955002324,AMAT
2025-01-06,0.031279153938200466,AMAT
2025-01-07,0.019919396513704335,AMAT
2025-01-08,-0.004853325437038869,AMAT
2025-01-10,-0.014830462253090815,AMAT
2025-01-13,-0.001394039167647243,AMAT
2025-01-14,0.017147236534073684,AMAT
2025-01-15,0.004128788238119796,AMAT
2025-01-16,0.05143845509144551,AMAT
2025-01-17,0.012694067988312518,AMAT
2025-01-21,-0.00158713341703276,AMAT
2025-01-22,0.0008902388141462936,AMAT
2025-01-23,-0.027033754130970422,AMAT
2025-01-24,-0.015263422037778973,AMAT
2025-01-27,-0.03789810851708175,AMAT
2025-01-28,-0.024573556946890562,AMAT
2025-01-29,0.01584015886824197,AMAT
2025-01-30,0.03182924679226673,AMAT
2025-01-31,-0.0061135287903031355,AMAT
2025-02-03,-0.0005961839269881253,AMAT
2025-02-04,-0.0135437234339717,AMAT
2025-02-05,0.007219793457292845,AMAT
2025-02-06,0.006514403975779182,AMAT
2025-02-07,-0.002742457595124037,AMAT
2025-02-10,0.00809717288460643,AMAT
2025-02-11,-0.0001243883590378303,AMAT
2025-02-12,-0.013276140892239496,AMAT
2025-02-13,0.00422978655965256,AMAT
2025-02-14,-0.08951084373045592,AMAT
2025-02-18,0.014148768270808354,AMAT
2025-02-19,0.011627472350262735,AMAT
2025-02-20,0.017695048200476293,AMAT
2025-02-21,-0.0021895052573519536,AMAT
2025-02-24,-0.008152441019811718,AMAT
2025-02-25,-0.005458993552359459,AMAT
2025-02-26,0.015369122349011555,AMAT
2025-02-27,-0.04488065791573881,AMAT
2025-02-28,-0.0065799420782459705,AMAT
2025-03-03,-0.01617722749842354,AMAT
2025-03-04,0.007874831773562185,AMAT
2025-03-05,0.0029480361240015185,AMAT
2025-03-06,0.0032566442714410115,AMAT
2025-03-07,0.019626429698117676,AMAT
2025-03-10,0.0022933506408904236,AMAT
2025-03-11,-0.017810568626062562,AMAT
2025-03-12,0.0027665850764959643,AMAT
2025-03-13,0.02410706371787885,AMAT
2025-03-14,0.013489316487019565,AMAT
2025-03-17,-0.007748432885988699,AMAT
2025-03-18,0.004571747086233202,AMAT
2025-03-19,-0.007123163308099478,AMAT
2025-03-20,0.002877252238782546,AMAT
2025-03-21,-0.01803876436193974,AMAT
2025-03-24,-0.0032742381378367824,AMAT
2025-03-25,-0.014180654576823493,AMAT
2025-03-26,-0.0008817663720996904,AMAT
2025-03-27,-0.014396344628111457,AMAT
2025-03-28,0.008780280090856074,AMAT
2025-03-31,0.00045617182188717464,AMAT
2025-04-01,-0.004314679030841262,AMAT
2025-04-02,0.006974600467188452,AMAT
2025-04-03,-0.031456479124905457,AMAT
2025-04-04,-0.0011307476957878038,AMAT
2025-04-07,0.043017181900637524,AMAT
2025-04-08,-0.011545763220568439,AMAT
2025-04-09,0.035975069297628615,AMAT
2025-04-10,-0.036378956265870066,AMAT
2025-04-11,0.02907306350477956,AMAT
2025-04-14,-0.0095880554177592,AMAT
2025-04-15,0.005231025031052994,AMAT
2025-04-16,-0.020585408312636666,AMAT
2025-04-17,-0.005116277896017429,AMAT
2025-04-21,0.01113932302566667,AMAT
2025-04-22,-0.005902554547493111,AMAT
2025-04-23,0.015042360208281202,AMAT
2025-04-24,0.017126942188400385,AMAT
2025-04-25,-0.0019386504164211615,AMAT
2025-04-28,-0.004709957509570373,AMAT
2025-04-29,-0.014840000391020958,AMAT
2025-04-30,0.007852979774769508,AMAT
2025-05-01,-0.024655766745431684,AMAT
2025-05-02,0.025657499928007255,AMAT
2025-05-05,0.002785684766359431,AMAT
2025-05-06,-0.0009265883189852886,AMAT
2025-05-07,0.014085267402118795,AMAT
2025-05-08,-0.009053393094451856,AMAT
2025-05-09,-0.0018476205292632386,AMAT
2025-05-12,0.0366196845272011,AMAT
2025-05-13,0.01443451583788935,AMAT
2025-05-14,0.0004194613170831474,AMAT
2025-05-15,0.0023984922311006684,AMAT
2025-05-16,-0.058305522554997324,AMAT
2025-05-19,0.0012740336981638123,AMAT
2025-05-20,0.0020723991812001685,AMAT
2025-05-21,-0.007350681423681671,AMAT
2025-05-22,-0.00962643920855566,AMAT
2025-05-23,-0.009625860337120429,AMAT
2025-05-27,0.003804569646534972,AMAT
2025-05-28,0.002957917007909927,AMAT
2025-05-29,-0.015107506596500286,AMAT
2025-05-30,-0.01568808083754014,AMAT
2025-06-02,-0.004555332657401934,AMAT
2025-06-03,0.02023961891162962,AMAT
2025-06-04,-0.0016100818872235578,AMAT
2025-06-05,0.021415666534378097,AMAT
2025-06-06,0.005683593480260818,AMAT
2025-06-09,0.016655490629430503,AMAT
2025-06-10,0.016578387846284848,AMAT
2025-06-11,-0.0022805679793602707,AMAT
2025-06-12,0.010364142215480321,AMAT
2025-06-13,-0.012888877530263798,AMAT
2025-06-16,0.02052697896382849,AMAT
2025-06-17,-0.0042325797393960585,AMAT
2025-06-18,-0.0070360963189362025,AMAT
2025-06-20,-0.015657775421538567,AMAT
2025-06-23,0.004415175808909488,AMAT
2025-06-24,0.03151805198442492,AMAT
2025-06-25,0.013359187084231117,AMAT
2025-06-26,-0.006851938896826226,AMAT
2025-06-27,-0.005108284653291051,AMAT
2025-06-30,-0.0072205297635719035,AMAT
2025-07-01,0.012227010675810668,AMAT
2025-07-02,0.02650489783337573,AMAT
2025-07-03,-0.00433351728878506,AMAT
2025-07-07,0.006146960904066745,AMAT
2025-07-08,0.021266117576558052,AMAT
2025-07-09,-0.005004823522476443,AMAT
2025-07-10,0.014860195282586197,AMAT
2025-07-11,0.0017479479844091372,AMAT
2025-07-14,-0.007822559054624811,AMAT
2025-07-15,0.010133405953406616,AMAT
2025-07-16,-0.023759631417241245,AMAT
2025-07-17,-0.019884840389339686,AMAT
2025-07-18,-0.009901210318046694,AMAT
2025-07-21,0.00615881893522463,AMAT
2025-07-22,-0.02362120294258485,AMAT
2025-07-23,-0.005245978615713298,AMAT
2025-07-24,0.0037919778506472213,AMAT
2025-07-25,-0.015405394132376848,AMAT
2025-07-28,0.021244978184371988,AMAT
2025-07-29,-0.008273438918767972,AMAT
2025-07-30,0.003849035160892633,AMAT
2025-07-31,-0.04520507137204621,AMAT
2025-08-01,0.019506451743973585,AMAT
2025-08-04,-0.002682552879673672,AMAT
2025-08-05,-0.013466111864277153,AMAT
2025-08-06,-0.01815830430743759,AMAT
2025-08-07,0.024357057695065798,AMAT
2025-08-08,6.237702451894478e-05,AMAT
2025-08-11,0.00030941689896302194,AMAT
2025-08-12,0.00934352548703643,AMAT
2025-08-13,0.007849268390684117,AMAT
2025-08-14,-0.008688725597978397,AMAT
2025-08-15,-0.1471968518445621,AMAT
2025-08-18,0.011281339097595655,AMAT
2025-08-19,0.005617573613275972,AMAT
2025-08-20,-0.0018427855312665997,AMAT
2025-08-21,0.0005199598566161256,AMAT
2025-08-22,0.0011336290324601705,AMAT
2025-08-25,-0.00019297371495330395,AMAT
2025-08-26,0.011429379955408159,AMAT
2025-08-27,-0.002265435387174719,AMAT
2025-08-28,-0.0009014699304445983,AMAT
2025-08-29,-0.016024857595083652,AMAT
2025-09-02,-0.011627475849336655,AMAT
2025-09-03,-0.01624898999071167,AMAT
2025-09-04,0.0036446021938996154,AMAT
2025-09-05,0.02666071630162925,AMAT
2025-09-08,-0.009176450991940754,AMAT
2025-09-09,0.0060788936916837955,AMAT
2025-09-10,-0.0008167867883264179,AMAT
2025-09-11,0.03455327707580125,AMAT
2025-09-12,-0.018314959769781147,AMAT
2025-09-15,0.009960617694046547,AMAT
2025-09-16,0.015999427667381383,AMAT
2025-09-17,0.028103603261042664,AMAT
2025-09-18,0.054269800212714436,AMAT
2025-09-19,-0.004956264454675008,AMAT
2025-09-22,0.047461042333730497,AMAT
2025-09-23,0.008408373674558156,AMAT
2025-09-24,0.006350447332184039,AMAT
2025-09-25,-0.004855580603190468,AMAT
2025-09-26,0.017309853011637344,AMAT
2025-09-29,0.00041785727648324666,AMAT
2025-09-30,-0.003760620341281218,AMAT
2025-10-01,0.05677538243332858,AMAT
2025-10-02,0.022409703057865826,AMAT
2025-10-03,-0.023258684013666375,AMAT
2025-10-06,0.021425360989152153,AMAT
2025-10-07,-0.051456007637905365,AMAT
2025-10-08,0.016337454582052935,AMAT
2025-10-09,0.013956576249685604,AMAT
2025-10-10,-0.012789879028315632,AMAT
2025-10-13,0.023392477252259347,AMAT
2025-10-14,0.0007885528587108226,AMAT
2025-10-15,0.03510356103374335,AMAT
2025-10-16,0.00432476046783048,AMAT
2025-10-17,-0.018606227704707656,AMAT
2025-10-20,0.0013377672453911416,AMAT
2025-10-21,-0.009119212260350729,AMAT
2025-10-22,-0.014684544486518902,AMAT
2025-10-23,0.02686390155811136,AMAT
2025-10-24,-0.0093968539852467,AMAT
2025-10-27,-0.006436980549282545,AMAT
2025-10-28,-0.023740365594195012,AMAT
2025-10-29,0.030513564049587494,AMAT
2025-10-30,0.0017401064449122927,AMAT
2025-10-31,-0.0024501032566348613,AMAT
2025-11-03,0.014810541501261376,AMAT
2025-11-04,-0.011639626635282063,AMAT
2025-11-05,0.03894856422553161,AMAT
2025-11-06,-0.012226896609938365,AMAT
2025-11-07,-0.011766564232509324,AMAT
2025-11-10,-0.0003407769032843788,AMAT
2025-11-11,-0.024978830974376365,AMAT
2025-11-12,0.009756847904033528,AMAT
2025-11-13,-0.012418195091813189,AMAT
2025-11-14,0.01162082810443632,AMAT
2025-11-17,0.020452866750608756,AMAT
2025-11-18,-0.0035707318260254084,AMAT
2025-11-19,0.03755256511395633,AMAT
2025-11-20,-0.03955134659307902,AMAT
2025-11-21,0.009533559878251552,AMAT
2025-11-24,0.005085704104037525,AMAT
2025-11-25,0.04266395253004873,AMAT
2025-11-26,0.021707231913786096,AMAT
2025-11-28,0.001005148432099645,AMAT
2025-12-01,0.013226713275384938,AMAT
2025-12-02,0.03289593283660874,AMAT
2025-12-03,0.00991993386357759,AMAT
2025-12-04,0.003941373176453489,AMAT
2025-12-05,-0.009427852679806392,AMAT
2025-12-08,0.0025171011854565606,AMAT
2025-12-09,-0.005043505292396944,AMAT
2025-12-10,0.025456127631157344,AMAT
2025-12-11,-0.01524741006947039,AMAT
2025-12-12,-0.021887371856847082,AMAT
2025-12-15,0.012947903547511075,AMAT
2025-12-16,-0.011324050574962108,AMAT
2025-12-17,-0.022982298890386943,AMAT
2025-12-18,0.006460723819677661,AMAT
2025-12-19,-0.0015370515575430233,AMAT
2025-12-22,0.005306804905390372,AMAT
2025-12-23,2.684488753867953e-05,AMAT
2025-12-24,-0.0008101765792449811,AMAT
2025-12-26,0.004349730328399026,AMAT
2025-12-29,0.009233886826772952,AMAT
2025-12-30,-0.009455857568023696,AMAT
2025-12-31,-0.0032291088601841267,AMAT
2026-01-02,0.04712970453771348,AMAT
2026-01-05,0.04796086664073851,AMAT
2026-01-06,0.03154478629781998,AMAT
2026-01-07,-0.013916807811214404,AMAT
2026-01-08,-0.03110359913958849,AMAT
2026-01-09,0.057167357139712216,AMAT
2026-01-12,0.01909175557603149,AMAT
2026-01-13,-0.006259802976707363,AMAT
2026-01-14,0.0009175480230680932,AMAT
2026-01-15,0.05178607133260016,AMAT
2026-01-16,0.025385658131073185,AMAT
2026-01-20,-0.005740195737494069,AMAT
2026-01-21,0.008360996169417767,AMAT
2026-01-22,-0.027273763107818816,AMAT
2026-01-23,0.008045976008579814,AMAT
2026-01-26,-0.013489387300169575,AMAT
2026-01-27,0.031614748632597056,AMAT
2026-01-28,0.008763455774999152,AMAT
2026-01-29,0.01954146698128767,AMAT
2026-01-30,-0.04525064027536452,AMAT
2026-02-02,0.011844678003477327,AMAT
2026-02-03,-0.014593035380156216,AMAT
2026-02-04,-0.05078241856456156,AMAT
2026-02-05,0.035744399252475745,AMAT
2026-02-06,0.03822188774430124,AMAT
2026-02-09,0.017053298004337414,AMAT
2026-02-10,0.00010217121096633974,AMAT
2026-02-11,0.029643630947428612,AMAT
2026-02-12,-0.013842144908140952,AMAT
2026-02-13,0.07553350376687717,AMAT
2026-02-17,0.012850923306004347,AMAT
2026-02-18,0.020485353325081057,AMAT
2026-02-19,0.006517519658899573,AMAT
2026-02-20,0.006085482064329462,AMAT
2026-02-23,0.007342452821656131,AMAT
2026-02-24,0.0009729435397431985,AMAT
2026-02-25,0.02966098333955891,AMAT
2026-02-26,-0.037776976734615,AMAT
2026-02-27,-0.005938363068840324,AMAT
2026-03-02,-0.001638878898500451,AMAT
2026-03-03,-0.046916827192057475,AMAT
2026-03-04,0.003036743871386527,AMAT
2026-03-05,-0.028875615619806894,AMAT
2026-03-06,-0.04978703593005296,AMAT
2026-03-09,0.029531053786536532,AMAT
2026-03-10,0.02025232343767236,AMAT
2026-03-11,0.015025434190464537,AMAT
2026-03-12,-0.022789635278522624,AMAT
2026-03-13,0.018496616004447297,AMAT
2026-03-16,0.0023682357017804634,AMAT
2026-03-17,0.01310994195703774,AMAT
2026-03-18,0.005518387853610918,AMAT
2026-03-19,0.025071351506679385,AMAT
2026-03-20,0.01823462721659208,AMAT
2026-03-23,0.0017464937316571394,AMAT
2026-03-24,0.04002538398899347,AMAT
2026-03-25,-0.019065524845124138,AMAT
2026-03-26,-0.06288844949750327,AMAT
2026-03-27,0.015645544489237828,AMAT
2026-03-30,-0.03489077121276729,AMAT
2026-03-31,0.022879270084699144,AMAT
2026-04-01,0.0222576562989234,AMAT
2026-04-02,-0.016325558886443936,AMAT
2026-04-06,0.0058394825956513685,AMAT
2026-04-07,0.004628393290384558,AMAT
2026-04-08,0.055640867635099234,AMAT
2026-04-09,0.024120840171897306,AMAT
2026-04-10,0.0027731123206642394,AMAT
2026-04-13,-0.019745893346829746,AMAT
2026-04-14,-0.01822160492119007,AMAT
2026-04-15,-0.01739652175055273,AMAT
2026-04-16,-0.0159251033019574,AMAT
2026-04-17,0.0048955522789801975,AMAT
2026-04-20,-0.01031323024527353,AMAT
2026-04-21,0.010706673345970863,AMAT
2026-04-22,0.0063467034748239115,AMAT
2026-04-23,0.006713782936843771,AMAT
2026-04-24,0.013043154445681715,AMAT
2026-04-27,-0.030167891112041545,AMAT
2026-04-28,-0.05034563581756846,AMAT
2026-04-29,-0.0022190377601640776,AMAT
2026-04-30,0.021346819018021712,AMAT
2026-05-01,-0.023362670784690565,AMAT
2026-05-04,0.007779636112086763,AMAT
2026-05-05,0.035585672004958546,AMAT
2026-05-06,0.021853975653062463,AMAT
2026-05-07,-0.04166009267483606,AMAT
2026-05-08,0.035469742852641595,AMAT
2026-05-11,0.015719090682439152,AMAT
2026-05-12,-0.019878337717122108,AMAT
2026-05-13,0.0019614047303582183,AMAT
2026-05-14,0.0019238527515490489,AMAT
2026-05-15,0.006219213604602203,AMAT
2026-05-18,-0.049924824508148724,AMAT
2026-05-19,-0.010053275593650213,AMAT
2026-05-20,0.031412480421148636,AMAT
2026-05-21,0.0005313106152176061,AMAT
2026-05-22,0.006937483328491645,AMAT
2026-05-26,0.03366035646200327,AMAT
2026-05-27,-0.0135673371389462,AMAT
2026-05-28,-0.00521049461969092,AMAT
2026-05-29,-0.0028326069094672945,AMAT
2026-06-01,0.011877115834863616,AMAT
2026-06-02,0.06267313773572525,AMAT
2026-06-03,0.024256231729706812,AMAT
2026-06-04,0.0067045745937885926,AMAT
2026-06-05,-0.05289685260325516,AMAT
2026-06-08,0.06741495309216017,AMAT
2026-06-09,0.025776598418111973,AMAT
2026-06-10,0.01576207238904459,AMAT
2026-06-11,0.07287870189921986,AMAT
2026-06-12,0.020225863773587704,AMAT
2026-06-15,0.0012137684938542392,AMAT
2026-06-16,-0.01122976448601154,AMAT
2026-06-17,0.05265467888693731,AMAT
2026-06-18,0.015231360271867445,AMAT
2026-06-22,0.039215371522785425,AMAT
2026-06-23,-0.05515096870153169,AMAT
2026-06-24,0.009515058778392316,AMAT
2026-06-25,0.11784003701169521,AMAT
2026-06-26,-0.04973758472233847,AMAT
2026-06-29,0.07815201015304218,AMAT
2026-06-30,0.023143899927442924,AMAT
2026-07-01,-0.08967048366137309,AMAT
2026-07-02,-0.05890198181405726,AMAT
2026-07-06,-0.031383345133539464,AMAT
2026-07-07,-0.04807494262698331,AMAT
2026-07-08,0.025617094368477922,AMAT
2026-07-09,0.014830178068200972,AMAT
2026-07-10,0.020160537230376363,AMAT
2026-07-13,-0.026877361329045613,AMAT
2026-07-14,0.023581203246724414,AMAT
2026-07-15,-0.024979161810160022,AMAT
2026-07-16,-0.01587162019312771,AMAT
2026-07-17,-0.0422171930336086,AMAT
2026-07-20,-0.008553791920440368,AMAT
2026-07-21,0.05292088976923637,AMAT
2026-07-22,-0.013889618579784546,AMAT
2026-07-23,0.035069979089930925,AMAT
2026-07-24,-0.037089740940992044,AMAT
2026-07-27,-0.03368185441017957,AMAT
2026-07-28,-0.07167910874982297,AMAT
2026-07-29,-0.06712915630735328,AMAT
2026-07-30,0.10702577604640773,AMAT
2026-07-31,0.005215330938378671,AMAT
2026-08-03,0.00314289951167801,AMAT
2026-08-04,0.01996943144236063,AMAT
2026-08-05,-0.013818687046372347,AMAT
2026-08-06,-0.009033045406872553,AMAT
2026-08-07,0.010206582624004312,AMAT
2026-08-10,-0.02908592097271523,AMAT
2026-08-11,0.010024706283266127,AMAT
2026-08-12,0.03470872359075905,AMAT
2026-08-13,-0.036641682874388515,AMAT
2026-08-14,-0.051173643735311636,AMAT
2026-08-17,0.05562285306508841,AMAT
2026-08-18,-0.02290136678462229,AMAT
2026-08-19,-0.039089824355587055,AMAT
2024-01-02,,LRCX
2024-01-03,-0.0060086182854446335,LRCX
2024-01-04,-0.0028102982782103325,LRCX
2024-01-05,0.0006184378827747139,LRCX
2024-01-08,0.012790678816072543,LRCX
2024-01-09,-0.008785196631241554,LRCX
2024-01-10,-0.00985807430599106,LRCX
2024-01-11,0.011843329968653116,LRCX
2024-01-12,-0.001210349778588693,LRCX
2024-01-16,0.0020309730415473126,LRCX
2024-01-17,-0.005228141159549615,LRCX
2024-01-18,0.028484574251841366,LRCX
2024-01-19,0.030833836666725567,LRCX
2024-01-22,0.007394478164107099,LRCX
2024-01-23,-0.007927300275787807,LRCX
2024-01-24,0.01564025350054621,LRCX
2024-01-25,0.01913294717266112,LRCX
2024-01-26,-0.025189136924868016,LRCX
2024-01-29,-0.002163970021435091,LRCX
2024-01-30,-0.005226683170300284,LRCX
2024-01-31,0.00699266147870059,LRCX
2024-02-01,-0.003211433929929619,LRCX
2024-02-02,-0.00899097433768592,LRCX
2024-02-05,0.01624139884699094,LRCX
2024-02-06,-0.017802443622855435,LRCX
2024-02-07,0.006302848619132995,LRCX
2024-02-08,0.016621977491356965,LRCX
2024-02-09,0.0433951404871058,LRCX
2024-02-12,-1.4645862679962818e-05,LRCX
2024-02-13,-0.0013971680778910311,LRCX
2024-02-14,0.014723194301272002,LRCX
2024-02-15,-0.0050724066628804465,LRCX
2024-02-16,0.022425881130549108,LRCX
2024-02-20,-0.020446274284524613,LRCX
2024-02-21,0.005663258952244732,LRCX
2024-02-22,0.017115140143189933,LRCX
2024-02-23,-0.01398811406864553,LRCX
2024-02-26,0.011516218706034032,LRCX
2024-02-27,-0.010992916959947863,LRCX
2024-02-28,-0.0033587931408218807,LRCX
2024-02-29,0.008212130792902173,LRCX
2024-03-01,0.030151198184833028,LRCX
2024-03-04,-0.0005193868161734727,LRCX
2024-03-05,0.0032511703050506213,LRCX
2024-03-06,0.013027500279463311,LRCX
2024-03-07,-0.0022022644883801235,LRCX
2024-03-08,-0.02433263532387908,LRCX
2024-03-11,-0.023244181996635582,LRCX
2024-03-12,0.008778347306142464,LRCX
2024-03-13,-0.017978915397271145,LRCX
2024-03-14,0.0014123423047163186,LRCX
2024-03-15,-0.0050269795258142125,LRCX
2024-03-18,0.007060676716737824,LRCX
2024-03-19,0.003728098014393666,LRCX
2024-03-20,0.0073931957478468036,LRCX
2024-03-21,0.02995750445462253,LRCX
2024-03-22,-0.005907488190482368,LRCX
2024-03-25,-0.002971486473725804,LRCX
2024-03-26,-0.0011208444077803748,LRCX
2024-03-27,-0.005014403384294042,LRCX
2024-03-28,0.007936222615390065,LRCX
2024-04-01,0.008349194212397215,LRCX
2024-04-02,-0.006170054850595186,LRCX
2024-04-03,0.009106476652353201,LRCX
2024-04-04,-0.012302938946930908,LRCX
2024-04-05,0.005939872879252128,LRCX
2024-04-08,-0.0016589243771782947,LRCX
2024-04-09,0.00257337084357534,LRCX
2024-04-10,-0.0033264558427097413,LRCX
2024-04-11,0.00661508530357402,LRCX
2024-04-12,-0.011181584520005394,LRCX
2024-04-15,0.005164722608239636,LRCX
2024-04-16,0.017777265626863326,LRCX
2024-04-17,-0.04209098885240792,LRCX
2024-04-18,-0.02019500741982494,LRCX
2024-04-19,-0.00032056305184280376,LRCX
2024-04-22,-0.012514604938481,LRCX
2024-04-23,0.007233394998741538,LRCX
2024-04-24,-0.006237082833561836,LRCX
2024-04-25,0.023405245033043087,LRCX
2024-04-26,0.010852775363531464,LRCX
2024-04-29,-0.000341524733418197,LRCX
2024-04-30,-0.01870360412528438,LRCX
2024-05-01,-0.022600516074715138,LRCX
2024-05-02,0.005105384931481716,LRCX
2024-05-03,0.007833731582944203,LRCX
2024-05-06,0.006574659032920316,LRCX
2024-05-07,-0.010629570807620503,LRCX
2024-05-08,-0.0011926037880547469,LRCX
2024-05-09,-0.008483991171333471,LRCX
2024-05-10,0.006289940468076516,LRCX
2024-05-13,-0.015090661153661422,LRCX
2024-05-14,0.00322325541638957,LRCX
2024-05-15,0.022349507682579706,LRCX
2024-05-16,-0.0030971931525574092,LRCX
2024-05-17,-0.032756697696015635,LRCX
2024-05-20,0.025382701283453102,LRCX
2024-05-21,0.02108889156870397,LRCX
2024-05-22,0.002032098364268542,LRCX
2024-05-23,-0.0034337160207122963,LRCX
2024-05-24,0.0034879452308294034,LRCX
2024-05-28,-0.003059820166344096,LRCX
2024-05-29,-0.011654170729998192,LRCX
2024-05-30,0.008102994414870501,LRCX
2024-05-31,-0.017531753922729543,LRCX
2024-06-03,-0.0019397424033371635,LRCX
2024-06-04,-0.016616206858190097,LRCX
2024-06-05,0.03177183116529836,LRCX
2024-06-06,-0.009510535815779875,LRCX
2024-06-07,0.0014358537776884006,LRCX
2024-06-10,0.037026894432030666,LRCX
2024-06-11,-0.010154655726853257,LRCX
2024-06-12,0.024176620642134772,LRCX
2024-06-13,-0.004567376906765119,LRCX
2024-06-14,-0.007597408744919321,LRCX
2024-06-17,0.021722796497886776,LRCX
2024-06-18,0.018105049132909556,LRCX
2024-06-20,-0.01855040293290333,LRCX
2024-06-21,-0.0076977418678563225,LRCX
2024-06-24,-0.013546928472448094,LRCX
2024-06-25,0.016050924495633723,LRCX
2024-06-26,0.0006496192162366299,LRCX
2024-06-27,-0.0025116813601524512,LRCX
2024-06-28,0.013711147170909932,LRCX
2024-07-01,-0.00981879422720855,LRCX
2024-07-02,0.0009828202275352638,LRCX
2024-07-03,0.0009014400886258045,LRCX
2024-07-05,-0.005710395262934931,LRCX
2024-07-08,0.010240207175566063,LRCX
2024-07-09,0.009017591211468279,LRCX
2024-07-10,0.0027981638257124075,LRCX
2024-07-11,-0.03943876633097432,LRCX
2024-07-12,0.0034203950811324546,LRCX
2024-07-15,-0.0033479708269839037,LRCX
2024-07-16,0.006031596384970861,LRCX
2024-07-17,-0.07630046814154223,LRCX
2024-07-18,-0.010962762010294114,LRCX
2024-07-19,-0.029064457282484746,LRCX
2024-07-22,0.04853283746754755,LRCX
2024-07-23,-0.014406832744167097,LRCX
2024-07-24,-0.016779343327768537,LRCX
2024-07-25,-0.01761991584315492,LRCX
2024-07-26,0.0016247309616259642,LRCX
2024-07-29,-0.004580776446404755,LRCX
2024-07-30,-0.029082889173171367,LRCX
2024-07-31,0.04561845033437262,LRCX
2024-08-01,-0.0793778259294573,LRCX
2024-08-02,-0.06054371634459521,LRCX
2024-08-05,0.03990837962284566,LRCX
2024-08-06,-0.009795508216911664,LRCX
2024-08-07,-0.01825242141935135,LRCX
2024-08-08,0.03592159150970531,LRCX
2024-08-09,0.005705427930130291,LRCX
2024-08-12,0.0015431808792216728,LRCX
2024-08-13,0.011663824234532605,LRCX
2024-08-14,0.005096403117107684,LRCX
2024-08-15,0.02665765676293752,LRCX
2024-08-16,-0.022816139760984733,LRCX
2024-08-19,-0.0014777845477640383,LRCX
2024-08-20,-0.019022055403167926,LRCX
2024-08-21,0.007407752510632193,LRCX
2024-08-22,-0.02803803248447423,LRCX
2024-08-23,0.003056766957593382,LRCX
2024-08-26,-0.024407496141260587,LRCX
2024-08-27,-0.0011163672598986096,LRCX
2024-08-28,-0.007449393237610735,LRCX
2024-08-29,-0.00825805442601002,LRCX
2024-08-30,0.017430249155313327,LRCX
2024-09-03,-0.038887289277622195,LRCX
2024-09-04,0.0009289330968211829,LRCX
2024-09-05,-0.012141097776846799,LRCX
2024-09-06,-0.0025055528126163296,LRCX
2024-09-09,-0.012123918065761075,LRCX
2024-09-10,-0.012951153165637663,LRCX
2024-09-11,0.025628850325885466,LRCX
2024-09-12,-0.034950640169732594,LRCX
2024-09-13,0.024447904239245588,LRCX
2024-09-16,-0.010295542140712932,LRCX
2024-09-17,0.012439885852567834,LRCX
2024-09-18,-0.009026281722640306,LRCX
2024-09-19,0.01801589046640828,LRCX
2024-09-20,-0.018425042359336175,LRCX
2024-09-23,0.011339161981931412,LRCX
2024-09-24,0.004050841722452958,LRCX
2024-09-25,0.014987616881019683,LRCX
2024-09-26,0.04551753311722617,LRCX
2024-09-27,-0.018768587880908072,LRCX
2024-09-30,-0.016145330083977782,LRCX
2024-10-01,-0.00915067295027061,LRCX
2024-10-02,0.01932755073529613,LRCX
2024-10-03,-0.002932252608015773,LRCX
2024-10-04,-0.0065404875395636,LRCX
2024-10-07,-0.0007016075289048018,LRCX
2024-10-08,-0.009874296294143825,LRCX
2024-10-09,0.014742238542186037,LRCX
2024-10-10,-0.008565387096398425,LRCX
2024-10-11,0.008501646097464288,LRCX
2024-10-14,0.024982134262820033,LRCX
2024-10-15,-0.10193692701187995,LRCX
2024-10-16,-0.029626105692438287,LRCX
2024-10-17,-0.014272103661747693,LRCX
2024-10-18,-0.01064364039275123,LRCX
2024-10-21,-0.0019194174349852489,LRCX
2024-10-22,0.0011050261704443898,LRCX
2024-10-23,0.013522763622126455,LRCX
2024-10-24,0.04158965162626238,LRCX
2024-10-25,0.008316944375326152,LRCX
2024-10-28,-0.029289067660227985,LRCX
2024-10-29,0.027642712813822357,LRCX
2024-10-30,-0.01645236435322861,LRCX
2024-10-31,-0.002286124142586665,LRCX
2024-11-01,-0.0013375451203199162,LRCX
2024-11-04,-0.005540710412723193,LRCX
2024-11-05,0.016946643671003514,LRCX
2024-11-06,-0.021839344769025715,LRCX
2024-11-07,0.015536863681070656,LRCX
2024-11-08,-0.014000586166523554,LRCX
2024-11-11,-0.02571841483377124,LRCX
2024-11-12,-0.0043780570905465055,LRCX
2024-11-13,-0.02345447572951187,LRCX
2024-11-14,0.019622176663593116,LRCX
2024-11-15,-0.041360444250878814,LRCX
2024-11-18,0.00047211120926871075,LRCX
2024-11-19,-0.01254031273298839,LRCX
2024-11-20,-0.001135483876642418,LRCX
2024-11-21,0.03943867828681746,LRCX
2024-11-22,-0.008325750276635624,LRCX
2024-11-25,0.01304233112489861,LRCX
2024-11-26,-0.019289606948781568,LRCX
2024-11-27,-0.007623085789569828,LRCX
2024-11-29,0.02301754371738962,LRCX
2024-12-02,0.04995486515560632,LRCX
2024-12-03,-0.005229171548348788,LRCX
2024-12-04,-0.013308826360622028,LRCX
2024-12-05,-0.036977542878032565,LRCX
2024-12-06,0.00927250965659887,LRCX
2024-12-09,0.018984058741835064,LRCX
2024-12-10,-0.026999424117125415,LRCX
2024-12-11,0.025755611846419946,LRCX
2024-12-12,-0.027986996717651813,LRCX
2024-12-13,0.0013315403570102191,LRCX
2024-12-16,0.006080812740665742,LRCX
2024-12-17,0.004156398820952312,LRCX
2024-12-18,0.002625084190761129,LRCX
2024-12-19,-0.05005495508431501,LRCX
2024-12-20,-0.0005824292614589055,LRCX
2024-12-23,0.017917950434068963,LRCX
2024-12-24,-0.013062454894224196,LRCX
2024-12-26,0.0028444038910322433,LRCX
2024-12-27,0.005376298962328718,LRCX
2024-12-30,-0.0037875734807117922,LRCX
2024-12-31,0.009639373591036282,LRCX
2025-01-02,0.0048609905472272175,LRCX
2025-01-03,0.019962409272665127,LRCX
2025-01-06,0.026071329829286505,LRCX
2025-01-07,0.012088926184181226,LRCX
2025-01-08,-0.006386044168284144,LRCX
2025-01-10,-0.01570879545323489,LRCX
2025-01-13,0.0005360396834186432,LRCX
2025-01-14,0.0091102487524104,LRCX
2025-01-15,-0.008328416106581749,LRCX
2025-01-16,0.046554366882302745,LRCX
2025-01-17,-0.0031968058647482422,LRCX
2025-01-21,0.00898551620539223,LRCX
2025-01-22,0.008540187601481897,LRCX
2025-01-23,-0.026687026492107968,LRCX
2025-01-24,-0.013598764087383586,LRCX
2025-01-27,-0.02261893453245989,LRCX
2025-01-28,-0.02959134115109663,LRCX
2025-01-29,0.010432325679389898,LRCX
2025-01-30,0.06737090503356846,LRCX
2025-01-31,0.0054100230645550695,LRCX
2025-02-03,-0.0026318262579598795,LRCX
2025-02-04,-0.01569834909886758,LRCX
2025-02-05,0.020558623734361348,LRCX
2025-02-06,0.005596747010335967,LRCX
2025-02-07,0.006638806467766933,LRCX
2025-02-10,0.004829496351064222,LRCX
2025-02-11,-0.0032457870307212033,LRCX
2025-02-12,-0.021093645868125677,LRCX
2025-02-13,0.00670395111473443,LRCX
2025-02-14,-0.010814481460604597,LRCX
2025-02-18,0.04298033320332184,LRCX
2025-02-19,0.012118667668111982,LRCX
2025-02-20,0.019648960174385444,LRCX
2025-02-21,-0.013308030284967742,LRCX
2025-02-24,-0.01977667010929718,LRCX
2025-02-25,-0.02460420290575449,LRCX
2025-02-26,0.010087952878110151,LRCX
2025-02-27,-0.037013967835179074,LRCX
2025-02-28,-0.008212649818704065,LRCX
2025-03-03,0.009536865208714218,LRCX
2025-03-04,0.01169401014161231,LRCX
2025-03-05,0.023636017888773786,LRCX
2025-03-06,-0.005287328823749604,LRCX
2025-03-07,0.025349431733504346,LRCX
2025-03-10,-0.028552865492705415,LRCX
2025-03-11,-0.0037220697064501707,LRCX
2025-03-12,0.031869875633433686,LRCX
2025-03-13,0.0006365396362930653,LRCX
2025-03-14,0.02068441511621444,LRCX
2025-03-17,-0.011303586031533364,LRCX
2025-03-18,0.004989125810238804,LRCX
2025-03-19,-0.00595156388314777,LRCX
2025-03-20,-0.001492843921219844,LRCX
2025-03-21,-0.02558834887889283,LRCX
2025-03-24,0.0062476263857371706,LRCX
2025-03-25,-0.009801770714874536,LRCX
2025-03-26,-0.001323326950360304,LRCX
2025-03-27,-0.011907904851168993,LRCX
2025-03-28,-0.0031682218306130494,LRCX
2025-03-31,0.0012813691917221703,LRCX
2025-04-01,-0.006242195245223847,LRCX
2025-04-02,0.005687664543432724,LRCX
2025-04-03,-0.06830164172299913,LRCX
2025-04-04,-0.03458314907777815,LRCX
2025-04-07,0.04888295366322293,LRCX
2025-04-08,-0.01367970541814767,LRCX
2025-04-09,0.05236930437297982,LRCX
2025-04-10,-0.024616116246495956,LRCX
2025-04-11,-0.002572850438843588,LRCX
2025-04-14,-0.0011398750675661873,LRCX
2025-04-15,0.007396606006393469,LRCX
2025-04-16,-0.018801217637077983,LRCX
2025-04-17,-0.021232791126143624,LRCX
2025-04-21,0.0033371279766667428,LRCX
2025-04-22,-0.008593607417989091,LRCX
2025-04-23,0.02750493860093961,LRCX
2025-04-24,0.03286731921227837,LRCX
2025-04-25,-0.003778817910722765,LRCX
2025-04-28,0.002415504259963619,LRCX
2025-04-29,-0.015988201528613466,LRCX
2025-04-30,0.010927947461075505,LRCX
2025-05-01,-0.01213914617200107,LRCX
2025-05-02,0.02342347409925427,LRCX
2025-05-05,-0.0022691575805700026,LRCX
2025-05-06,-0.0008541763618223897,LRCX
2025-05-07,0.021720815207450173,LRCX
2025-05-08,-0.01240584421137303,LRCX
2025-05-09,0.0067782089730963335,LRCX
2025-05-12,0.04755480641818277,LRCX
2025-05-13,0.0206987294341463,LRCX
2025-05-14,-0.009264984994788783,LRCX
2025-05-15,-0.0032189399686091136,LRCX
2025-05-16,-0.00859804035153644,LRCX
2025-05-19,-0.008209327846559589,LRCX
2025-05-20,0.008930374563249188,LRCX
2025-05-21,-0.003961700654586231,LRCX
2025-05-22,-0.004651600020229019,LRCX
2025-05-23,-0.009031685503273934,LRCX
2025-05-27,0.011659747280308608,LRCX
2025-05-28,0.005156526896198166,LRCX
2025-05-29,-6.09365581309973e-05,LRCX
2025-05-30,-0.03928822506686647,LRCX
2025-06-02,0.012835408979001706,LRCX
2025-06-03,0.006418678267721134,LRCX
2025-06-04,0.010396642996280292,LRCX
2025-06-05,0.009205768630744515,LRCX
2025-06-06,0.007089005907292112,LRCX
2025-06-09,0.02086026062396229,LRCX
2025-06-10,0.02352738701614321,LRCX
2025-06-11,0.0028255883220511535,LRCX
2025-06-12,0.005431291143218608,LRCX
2025-06-13,-0.010989951022050803,LRCX
2025-06-16,0.028722297536754482,LRCX
2025-06-17,0.0017375878319816351,LRCX
2025-06-18,-0.001887784979260232,LRCX
2025-06-20,-0.015062825684119652,LRCX
2025-06-23,0.0020711263006338854,LRCX
2025-06-24,0.02776970639014209,LRCX
2025-06-25,0.0015168681742983026,LRCX
2025-06-26,-0.0008032868335927645,LRCX
2025-06-27,0.00029279461411757524,LRCX
2025-06-30,-0.005016819381324034,LRCX
2025-07-01,0.0030054441827465084,LRCX
2025-07-02,0.013709742833762917,LRCX
2025-07-03,-0.00999452708865789,LRCX
2025-07-07,0.0007576579887684787,LRCX
2025-07-08,0.016512231851912418,LRCX
2025-07-09,-0.007254428123258272,LRCX
2025-07-10,0.013885387619033907,LRCX
2025-07-11,0.00886083530919013,LRCX
2025-07-14,-0.02457964161560433,LRCX
2025-07-15,0.013534069770221535,LRCX
2025-07-16,-0.007973274680768583,LRCX
2025-07-17,-0.0038845093920727436,LRCX
2025-07-18,-0.00032904497149210954,LRCX
2025-07-21,0.005500613873708815,LRCX
2025-07-22,-0.03543200919677947,LRCX
2025-07-23,-0.010608791364489889,LRCX
2025-07-24,0.004852597498159916,LRCX
2025-07-25,-0.010825595041255909,LRCX
2025-07-28,0.013855048908676615,LRCX
2025-07-29,0.004789723366560139,LRCX
2025-07-30,0.00017601690319857255,LRCX
2025-07-31,-0.038523934779433056,LRCX
2025-08-01,0.03589893491222629,LRCX
2025-08-04,0.002664154186038381,LRCX
2025-08-05,-0.010923360424985873,LRCX
2025-08-06,-0.020188092814209746,LRCX
2025-08-07,0.029532187256801734,LRCX
2025-08-08,0.016599917950539833,LRCX
2025-08-11,0.005417238890840004,LRCX
2025-08-12,0.019160478290671357,LRCX
2025-08-13,0.013272461070453545,LRCX
2025-08-14,0.006753501731457057,LRCX
2025-08-15,-0.07170845755450284,LRCX
2025-08-18,-0.005952698571735304,LRCX
2025-08-19,0.028218238116281213,LRCX
2025-08-20,-0.005876063398591924,LRCX
2025-08-21,-0.002850811636934125,LRCX
2025-08-22,0.0015178684713230695,LRCX
2025-08-25,0.01480778938858407,LRCX
2025-08-26,0.018930724554047096,LRCX
2025-08-27,-0.001149783350377298,LRCX
2025-08-28,-0.002197296326595044,LRCX
2025-08-29,-0.026943592778754244,LRCX
2025-09-02,-0.023233675955362187,LRCX
2025-09-03,-0.0005458502788773245,LRCX
2025-09-04,0.01803965085768855,LRCX
2025-09-05,0.023440167693298264,LRCX
2025-09-08,0.015517353164614,LRCX
2025-09-09,0.0019182153240508981,LRCX
2025-09-10,0.01648615496090411,LRCX
2025-09-11,0.06797181519877249,LRCX
2025-09-12,0.007461482480919379,LRCX
2025-09-15,0.010534157421336232,LRCX
2025-09-16,0.011359401873162867,LRCX
2025-09-17,0.013798379741996492,LRCX
2025-09-18,0.026640729353786696,LRCX
2025-09-19,-0.002007873162977347,LRCX
2025-09-22,0.03485645546940486,LRCX
2025-09-23,0.004619776974513101,LRCX
2025-09-24,-0.022254697446441263,LRCX
2025-09-25,0.0028388725252472824,LRCX
2025-09-26,-0.002542919114810971,LRCX
2025-09-29,0.016658709541292005,LRCX
2025-09-30,0.018473512279575388,LRCX
2025-10-01,0.05949627387884071,LRCX
2025-10-02,0.02488707936857626,LRCX
2025-10-03,-0.003841617684892995,LRCX
2025-10-06,0.015165981157076125,LRCX
2025-10-07,-0.055533510953880594,LRCX
2025-10-08,0.004084551001984238,LRCX
2025-10-09,-0.00965166949834284,LRCX
2025-10-10,-0.03541102735218882,LRCX
2025-10-13,0.02685883499542996,LRCX
2025-10-14,0.01030494877549959,LRCX
2025-10-15,0.038685843018956945,LRCX
2025-10-16,-0.013076177750711793,LRCX
2025-10-17,-0.012604494671535349,LRCX
2025-10-20,0.005268249298689298,LRCX
2025-10-21,0.007110589242634191,LRCX
2025-10-22,-0.016797490678299276,LRCX
2025-10-23,0.0351966759139799,LRCX
2025-10-24,0.017051992225770363,LRCX
2025-10-27,0.016183145107208752,LRCX
2025-10-28,-0.015852201050200243,LRCX
2025-10-29,0.02744263820611348,LRCX
2025-10-30,0.01752059822633001,LRCX
2025-10-31,-0.027107243729688868,LRCX
2025-11-03,0.018949078147635134,LRCX
2025-11-04,-0.01394237338611859,LRCX
2025-11-05,0.05131684310150231,LRCX
2025-11-06,0.0013231033832532546,LRCX
2025-11-07,-0.014505134337289505,LRCX
2025-11-10,0.021228072953260124,LRCX
2025-11-11,-0.041511469699644366,LRCX
2025-11-12,0.014762676857224655,LRCX
2025-11-13,-0.030855063748223444,LRCX
2025-11-14,-0.03431550804905292,LRCX
2025-11-17,0.0031666392441414004,LRCX
2025-11-18,-0.016784771329333203,LRCX
2025-11-19,0.032129028142620975,LRCX
2025-11-20,-0.03993692303410423,LRCX
2025-11-21,0.014199734940803843,LRCX
2025-11-24,0.027519735253950905,LRCX
2025-11-25,0.004109594317059262,LRCX
2025-11-26,0.01211113680982212,LRCX
2025-11-28,-0.0025464309751361824,LRCX
2025-12-01,-0.004422078842399202,LRCX
2025-12-02,0.013931917928482918,LRCX
2025-12-03,0.009017363352099572,LRCX
2025-12-04,-0.015860525925995184,LRCX
2025-12-05,0.0061276288298941495,LRCX
2025-12-08,0.027058508008959592,LRCX
2025-12-09,0.01745610639002937,LRCX
2025-12-10,0.010580563297239998,LRCX
2025-12-11,0.005910626036916611,LRCX
2025-12-12,-0.030459376522461667,LRCX
2025-12-15,0.028307561750575694,LRCX
2025-12-16,-0.008329942463724649,LRCX
2025-12-17,-0.033336923192228696,LRCX
2025-12-18,0.04644327263906156,LRCX
2025-12-19,0.03198643316348626,LRCX
2025-12-22,0.012425374133445466,LRCX
2025-12-23,-0.005243031134085641,LRCX
2025-12-24,0.00939117530378386,LRCX
2025-12-26,0.004228597975205695,LRCX
2025-12-29,-0.007579454480898029,LRCX
2025-12-30,-0.00963278389201161,LRCX
2025-12-31,-0.006774628381343462,LRCX
2026-01-02,0.0799034954445137,LRCX
2026-01-05,0.043176402682833626,LRCX
2026-01-06,0.05200934387857181,LRCX
2026-01-07,-0.019887620903398684,LRCX
2026-01-08,-0.004788834575966128,LRCX
2026-01-09,0.07312816197818339,LRCX
2026-01-12,0.00846956355385231,LRCX
2026-01-13,-0.026209921413854254,LRCX
2026-01-14,-0.015681005053018282,LRCX
2026-01-15,0.03713910910041207,LRCX
2026-01-16,0.025768160675228913,LRCX
2026-01-20,0.019006174220278282,LRCX
2026-01-21,0.013104296722161735,LRCX
2026-01-22,-0.041493441441768475,LRCX
2026-01-23,-0.015736913278105114,LRCX
2026-01-26,0.017978341627713945,LRCX
2026-01-27,0.058588548662488193,LRCX
2026-01-28,0.0013797569219553552,LRCX
2026-01-29,0.04122981403104742,LRCX
2026-01-30,-0.04901961157347223,LRCX
2026-02-02,0.010313905023754621,LRCX
2026-02-03,-0.016170375256074898,LRCX
2026-02-04,-0.07483125624846654,LRCX
2026-02-05,0.031187003056612816,LRCX
2026-02-06,0.05879697320734678,LRCX
2026-02-09,-0.01514798187522004,LRCX
2026-02-10,-0.0070633758134031055,LRCX
2026-02-11,0.034187030488299186,LRCX
2026-02-12,0.004124906244753923,LRCX
2026-02-13,0.01603713044103916,LRCX
2026-02-17,0.0012429467115735449,LRCX
2026-02-18,0.011523877166089491,LRCX
2026-02-19,-0.007472399886996328,LRCX
2026-02-20,0.022417273773044144,LRCX
2026-02-23,0.001350645608045653,LRCX
2026-02-24,-0.002544716275440173,LRCX
2026-02-25,0.006797184235142417,LRCX
2026-02-26,-0.030484321345976895,LRCX
2026-02-27,-0.01869961640636486,LRCX
2026-03-02,-0.01374972291953469,LRCX
2026-03-03,-0.05051358962424679,LRCX
2026-03-04,0.012055386923696787,LRCX
2026-03-05,-0.03496108154250166,LRCX
2026-03-06,-0.05902929159897585,LRCX
2026-03-09,0.04433982582713725,LRCX
2026-03-10,0.01912195859159116,LRCX
2026-03-11,0.016902388893741183,LRCX
2026-03-12,-0.026489576378353696,LRCX
2026-03-13,0.018798013068690445,LRCX
2026-03-16,0.022212225871051317,LRCX
2026-03-17,0.026847613790707214,LRCX
2026-03-18,0.006235956341622995,LRCX
2026-03-19,0.0436329643381832,LRCX
2026-03-20,-0.0057004233872408605,LRCX
2026-03-23,0.010031133081553456,LRCX
2026-03-24,0.0302861093184843,LRCX
2026-03-25,-0.029380085807318324,LRCX
2026-03-26,-0.0740183367476357,LRCX
2026-03-27,0.018737244919913465,LRCX
2026-03-30,-0.048159362640836534,LRCX
2026-03-31,0.0331251960375587,LRCX
2026-04-01,0.026058911478241242,LRCX
2026-04-02,-0.01735696205588777,LRCX
2026-04-06,0.004066982681699471,LRCX
2026-04-07,0.01647670480063912,LRCX
2026-04-08,0.06481549501677542,LRCX
2026-04-09,0.04183759693354805,LRCX
2026-04-10,0.017318257514347124,LRCX
2026-04-13,0.003496736044725779,LRCX
2026-04-14,0.000867651664993474,LRCX
2026-04-15,-0.040877160916976685,LRCX
2026-04-16,-0.020771126671502493,LRCX
2026-04-17,0.012126883275995759,LRCX
2026-04-20,-0.013551158417385523,LRCX
2026-04-21,-0.014559024016969957,LRCX
2026-04-22,0.01081834832002837,LRCX
2026-04-23,-0.021026758763425413,LRCX
2026-04-24,0.01609108249566482,LRCX
2026-04-27,-0.032051668288568536,LRCX
2026-04-28,-0.02216459428193307,LRCX
2026-04-29,-0.016015442562108184,LRCX
2026-04-30,0.026685336069144583,LRCX
2026-05-01,-0.013984617896919183,LRCX
2026-05-04,0.00906620195933705,LRCX
2026-05-05,0.05161876622925554,LRCX
2026-05-06,0.05406696470387917,LRCX
2026-05-07,-0.03530241896595676,LRCX
2026-05-08,0.002771121283445588,LRCX
2026-05-11,0.003886346987759026,LRCX
2026-05-12,-0.014753601454892795,LRCX
2026-05-13,0.010702151298303875,LRCX
2026-05-14,0.005396858370432689,LRCX
2026-05-15,-0.034236202593834975,LRCX
2026-05-18,-0.019717562333696925,LRCX
2026-05-19,-0.01043287607047283,LRCX
2026-05-20,0.04977113136865796,LRCX
2026-05-21,0.03225417055906554,LRCX
2026-05-22,0.006005682230968645,LRCX
2026-05-26,0.03760298269353779,LRCX
2026-05-27,-0.010552311016552629,LRCX
2026-05-28,-0.01131576921830657,LRCX
2026-05-29,-0.0031114371484806114,LRCX
2026-06-01,-0.00931935086629565,LRCX
2026-06-02,0.048493604112899824,LRCX
2026-06-03,0.030047246187418608,LRCX
2026-06-04,-0.016618512588058465,LRCX
2026-06-05,-0.054482937939488885,LRCX
2026-06-08,0.05198000642041567,LRCX
2026-06-09,0.019891907213364313,LRCX
2026-06-10,0.0036595157198329176,LRCX
2026-06-11,0.08593148966538866,LRCX
2026-06-12,0.00589693909282385,LRCX
2026-06-15,0.027599254918974303,LRCX
2026-06-16,-0.03246770667549459,LRCX
2026-06-17,0.023844933498105902,LRCX
2026-06-18,0.014188790383165006,LRCX
2026-06-22,0.05386567386635921,LRCX
2026-06-23,-0.06446007264445175,LRCX
2026-06-24,0.013556257574726338,LRCX
2026-06-25,0.06153878988364081,LRCX
2026-06-26,-0.044371389811151296,LRCX
2026-06-29,0.05605021788770692,LRCX
2026-06-30,0.036253734738768806,LRCX
2026-07-01,-0.08675980991198351,LRCX
2026-07-02,-0.08993281457649349,LRCX
2026-07-06,-0.017689208386851618,LRCX
2026-07-07,-0.052509946593203516,LRCX
2026-07-08,0.018467462688692038,LRCX
2026-07-09,0.04185137033105857,LRCX
2026-07-10,-0.01115244269618465,LRCX
2026-07-13,-0.040863080732813195,LRCX
2026-07-14,0.03676962207827028,LRCX
2026-07-15,-0.028601305023468804,LRCX
2026-07-16,-0.027519669475625008,LRCX
2026-07-17,-0.0090116452460407,LRCX
2026-07-20,-0.022144726676600612,LRCX
2026-07-21,0.03010851962423189,LRCX
2026-07-22,-0.003332665772222576,LRCX
2026-07-23,0.020699364731444625,LRCX
2026-07-24,-0.03539912689635383,LRCX
2026-07-27,-0.04249429183068809,LRCX
2026-07-28,-0.0686735775580436,LRCX
2026-07-29,-0.045578628290093626,LRCX
2026-07-30,0.13289421434039816,LRCX
2026-07-31,-0.022387123242002538,LRCX
2026-08-03,-0.01199448227374944,LRCX
2026-08-04,0.04217719512883811,LRCX
2026-08-05,-0.023928464324035836,LRCX
2026-08-06,-0.0016805854616430693,LRCX
2026-08-07,0.006426742428838672,LRCX
2026-08-10,-0.013034336504830435,LRCX
2026-08-11,0.01958164419236219,LRCX
2026-08-12,0.03884349109088969,LRCX
2026-08-13,0.021378740563722687,LRCX
2026-08-14,-0.012527034365358958,LRCX
2026-08-17,0.03560054253621825,LRCX
2026-08-18,-0.030327174126452583,LRCX
2026-08-19,-0.04817009135698935,LRCX
2024-01-02,,ASML
2024-01-03,-0.008443072620337055,ASML
2024-01-04,0.000770973594896418,ASML
2024-01-05,0.0031607073419905873,ASML
2024-01-08,0.00411944360695049,ASML
2024-01-09,-0.008780469330775809,ASML
2024-01-10,-0.0041880849466577885,ASML
2024-01-11,-0.0010479932172895445,ASML
2024-01-12,-0.007930525742349204,ASML
2024-01-16,-0.00936911884292968,ASML
2024-01-17,0.013790756736121956,ASML
2024-01-18,0.03020152417445754,ASML
2024-01-19,-0.0019308927040002644,ASML
2024-01-22,0.010305375772547976,ASML
2024-01-23,0.01101735774021595,ASML
2024-01-24,0.07930502447340171,ASML
2024-01-25,0.024147879618252155,ASML
2024-01-26,0.004443954346912804,ASML
2024-01-29,0.0068027833152140005,ASML
2024-01-30,-0.009989662514615638,ASML
2024-01-31,0.021840443271935683,ASML
2024-02-01,0.011835087671006939,ASML
2024-02-02,-0.016624603183037046,ASML
2024-02-05,0.011863212522960076,ASML
2024-02-06,0.009051474362357759,ASML
2024-02-07,0.00874342543541573,ASML
2024-02-08,-0.001080474874470383,ASML
2024-02-09,0.01868175287859053,ASML
2024-02-12,-0.017785804883515333,ASML
2024-02-13,-0.01253797905889975,ASML
2024-02-14,0.012272852163783377,ASML
2024-02-15,0.0028509956354412225,ASML
2024-02-16,0.0081408637646474,ASML
2024-02-20,-0.013495459812115307,ASML
2024-02-21,0.002513482705415626,ASML
2024-02-22,0.018076358187600228,ASML
2024-02-23,-0.016785302805301328,ASML
2024-02-26,0.015775754400402242,ASML
2024-02-27,-0.008988185849628572,ASML
2024-02-28,0.0033502362090498394,ASML
2024-02-29,0.0043483252233134095,ASML
2024-03-01,0.025480382292227155,ASML
2024-03-04,0.01071389390651678,ASML
2024-03-05,-0.011581238328333576,ASML
2024-03-06,0.029314184317797753,ASML
2024-03-07,0.02731497908767988,ASML
2024-03-08,-0.03744724598767757,ASML
2024-03-11,-0.02863923392764267,ASML
2024-03-12,0.00797698832303606,ASML
2024-03-13,-0.008167322661361887,ASML
2024-03-14,-0.00680896441352008,ASML
2024-03-15,-0.008642731989409569,ASML
2024-03-18,-0.008291161396770441,ASML
2024-03-19,0.008677582959594865,ASML
2024-03-20,0.007986671076496421,ASML
2024-03-21,0.01553738721690845,ASML
2024-03-22,-0.012134053882841833,ASML
2024-03-25,0.00258440939207194,ASML
2024-03-26,-0.004582000772919592,ASML
2024-03-27,-0.0006139498942179245,ASML
2024-03-28,-0.0017961130536034986,ASML
2024-04-01,0.020785059786059712,ASML
2024-04-02,-0.018114117740339886,ASML
2024-04-03,0.011687704863526882,ASML
2024-04-04,-0.01237428781292138,ASML
2024-04-05,0.015333285544874897,ASML
2024-04-08,0.002925655622693313,ASML
2024-04-09,0.0035263587605260938,ASML
2024-04-10,-0.006728992534479339,ASML
2024-04-11,0.0020250313714278434,ASML
2024-04-12,-0.014985928241780577,ASML
2024-04-15,0.009262448826802938,ASML
2024-04-16,0.02278911115797211,ASML
2024-04-17,-0.06131373406580032,ASML
2024-04-18,-0.014960791861569511,ASML
2024-04-19,-0.012827586287656345,ASML
2024-04-22,0.004442882733525444,ASML
2024-04-23,0.018478495371828885,ASML
2024-04-24,-0.013695005055603282,ASML
2024-04-25,0.016196657692898242,ASML
2024-04-26,0.0048372054763570205,ASML
2024-04-29,-0.014113852263135662,ASML
2024-04-30,-0.022827205852313348,ASML
2024-05-01,-0.015499489501682007,ASML
2024-05-02,0.00756062718404138,ASML
2024-05-03,0.01548991704376057,ASML
2024-05-06,0.005922210905255909,ASML
2024-05-07,-0.009692624825559548,ASML
2024-05-08,0.004162673201410172,ASML
2024-05-09,8.935716255553672e-05,ASML
2024-05-10,0.01581362760600946,ASML
2024-05-13,-0.016431729339141832,ASML
2024-05-14,-0.008823902175949527,ASML
2024-05-15,0.008665156788915773,ASML
2024-05-16,-0.017224532288036443,ASML
2024-05-17,0.006374649947802347,ASML
2024-05-20,0.00857408576189922,ASML
2024-05-21,-0.017152811008077862,ASML
2024-05-22,-0.0029851387454105094,ASML
2024-05-23,0.017349712221359503,ASML
2024-05-24,0.013831935416756203,ASML
2024-05-28,0.03281327909642151,ASML
2024-05-29,-0.02777610644573869,ASML
2024-05-30,0.019336685901191863,ASML
2024-05-31,-0.004128173532381041,ASML
2024-06-03,-2.740000993117775e-05,ASML
2024-06-04,-0.018043852735821098,ASML
2024-06-05,0.0709901231805592,ASML
2024-06-06,0.011109544652557979,ASML
2024-06-07,-0.022363838130579516,ASML
2024-06-10,0.008809046973422774,ASML
2024-06-11,-0.012326241383227021,ASML
2024-06-12,0.01820292943975854,ASML
2024-06-13,-0.02063020549733796,ASML
2024-06-14,-0.029017704567935176,ASML
2024-06-17,0.011446342112647834,ASML
2024-06-18,0.00812097431627734,ASML
2024-06-20,-0.0023373384986618007,ASML
2024-06-21,-0.010865851666933324,ASML
2024-06-24,-0.022487935481784405,ASML
2024-06-25,0.009692997938437031,ASML
2024-06-26,-0.008671059885890564,ASML
2024-06-27,0.008583199308884737,ASML
2024-06-28,5.490919018225071e-05,ASML
2024-07-01,0.004618009240793697,ASML
2024-07-02,0.0033924345377505105,ASML
2024-07-03,0.013894353521253677,ASML
2024-07-05,-0.007511713764830397,ASML
2024-07-08,0.00032914286477492283,ASML
2024-07-09,-0.01716510092942336,ASML
2024-07-10,0.02574220335707178,ASML
2024-07-11,-0.011556311278980047,ASML
2024-07-12,0.015337274513557375,ASML
2024-07-15,-0.022815958862310914,ASML
2024-07-16,0.0038949109584240915,ASML
2024-07-17,-0.1065293950062749,ASML
2024-07-18,-0.003779023478594823,ASML
2024-07-19,-0.02273422093158306,ASML
2024-07-22,0.03519450987189998,ASML
2024-07-23,-0.005486783980950705,ASML
2024-07-24,-0.03002320823983773,ASML
2024-07-25,-0.0005742457588375771,ASML
2024-07-26,0.019221184587746798,ASML
2024-07-29,-0.020441321306599924,ASML
2024-07-30,0.001912978161579204,ASML
2024-07-31,0.05598711925751676,ASML
2024-08-01,-0.03371424743736462,ASML
2024-08-02,-0.06387640744644152,ASML
2024-08-05,0.04376925762941042,ASML
2024-08-06,0.017737909419664355,ASML
2024-08-07,0.002957389499092855,ASML
2024-08-08,0.016928320305872546,ASML
2024-08-09,-0.02374501221095837,ASML
2024-08-12,-0.011127434838726913,ASML
2024-08-13,-0.0051986074147656325,ASML
2024-08-14,0.011213383775912966,ASML
2024-08-15,0.028907258866439633,ASML
2024-08-16,-0.01167005294240564,ASML
2024-08-19,0.0025995469930792936,ASML
2024-08-20,-0.005396415816505851,ASML
2024-08-21,0.013990769782232348,ASML
2024-08-22,-0.022805748079122168,ASML
2024-08-23,-0.011283080086021968,ASML
2024-08-26,-0.01699711429635542,ASML
2024-08-27,0.004427465652478091,ASML
2024-08-28,0.009443752883325551,ASML
2024-08-29,0.0009919838828169603,ASML
2024-08-30,0.006191445345332447,ASML
2024-09-03,-0.03605604846107635,ASML
2024-09-04,-0.03833642096780743,ASML
2024-09-05,-0.020696432915606522,ASML
2024-09-06,-0.028157543177250943,ASML
2024-09-09,-0.016730916040743615,ASML
2024-09-10,-0.007120766158474012,ASML
2024-09-11,0.041392092281244075,ASML
2024-09-12,-0.009730626311609036,ASML
2024-09-13,0.015561130697409276,ASML
2024-09-16,-0.01202303453358411,ASML
2024-09-17,0.0027663336829615304,ASML
2024-09-18,-0.018065250758957596,ASML
2024-09-19,0.02494147691901194,ASML
2024-09-20,-0.038606724018716676,ASML
2024-09-23,0.007635631020987965,ASML
2024-09-24,0.00817114137118402,ASML
2024-09-25,0.004195233638081497,ASML
2024-09-26,0.03353553712631108,ASML
2024-09-27,-0.007296818530516447,ASML
2024-09-30,-0.012607798499782774,ASML
2024-10-01,0.0008627280889319522,ASML
2024-10-02,0.010482533104578806,ASML
2024-10-03,0.0010116768861010428,ASML
2024-10-04,-0.011119412945003404,ASML
2024-10-07,-0.008319113532186506,ASML
2024-10-08,-0.006283234510817692,ASML
2024-10-09,0.01807758382201552,ASML
2024-10-10,-0.013067450126235336,ASML
2024-10-11,0.006463610023819122,ASML
2024-10-14,0.02851954900607101,ASML
2024-10-15,-0.1640086146122206,ASML
2024-10-16,-0.06649967471878337,ASML
2024-10-17,0.023988786293708486,ASML
2024-10-18,0.02529834811737519,ASML
2024-10-21,-0.014665213997136384,ASML
2024-10-22,0.008401786006269951,ASML
2024-10-23,-0.001752312940381806,ASML
2024-10-24,-0.00499028131003687,ASML
2024-10-25,-0.004823928023909296,ASML
2024-10-28,-0.004456186684619112,ASML
2024-10-29,0.0018724108258032501,ASML
2024-10-30,-0.03718270167468152,ASML
2024-10-31,0.008934070359550184,ASML
2024-11-01,-0.004135737415645657,ASML
2024-11-04,-0.0023875610423047533,ASML
2024-11-05,-0.004810369495914735,ASML
2024-11-06,-0.049269971187197115,ASML
2024-11-07,0.00795543314222158,ASML
2024-11-08,-0.012662648596420745,ASML
2024-11-11,0.003328177822197631,ASML
2024-11-12,-0.0013662732692836244,ASML
2024-11-13,0.007588836764695905,ASML
2024-11-14,0.035591921888605604,ASML
2024-11-15,-0.026695925914689944,ASML
2024-11-18,0.0030473409167157683,ASML
2024-11-19,-0.011481691352117629,ASML
2024-11-20,-0.005073016680277043,ASML
2024-11-21,0.017047476056113453,ASML
2024-11-22,-0.0005321028322349264,ASML
2024-11-25,0.015497276753915656,ASML
2024-11-26,-0.023785878637646363,ASML
2024-11-27,0.005684705257415601,ASML
2024-11-29,0.015024051943048455,ASML
2024-12-02,0.024737734099189446,ASML
2024-12-03,0.006158584020234059,ASML
2024-12-04,-0.009700302163931696,ASML
2024-12-05,-0.00898984358955257,ASML
2024-12-06,-0.012457720257301297,ASML
2024-12-09,0.004341987480762199,ASML
2024-12-10,0.001642582278174487,ASML
2024-12-11,-0.004839679359713855,ASML
2024-12-12,0.00461119082593342,ASML
2024-12-13,3.0158905798494118e-05,ASML
2024-12-16,-0.009023319977520039,ASML
2024-12-17,0.02199121956845218,ASML
2024-12-18,0.015157234161855548,ASML
2024-12-19,-0.008448206657174495,ASML
2024-12-20,-0.015163798880151624,ASML
2024-12-23,0.011836911111180015,ASML
2024-12-24,-0.015314744242065359,ASML
2024-12-26,-0.004684257052642415,ASML
2024-12-27,0.010206278284528914,ASML
2024-12-30,-0.011354199002687082,ASML
2024-12-31,0.004111218057192723,ASML
2025-01-02,0.012492468471671181,ASML
2025-01-03,0.0034743866738011775,ASML
2025-01-06,0.06163903368265444,ASML
2025-01-07,0.003681046632325824,ASML
2025-01-08,-0.018289643155949165,ASML
2025-01-10,0.009102521995290935,ASML
2025-01-13,-0.01260232982159426,ASML
2025-01-14,0.013083873864640161,ASML
2025-01-15,-0.03640654264543919,ASML
2025-01-16,0.039514147699375,ASML
2025-01-17,-0.008706477631681864,ASML
2025-01-21,0.002932580901120474,ASML
2025-01-22,-0.007854378751591895,ASML
2025-01-23,-0.02918530535161512,ASML
2025-01-24,-0.013257878239441467,ASML
2025-01-27,-0.029666088956039616,ASML
2025-01-28,-0.02457382518978246,ASML
2025-01-29,0.043863158526501245,ASML
2025-01-30,0.029330618296866007,ASML
2025-01-31,0.004597047411178501,ASML
2025-02-03,-0.003186382344899208,ASML
2025-02-04,-0.01172190035551246,ASML
2025-02-05,0.010642313606156861,ASML
2025-02-06,-0.009876494496666943,ASML
2025-02-07,-0.002891407014821823,ASML
2025-02-10,0.010227428119004678,ASML
2025-02-11,0.01638574429284745,ASML
2025-02-12,0.0036405941190693625,ASML
2025-02-13,0.012878036134642556,ASML
2025-02-14,-0.03747968411598279,ASML
2025-02-18,-0.012065571395043051,ASML
2025-02-19,0.0005010262755407169,ASML
2025-02-20,0.001955106192766287,ASML
2025-02-21,0.013028684792126377,ASML
2025-02-24,0.010177507280399567,ASML
2025-02-25,0.0048082697121385465,ASML
2025-02-26,0.020253898302644124,ASML
2025-02-27,-0.04001792356753686,ASML
2025-02-28,0.0005110639618743917,ASML
2025-03-03,0.009037393439187191,ASML
2025-03-04,0.01489675562661219,ASML
2025-03-05,0.030605707469581134,ASML
2025-03-06,-0.006358763375799548,ASML
2025-03-07,0.016695776378207405,ASML
2025-03-10,-0.029897916860176288,ASML
2025-03-11,0.012733419743918617,ASML
2025-03-12,0.0076694867377931075,ASML
2025-03-13,0.005592991304487427,ASML
2025-03-14,0.003678098275554653,ASML
2025-03-17,0.01615079071865999,ASML
2025-03-18,0.018262069173558437,ASML
2025-03-19,-0.008108798155078034,ASML
2025-03-20,0.0022382915149243843,ASML
2025-03-21,-0.027894894174936624,ASML
2025-03-24,-0.005613283175426531,ASML
2025-03-25,-0.007202595617915364,ASML
2025-03-26,-0.010721522069018441,ASML
2025-03-27,-0.015956693494024066,ASML
2025-03-28,0.0031665892797168027,ASML
2025-03-31,-0.017830870884169236,ASML
2025-04-01,-0.0009457964385894968,ASML
2025-04-02,-0.0047726174005990885,ASML
2025-04-03,-0.015879758663833954,ASML
2025-04-04,0.035358849345948684,ASML
2025-04-07,0.014439960214655656,ASML
2025-04-08,-0.015631548835266962,ASML
2025-04-09,0.03017341243165461,ASML
2025-04-10,-0.012969546096174511,ASML
2025-04-11,0.010964535398247044,ASML
2025-04-14,-0.0007031048722483391,ASML
2025-04-15,0.0140627717705204,ASML
2025-04-16,-0.04259675970948251,ASML
2025-04-17,0.008383245747489276,ASML
2025-04-21,0.0005956715729453776,ASML
2025-04-22,-0.0037498015317956046,ASML
2025-04-23,0.007330486909997269,ASML
2025-04-24,-0.002210358117037181,ASML
2025-04-25,-0.00772891273461962,ASML
2025-04-28,-0.0032717323621396233,ASML
2025-04-29,-0.01651659776361658,ASML
2025-04-30,0.0030794013267403386,ASML
2025-05-01,-0.015014033515892145,ASML
2025-05-02,0.02006494597244224,ASML
2025-05-05,-0.004197821872999441,ASML
2025-05-06,0.004401407984196304,ASML
2025-05-07,0.025640987628867684,ASML
2025-05-08,0.0005774271984275714,ASML
2025-05-09,-0.0019183253749757156,ASML
2025-05-12,0.020495028716646324,ASML
2025-05-13,0.002971169169032173,ASML
2025-05-14,0.0005619220292336635,ASML
2025-05-15,-0.014914123763194453,ASML
2025-05-16,-0.017964622021987786,ASML
2025-05-19,0.00041751073036966346,ASML
2025-05-20,0.0028447417919075235,ASML
2025-05-21,-0.001605622302361276,ASML
2025-05-22,0.0029076324460071135,ASML
2025-05-23,-0.0018422001129341226,ASML
2025-05-27,0.009383444955963327,ASML
2025-05-28,-0.00923491710339519,ASML
2025-05-29,-0.0012138936057111138,ASML
2025-05-30,-0.012304900356849835,ASML
2025-06-02,0.005292818809153665,ASML
2025-06-03,-0.0068224416981816915,ASML
2025-06-04,-0.008783972733125367,ASML
2025-06-05,0.014237715142110474,ASML
2025-06-06,-0.0027182342436491425,ASML
2025-06-09,0.021087544955670445,ASML
2025-06-10,0.012403031176718038,ASML
2025-06-11,0.0022536526933851775,ASML
2025-06-12,0.0003550546755946016,ASML
2025-06-13,-0.01995627713001369,ASML
2025-06-16,0.0047121472990134805,ASML
2025-06-17,-0.01022652048298589,ASML
2025-06-18,0.002509986430673017,ASML
2025-06-20,-0.00264015982300414,ASML
2025-06-23,0.019962723806610683,ASML
2025-06-24,0.027062615741166418,ASML
2025-06-25,-0.0002444222028685772,ASML
2025-06-26,-0.03056807898390268,ASML
2025-06-27,-0.006102756406634491,ASML
2025-06-30,0.0003552666608719335,ASML
2025-07-01,-0.005254936598219295,ASML
2025-07-02,0.004530335201414104,ASML
2025-07-03,-0.016178230433846252,ASML
2025-07-07,-0.00435324576544982,ASML
2025-07-08,0.010849376476441464,ASML
2025-07-09,0.0001360448352558663,ASML
2025-07-10,0.004260808681896933,ASML
2025-07-11,0.002053536457055749,ASML
2025-07-14,0.002347247626158122,ASML
2025-07-15,0.019075230212390437,ASML
2025-07-16,-0.0880149169831439,ASML
2025-07-17,-0.02078582768800974,ASML
2025-07-18,-0.013002791493627264,ASML
2025-07-21,-0.025663566066868704,ASML
2025-07-22,-0.014739261869774367,ASML
2025-07-23,0.011549020408492261,ASML
2025-07-24,0.009177630269938675,ASML
2025-07-25,-0.021661980279130688,ASML
2025-07-28,0.022886472767054578,ASML
2025-07-29,-0.011795715933366147,ASML
2025-07-30,0.002772487931373746,ASML
2025-07-31,-0.03245537942829824,ASML
2025-08-01,0.012831523716786641,ASML
2025-08-04,-0.004548499596126909,ASML
2025-08-05,-0.007197678295211674,ASML
2025-08-06,-0.010577945435717773,ASML
2025-08-07,0.028189234353100723,ASML
2025-08-08,0.0035334128399240328,ASML
2025-08-11,0.0015640100861435968,ASML
2025-08-12,0.01550694907377892,ASML
2025-08-13,0.017906250648025868,ASML
2025-08-14,0.00029903120286967066,ASML
2025-08-15,-0.013023880724575498,ASML
2025-08-18,0.007634884359914551,ASML
2025-08-19,0.008375979069191963,ASML
2025-08-20,0.013831169798124598,ASML
2025-08-21,-0.014337900141981663,ASML
2025-08-22,0.01084788487799404,ASML
2025-08-25,0.002319208334032652,ASML
2025-08-26,0.007510571172109515,ASML
2025-08-27,0.007334610551414933,ASML
2025-08-28,-0.014770101816385939,ASML
2025-08-29,-0.016033064287967136,ASML
2025-09-02,-0.014426006322579177,ASML
2025-09-03,0.007163841200368282,ASML
2025-09-04,0.01328164089768169,ASML
2025-09-05,0.0353929658513783,ASML
2025-09-08,0.01357615959272529,ASML
2025-09-09,0.00826134629975428,ASML
2025-09-10,-0.01533118854119575,ASML
2025-09-11,0.00799487728087378,ASML
2025-09-12,0.007594881035682732,ASML
2025-09-15,0.055063728290750014,ASML
2025-09-16,0.013585240534930598,ASML
2025-09-17,-0.0050276821474950495,ASML
2025-09-18,0.05274046924158604,ASML
2025-09-19,-0.002068831918440317,ASML
2025-09-22,0.021242642276602552,ASML
2025-09-23,0.012608267863262412,ASML
2025-09-24,-0.013830313738425914,ASML
2025-09-25,0.007072974967095469,ASML
2025-09-26,-0.0020299570615103235,ASML
2025-09-29,0.006967212725509597,ASML
2025-09-30,0.0029412965881290276,ASML
2025-10-01,0.03090946394902705,ASML
2025-10-02,0.022356596631469827,ASML
2025-10-03,0.0062065265329724895,ASML
2025-10-06,0.003194799854995267,ASML
2025-10-07,-0.03481185943267384,ASML
2025-10-08,-0.025960952354239453,ASML
2025-10-09,-0.0061758895556653925,ASML
2025-10-10,-0.010953901372995567,ASML
2025-10-13,0.029478646333231495,ASML
2025-10-14,0.005179245561915735,ASML
2025-10-15,0.019693272396525074,ASML
2025-10-16,0.013348133189901468,ASML
2025-10-17,0.0029037395589952553,ASML
2025-10-20,-8.585034104235945e-05,ASML
2025-10-21,-0.016312139880125365,ASML
2025-10-22,-0.003527859928772692,ASML
2025-10-23,0.01588787790530599,ASML
2025-10-24,-0.013820487563103612,ASML
2025-10-27,0.008033545120015084,ASML
2025-10-28,-0.014761351145701873,ASML
2025-10-29,0.014573855148354298,ASML
2025-10-30,0.01970245602197096,ASML
2025-10-31,-0.02000917492473242,ASML
2025-11-03,0.002366519940784073,ASML
2025-11-04,-0.014480602106538676,ASML
2025-11-05,0.0066384086412671905,ASML
2025-11-06,0.0047648097163062175,ASML
2025-11-07,-0.008803712784818174,ASML
2025-11-10,-0.0006442120919318839,ASML
2025-11-11,-0.013217129804723449,ASML
2025-11-12,0.015266469087144685,ASML
2025-11-13,0.003642434436999409,ASML
2025-11-14,-0.013465222843041857,ASML
2025-11-17,0.021423981956090188,ASML
2025-11-18,-0.003500277338845059,ASML
2025-11-19,0.028572013219671177,ASML
2025-11-20,-0.03376172816678391,ASML
2025-11-21,-0.02234410453458846,ASML
2025-11-24,-0.0035049923985095432,ASML
2025-11-25,0.009324841604418488,ASML
2025-11-26,0.02814121289313576,ASML
2025-11-28,0.010041327123357924,ASML
2025-12-01,0.02942775420218613,ASML
2025-12-02,0.011132711620008173,ASML
2025-12-03,0.026133887126713162,ASML
2025-12-04,-0.02647231180732401,ASML
2025-12-05,-0.013672947472269215,ASML
2025-12-08,0.02014393990599128,ASML
2025-12-09,-0.008627987987604335,ASML
2025-12-10,0.0029776897695361626,ASML
2025-12-11,0.006379522938885884,ASML
2025-12-12,-0.01881014871272768,ASML
2025-12-15,0.011460022036541062,ASML
2025-12-16,-0.012858508559363102,ASML
2025-12-17,-0.039273929633616866,ASML
2025-12-18,0.0059680976891929305,ASML
2025-12-19,0.005889605088388095,ASML
2025-12-22,-0.0038733842546685437,ASML
2025-12-23,-8.489471558625894e-05,ASML
2025-12-24,0.0005382503694866259,ASML
2025-12-26,0.006826730790158386,ASML
2025-12-29,-0.0014597077272071601,ASML
2025-12-30,0.008065359881700651,ASML
2025-12-31,0.006171053499028467,ASML
2026-01-02,0.08608452517494847,ASML
2026-01-05,0.04595661511323357,ASML
2026-01-06,0.002586224383680502,ASML
2026-01-07,-0.01206851424925759,ASML
2026-01-08,-0.02248723432976618,ASML
2026-01-09,0.0545794693760282,ASML
2026-01-12,0.004923755155403775,ASML
2026-01-13,-0.007193662578814042,ASML
2026-01-14,0.005657103731576463,ASML
2026-01-15,0.048728439123068235,ASML
2026-01-16,0.020888151763201357,ASML
2026-01-20,-0.002736906451654697,ASML
2026-01-21,0.011903333514162284,ASML
2026-01-22,0.018100503529612233,ASML
2026-01-23,-0.007433921909972163,ASML
2026-01-26,0.01295941798425293,ASML
2026-01-27,0.019736867771779742,ASML
2026-01-28,-0.025319011420839033,ASML
2026-01-29,0.028408069557665172,ASML
2026-01-30,-0.010265056334742617,ASML
2026-02-02,0.005997620428660255,ASML
2026-02-03,-0.016599596538736883,ASML
2026-02-04,-0.023881546247015883,ASML
2026-02-05,0.02270287712260366,ASML
2026-02-06,0.024581465363811894,ASML
2026-02-09,0.003964642806879581,ASML
2026-02-10,-0.005195686460010229,ASML
2026-02-11,0.012771499315947565,ASML
2026-02-12,0.00031217542919925734,ASML
2026-02-13,-0.002313645861610425,ASML
2026-02-17,0.010350077810171499,ASML
2026-02-18,0.026449832550653696,ASML
2026-02-19,-0.0028508272177418803,ASML
2026-02-20,-0.0015298684084257275,ASML
2026-02-23,0.02332721560377138,ASML
2026-02-24,-0.0027680647207377618,ASML
2026-02-25,0.004597544440596124,ASML
2026-02-26,-0.02981033089829843,ASML
2026-02-27,-0.005880140220741126,ASML
2026-03-02,-0.020119562772643818,ASML
2026-03-03,-0.034207814454087604,ASML
2026-03-04,0.012718380515111427,ASML
2026-03-05,-0.019391822527609293,ASML
2026-03-06,-0.0416449865246209,ASML
2026-03-09,0.035508226239443275,ASML
2026-03-10,0.018941887193085094,ASML
2026-03-11,0.002499787862027425,ASML
2026-03-12,-0.008325832973600455,ASML
2026-03-13,0.0015774035530462527,ASML
2026-03-16,0.010799151845524158,ASML
2026-03-17,0.004969886811093005,ASML
2026-03-18,-0.010734558810980843,ASML
2026-03-19,0.011410541121004592,ASML
2026-03-20,-0.01797139386006741,ASML
2026-03-23,0.027573592611398468,ASML
2026-03-24,0.028384818550758695,ASML
2026-03-25,-0.010513680032737227,ASML
2026-03-26,-0.023138042140796955,ASML
2026-03-27,-0.0008103772720042812,ASML
2026-03-30,-0.03028321768791553,ASML
2026-03-31,0.018660295390604098,ASML
2026-04-01,0.016770412242708588,ASML
2026-04-02,-0.03292319176866343,ASML
2026-04-06,-0.016086282611265545,ASML
2026-04-07,0.0017165566210550764,ASML
2026-04-08,0.0547839501890941,ASML
2026-04-09,0.012487102305690279,ASML
2026-04-10,0.018812960121522337,ASML
2026-04-13,0.0044297386845544295,ASML
2026-04-14,-0.006001168097972354,ASML
2026-04-15,-0.03825644290796948,ASML
2026-04-16,-0.053863960880995876,ASML
2026-04-17,0.021122086035020082,ASML
2026-04-20,0.01455488805017513,ASML
2026-04-21,-0.008133127672597773,ASML
2026-04-22,-0.027141283798121307,ASML
2026-04-23,-0.012426544077879242,ASML
2026-04-24,0.008806519523822054,ASML
2026-04-27,-0.015825844954925117,ASML
2026-04-28,-0.023889098061061986,ASML
2026-04-29,0.0007572460941531745,ASML
2026-04-30,0.022423770887741945,ASML
2026-05-01,-0.017906913838687366,ASML
2026-05-04,-0.027129416970345765,ASML
2026-05-05,0.02720488691053724,ASML
2026-05-06,0.047625247190282494,ASML
2026-05-07,-0.01719096053343705,ASML
2026-05-08,0.02536236963431726,ASML
2026-05-11,-0.019492593675538572,ASML
2026-05-12,-0.02055678922642823,ASML
2026-05-13,0.028588894890444472,ASML
2026-05-14,-0.0052316232964289,ASML
2026-05-15,-0.03840150284911825,ASML
2026-05-18,-0.015472491138080358,ASML
2026-05-19,-0.002652696160913237,ASML
2026-05-20,0.04385790328616146,ASML
2026-05-21,0.024747138771732402,ASML
2026-05-22,0.02113478491447296,ASML
2026-05-26,-0.018132357499056617,ASML
2026-05-27,-0.02001591183688234,ASML
2026-05-28,-0.0034637005695756784,ASML
2026-05-29,0.0006662894521181073,ASML
2026-06-01,0.0037730088145710994,ASML
2026-06-02,0.04148582967832759,ASML
2026-06-03,0.014849792826130859,ASML
2026-06-04,0.02270924432704824,ASML
2026-06-05,-0.018927294461970057,ASML
2026-06-08,0.047815354512811936,ASML
2026-06-09,0.02786667164317258,ASML
2026-06-10,-0.0046406403927257145,ASML
2026-06-11,0.05782178814929395,ASML
2026-06-12,-0.02496424224304583,ASML
2026-06-15,-0.015430481668519569,ASML
2026-06-16,-0.02884948467116999,ASML
2026-06-17,0.04495328099893481,ASML
2026-06-18,0.007820484627810487,ASML
2026-06-22,0.0022904033851043337,ASML
2026-06-23,-0.04790015203771425,ASML
2026-06-24,-0.004606495177616132,ASML
2026-06-25,0.03544729293928306,ASML
2026-06-26,-0.011754157745789584,ASML
2026-06-29,0.02358101146774061,ASML
2026-06-30,0.03805693374555652,ASML
2026-07-01,-0.06106936581943678,ASML
2026-07-02,-0.023335275780842935,ASML
2026-07-06,0.016783023999079383,ASML
2026-07-07,-0.024859591400003822,ASML
2026-07-08,0.009326987572327639,ASML
2026-07-09,0.003423039477109313,ASML
2026-07-10,-0.006926784981090783,ASML
2026-07-13,-0.0213045856262708,ASML
2026-07-14,0.01722322187760561,ASML
2026-07-15,0.02478651425220324,ASML
2026-07-16,-0.00031157061733022573,ASML
2026-07-17,-0.005969928249410117,ASML
2026-07-20,-0.005959523832080649,ASML
2026-07-21,0.016926164015406364,ASML
2026-07-22,0.005313301194446396,ASML
2026-07-23,0.01979840857046078,ASML
2026-07-24,-0.01455882482989157,ASML
2026-07-27,-0.05661236976836381,ASML
2026-07-28,-0.03360825059260186,ASML
2026-07-29,-9.457832433668045e-06,ASML
2026-07-30,0.030505443440304703,ASML
2026-07-31,-0.020155769709734983,ASML
2026-08-03,-0.00914072162256474,ASML
2026-08-04,0.007962557755946342,ASML
2026-08-05,-0.01077433266169514,ASML
2026-08-06,0.01916304726241691,ASML
2026-08-07,0.009600564137042689,ASML
2026-08-10,-0.0013310274071240968,ASML
2026-08-11,0.04067390483629829,ASML
2026-08-12,-0.001357503020620321,ASML
2026-08-13,0.009185194453670498,ASML
2026-08-14,-0.0007024647104865167,ASML
2026-08-17,0.02259228384960199,ASML
2026-08-18,-0.02640960146866167,ASML
2026-08-19,-0.02323697569574712,ASML
2024-01-02,,VST
2024-01-03,0.013523306200137863,VST
2024-01-04,0.01090544043193864,VST
2024-01-05,0.0037501023169079772,VST
2024-01-08,-0.006305410104994191,VST
2024-01-09,0.00945810537799563,VST
2024-01-10,-0.03571258743835548,VST
2024-01-11,0.00852549609876041,VST
2024-01-12,0.008451315444168994,VST
2024-01-16,0.0026440230134801013,VST
2024-01-17,0.015778288064288493,VST
2024-01-18,-0.021929682931753014,VST
2024-01-19,-0.0005361313061391648,VST
2024-01-22,-0.0062962456786141985,VST
2024-01-23,-0.007147664046902591,VST
2024-01-24,-0.02121471900218319,VST
2024-01-25,0.02891000392077503,VST
2024-01-26,0.014595038865678589,VST
2024-01-29,-0.01559770753705525,VST
2024-01-30,0.023062507175633407,VST
2024-01-31,0.014917803246682126,VST
2024-02-01,0.04121821784067059,VST
2024-02-02,0.01262456659329425,VST
2024-02-05,-0.025999291810480774,VST
2024-02-06,-6.90490854742265e-05,VST
2024-02-07,0.0012540714873545689,VST
2024-02-08,-0.021698451215377723,VST
2024-02-09,-0.0021320085826688207,VST
2024-02-12,-0.005842674457183339,VST
2024-02-13,0.04767278843577172,VST
2024-02-14,-0.009255760925798384,VST
2024-02-15,0.022011285556811977,VST
2024-02-16,0.01328627410390304,VST
2024-02-20,0.020004666285293737,VST
2024-02-21,0.004659656271567947,VST
2024-02-22,0.0018507276734185396,VST
2024-02-23,0.023731116619738035,VST
2024-02-26,0.003196809493604569,VST
2024-02-27,0.042325877302941795,VST
2024-02-28,0.04457461314750111,VST
2024-02-29,0.019732518127637544,VST
2024-03-01,-0.015678551443079503,VST
2024-03-04,0.048249650947649325,VST
2024-03-05,0.050908037829011654,VST
2024-03-06,0.027298057300754408,VST
2024-03-07,-0.0023375365069790988,VST
2024-03-08,-0.004941556558629934,VST
2024-03-11,-0.03745382730688274,VST
2024-03-12,0.022134662416691597,VST
2024-03-13,0.023536611642903438,VST
2024-03-14,0.033910273131615654,VST
2024-03-15,-0.012908798370895092,VST
2024-03-18,0.005341939191655598,VST
2024-03-19,0.019982508506380725,VST
2024-03-20,0.03529697367884754,VST
2024-03-21,0.01925875281674294,VST
2024-03-22,0.0093324846784677,VST
2024-03-25,0.03371894554057597,VST
2024-03-26,-0.04436132603988341,VST
2024-03-27,0.0026207045919743877,VST
2024-03-28,0.02141813040292817,VST
2024-04-01,0.024519450319155034,VST
2024-04-02,0.0033409590872635064,VST
2024-04-03,0.03378442966096262,VST
2024-04-04,-0.02922808763932494,VST
2024-04-05,0.053983711995892136,VST
2024-04-08,-0.012448812771927109,VST
2024-04-09,-0.07165914453723499,VST
2024-04-10,0.026302486127170788,VST
2024-04-11,0.0015300760759640042,VST
2024-04-12,-0.015821690638603947,VST
2024-04-15,-0.0054484158839125385,VST
2024-04-16,-0.009222687306317034,VST
2024-04-17,0.02768952108685685,VST
2024-04-18,-0.03546367113640603,VST
2024-04-19,0.01756129553597585,VST
2024-04-22,0.006008404500704501,VST
2024-04-23,0.010786282919553969,VST
2024-04-24,0.025559540497684274,VST
2024-04-25,0.03310715902514083,VST
2024-04-26,-0.01228324700016703,VST
2024-04-29,0.06580226764581276,VST
2024-04-30,-0.008533693760591099,VST
2024-05-01,0.020616681956289185,VST
2024-05-02,0.025732096357795164,VST
2024-05-03,0.00018088393625603771,VST
2024-05-06,0.010353915509332623,VST
2024-05-07,-0.018343641198280025,VST
2024-05-08,0.08792824734205329,VST
2024-05-09,0.04136572653255044,VST
2024-05-10,0.0003241012416097533,VST
2024-05-13,-0.03771336452989882,VST
2024-05-14,0.007902744099021142,VST
2024-05-15,0.04226209155860072,VST
2024-05-16,-0.03764560113693083,VST
2024-05-17,0.010528577593949429,VST
2024-05-20,-0.0346455639465324,VST
2024-05-21,0.02744181703963733,VST
2024-05-22,0.0005159732808612816,VST
2024-05-23,0.024046905655502826,VST
2024-05-24,0.05083928957958772,VST
2024-05-28,0.03560100223378182,VST
2024-05-29,-0.01752065553468718,VST
2024-05-30,0.0275188704299838,VST
2024-05-31,-0.05968822476239222,VST
2024-06-03,-0.06599879323020286,VST
2024-06-04,-0.043219431364716954,VST
2024-06-05,0.0070320883541894474,VST
2024-06-06,-0.06407737060090568,VST
2024-06-07,-0.013006295078139551,VST
2024-06-10,0.032328168286464454,VST
2024-06-11,0.02660114671432101,VST
2024-06-12,-0.020274238237055542,VST
2024-06-13,-0.02954617414595173,VST
2024-06-14,-0.014373196738296734,VST
2024-06-17,-0.05354927126845066,VST
2024-06-18,0.04354812468767122,VST
2024-06-20,0.014678706522453844,VST
2024-06-21,-0.012513116378636724,VST
2024-06-24,0.027099313060182872,VST
2024-06-25,0.0019148158442172658,VST
2024-06-26,-0.041995411179244435,VST
2024-06-27,0.012555517241193748,VST
2024-06-28,-0.009114440766800236,VST
2024-07-01,0.009845694382980774,VST
2024-07-02,-0.006331282387725956,VST
2024-07-03,0.036515740963685595,VST
2024-07-05,-0.036439994212316584,VST
2024-07-08,0.03625960893634783,VST
2024-07-09,-0.01692703941565643,VST
2024-07-10,-0.0004656029600074163,VST
2024-07-11,0.014562350922005862,VST
2024-07-12,-0.00891889812640656,VST
2024-07-15,-0.060609267812022694,VST
2024-07-16,-0.004102498723421277,VST
2024-07-17,-0.08967882736900101,VST
2024-07-18,0.009326598963602883,VST
2024-07-19,0.007857447607886314,VST
2024-07-22,0.019911090050788616,VST
2024-07-23,0.014834792170304922,VST
2024-07-24,-0.06168250541623976,VST
2024-07-25,-0.019691339439146915,VST
2024-07-26,0.0002557574206285551,VST
2024-07-29,-0.00032095639103157936,VST
2024-07-30,-0.018121337475088595,VST
2024-07-31,0.10895763858330643,VST
2024-08-01,-0.016449191032001487,VST
2024-08-02,-0.02461805691763086,VST
2024-08-05,-0.0010024724693318277,VST
2024-08-06,0.04846359955866042,VST
2024-08-07,0.004956345894701286,VST
2024-08-08,0.03693865161901311,VST
2024-08-09,-0.010788548930012354,VST
2024-08-12,-0.01083585780984997,VST
2024-08-13,0.006930139756869735,VST
2024-08-14,-0.015352688074575127,VST
2024-08-15,0.002432553426516826,VST
2024-08-16,-0.027405885583267953,VST
2024-08-19,0.004315326686556098,VST
2024-08-20,-0.011616753780144151,VST
2024-08-21,0.02795805489572789,VST
2024-08-22,0.02830265365425344,VST
2024-08-23,0.018433603722093572,VST
2024-08-26,-0.0006752599757380295,VST
2024-08-27,-0.006405231185192761,VST
2024-08-28,-0.013605294262468703,VST
2024-08-29,0.027427939400854306,VST
2024-08-30,-0.0029130802899963726,VST
2024-09-03,-0.08955966690225736,VST
2024-09-04,0.014936487238554896,VST
2024-09-05,-0.01207999198178289,VST
2024-09-06,-0.0013385330313591126,VST
2024-09-09,0.004040674134041744,VST
2024-09-10,0.00576493160560787,VST
2024-09-11,0.02950794712376048,VST
2024-09-12,-0.004659962461078138,VST
2024-09-13,0.05674658816969025,VST
2024-09-16,0.04844729881251375,VST
2024-09-17,0.018857603795001232,VST
2024-09-18,0.004777699744930253,VST
2024-09-19,-0.008115203293945328,VST
2024-09-20,0.15549977901450518,VST
2024-09-23,0.031523144549911564,VST
2024-09-24,0.0020621117759453966,VST
2024-09-25,0.05680479300207519,VST
2024-09-26,-0.049679411265398876,VST
2024-09-27,0.03628033931665886,VST
2024-09-30,0.004233518940970349,VST
2024-10-01,0.04729895148788543,VST
2024-10-02,0.0213383119616104,VST
2024-10-03,0.055683129457093195,VST
2024-10-04,0.0321873088655904,VST
2024-10-07,-0.04219454725286731,VST
2024-10-08,-0.040363008109081555,VST
2024-10-09,-0.03782308581890437,VST
2024-10-10,0.0005723463694371489,VST
2024-10-11,0.007900881786834901,VST
2024-10-14,0.045781968100190085,VST
2024-10-15,-0.017019231068022833,VST
2024-10-16,0.055957512017178246,VST
2024-10-17,-0.06475465637661415,VST
2024-10-18,0.023573840817840974,VST
2024-10-21,-0.007883950633876147,VST
2024-10-22,-0.042909052380922574,VST
2024-10-23,0.023963318429324865,VST
2024-10-24,-0.012287570252075497,VST
2024-10-25,-0.018494836927811065,VST
2024-10-28,0.02962518252775581,VST
2024-10-29,-0.01836615108054218,VST
2024-10-30,-0.012751986933287718,VST
2024-10-31,0.03239238916750331,VST
2024-11-01,-0.05196534450299417,VST
2024-11-04,-0.029136367781599226,VST
2024-11-05,0.039178523395515974,VST
2024-11-06,0.0069940612109169464,VST
2024-11-07,0.0580501397618578,VST
2024-11-08,0.04328713562421438,VST
2024-11-11,0.02769682869096801,VST
2024-11-12,-0.023470872135709087,VST
2024-11-13,0.0010061352201802265,VST
2024-11-14,-0.019116336090655217,VST
2024-11-15,0.05041568516115369,VST
2024-11-18,0.02410595521967185,VST
2024-11-19,0.04775300134410276,VST
2024-11-20,-0.0009102162527296898,VST
2024-11-21,0.07102992987679091,VST
2024-11-22,-0.030156179431780394,VST
2024-11-25,-0.050821623378149994,VST
2024-11-26,0.04844595809769192,VST
2024-11-27,-0.04343391360046578,VST
2024-11-29,0.025101152518815617,VST
2024-12-02,-0.04733559292918521,VST
2024-12-03,-0.0027369370442036356,VST
2024-12-04,0.03304953004319877,VST
2024-12-05,0.00010580427003148429,VST
2024-12-06,-0.014519715020235857,VST
2024-12-09,-0.06792607435308362,VST
2024-12-10,-0.0434503341610144,VST
2024-12-11,0.013421668744113546,VST
2024-12-12,0.00015305777691487776,VST
2024-12-13,-0.008935565023639569,VST
2024-12-16,-0.011265528233147748,VST
2024-12-17,-0.03459531445142794,VST
2024-12-18,-0.013732861936778917,VST
2024-12-19,0.03638123619367217,VST
2024-12-20,0.012770552253086542,VST
2024-12-23,-0.0037117525502239346,VST
2024-12-24,0.004620997762721402,VST
2024-12-26,0.0058974836845528955,VST
2024-12-27,-0.017840574580574753,VST
2024-12-30,0.016320123469514947,VST
2024-12-31,-0.00744288925148151,VST
2025-01-02,0.08401291952316026,VST
2025-01-03,0.06521737578454356,VST
2025-01-06,-0.0016820299145194895,VST
2025-01-07,0.014461413935999978,VST
2025-01-08,-0.015968697204096216,VST
2025-01-10,0.0519574838892618,VST
2025-01-13,-0.024758157583340434,VST
2025-01-14,0.051345351945228934,VST
2025-01-15,-0.030635710988490494,VST
2025-01-16,0.03518200752644596,VST
2025-01-17,-0.034948425284701656,VST
2025-01-21,0.07555379813635366,VST
2025-01-22,-0.004591265443928627,VST
2025-01-23,0.02443888242111747,VST
2025-01-24,0.0015940639231928344,VST
2025-01-27,-0.30273764088935273,VST
2025-01-28,0.07299599132082424,VST
2025-01-29,0.0384263374603222,VST
2025-01-30,0.12315482885161178,VST
2025-01-31,-0.04659074806815333,VST
2025-02-03,0.011006899113619184,VST
2025-02-04,-0.013387991090435314,VST
2025-02-05,0.014770329042412378,VST
2025-02-06,-0.015338225916899262,VST
2025-02-07,-0.005004134409210437,VST
2025-02-10,-0.0031442670021446517,VST
2025-02-11,-0.0022593249633429124,VST
2025-02-12,-0.00657107726592443,VST
2025-02-13,-0.02006194344320722,VST
2025-02-14,0.007871134795998103,VST
2025-02-18,0.007351392620494224,VST
2025-02-19,0.00013558096997812186,VST
2025-02-20,-0.032860238338512815,VST
2025-02-21,-0.06031633746269183,VST
2025-02-24,-0.04052504302962756,VST
2025-02-25,-0.021811657619088543,VST
2025-02-26,0.06940861944818089,VST
2025-02-27,-0.102719670116028,VST
2025-02-28,0.012019885092665383,VST
2025-03-03,-0.05329550290069385,VST
2025-03-04,0.026858531542043984,VST
2025-03-05,-0.013503323633009323,VST
2025-03-06,-0.07547973785815909,VST
2025-03-07,-0.008113421451668046,VST
2025-03-10,-0.01281622123538817,VST
2025-03-11,0.05508669004501421,VST
2025-03-12,0.05279613375206793,VST
2025-03-13,-0.014526316352694302,VST
2025-03-14,0.029416720863740586,VST
2025-03-17,0.008133670671021775,VST
2025-03-18,0.0025981054745782828,VST
2025-03-19,0.02910285440876681,VST
2025-03-20,0.020785924128006172,VST
2025-03-21,-0.0133491943694386,VST
2025-03-24,0.011137035663576711,VST
2025-03-25,-0.029159166456308228,VST
2025-03-26,-0.04242714039686035,VST
2025-03-27,-0.032922771350119895,VST
2025-03-28,0.024498962312231143,VST
2025-03-31,-0.013573258753996065,VST
2025-04-01,0.03202979237721859,VST
2025-04-02,0.03242401095295744,VST
2025-04-03,-0.10658862025283611,VST
2025-04-04,-0.034270915879749175,VST
2025-04-07,0.043622883818260405,VST
2025-04-08,0.013291817708918074,VST
2025-04-09,0.03066401741963265,VST
2025-04-10,-0.03366038472496147,VST
2025-04-11,0.0039201725964845835,VST
2025-04-14,0.0019793959987541854,VST
2025-04-15,0.025677863200987083,VST
2025-04-16,0.031653603697959554,VST
2025-04-17,-0.003711209407332383,VST
2025-04-21,-0.05518683763460608,VST
2025-04-22,0.02986189041190901,VST
2025-04-23,0.04095891974879162,VST
2025-04-24,0.006894468549487165,VST
2025-04-25,0.008127383901501695,VST
2025-04-28,0.02357604901296373,VST
2025-04-29,-0.008822312184404879,VST
2025-04-30,0.002443007220336746,VST
2025-05-01,0.044507841379770596,VST
2025-05-02,-0.000416626407690579,VST
2025-05-05,0.01110619441853622,VST
2025-05-06,0.04305635899267113,VST
2025-05-07,-0.04120700476900474,VST
2025-05-08,-0.00021520989981294036,VST
2025-05-09,-0.03665110647005232,VST
2025-05-12,0.03347591671734751,VST
2025-05-13,0.04407631077833507,VST
2025-05-14,-0.007783047070718752,VST
2025-05-15,-0.0184403714243091,VST
2025-05-16,0.025204169190745418,VST
2025-05-19,0.0035014238305084433,VST
2025-05-20,0.0014935151736343855,VST
2025-05-21,-0.018101534531684393,VST
2025-05-22,0.015406596615107127,VST
2025-05-23,0.03129394458036305,VST
2025-05-27,0.012152458821196532,VST
2025-05-28,-0.00475443275308951,VST
2025-05-29,-0.0182951336526056,VST
2025-05-30,0.006823546860832863,VST
2025-06-02,0.03420695132925644,VST
2025-06-03,0.04189330026389193,VST
2025-06-04,-0.021769918316519643,VST
2025-06-05,-0.003039560394412888,VST
2025-06-06,0.006238071020255198,VST
2025-06-09,-0.026254416842328432,VST
2025-06-10,-0.034855749235239486,VST
2025-06-11,0.016288726326528113,VST
2025-06-12,0.039227465425669905,VST
2025-06-13,0.011943610104569125,VST
2025-06-16,0.005847643421531323,VST
2025-06-17,0.012898007267753364,VST
2025-06-18,0.02027383471894506,VST
2025-06-20,0.02577276917820459,VST
2025-06-23,-0.0024268548463401984,VST
2025-06-24,-0.017215336359484468,VST
2025-06-25,-0.001747859011127062,VST
2025-06-26,0.012354571146475202,VST
2025-06-27,0.020659836192291614,VST
2025-06-30,-0.012782502554624209,VST
2025-07-01,-0.03751691565680293,VST
2025-07-02,0.003378148442510387,VST
2025-07-03,0.01752895066838711,VST
2025-07-07,0.015335207764891834,VST
2025-07-08,-0.018900943929915037,VST
2025-07-09,0.02822949509379491,VST
2025-07-10,-0.004823631011836582,VST
2025-07-11,0.0063309365325308065,VST
2025-07-14,-0.012665194285426118,VST
2025-07-15,-0.018732267312675965,VST
2025-07-16,-0.03959004093659768,VST
2025-07-17,-0.01969560701564088,VST
2025-07-18,0.059697022342007244,VST
2025-07-21,-0.030248887656517454,VST
2025-07-22,0.00974775455865462,VST
2025-07-23,0.05214321647318876,VST
2025-07-24,-0.021704856504021208,VST
2025-07-25,-0.023205934478406576,VST
2025-07-28,0.01584521697229757,VST
2025-07-29,0.01231491433319043,VST
2025-07-30,0.04335450547899011,VST
2025-07-31,0.012483736535343404,VST
2025-08-01,0.017542848128687005,VST
2025-08-04,0.010194526408755067,VST
2025-08-05,-0.014242747604776618,VST
2025-08-06,-0.0551472650270135,VST
2025-08-07,0.019946995481286756,VST
2025-08-08,-0.026307386140171474,VST
2025-08-11,-0.0071809343658717495,VST
2025-08-12,0.033802451753893514,VST
2025-08-13,-0.021135146093444135,VST
2025-08-14,-0.013600439953151522,VST
2025-08-15,-0.020714224682556903,VST
2025-08-18,0.008624862807200984,VST
2025-08-19,-0.014062471203115656,VST
2025-08-20,0.0027978595487692104,VST
2025-08-21,-0.00908671833371777,VST
2025-08-22,-0.014363841794852839,VST
2025-08-25,0.0008914797617931569,VST
2025-08-26,0.02216253804989421,VST
2025-08-27,-0.0042042840394129755,VST
2025-08-28,0.004493184370208958,VST
2025-08-29,-0.027707817824277114,VST
2025-09-02,-0.009188836981057769,VST
2025-09-03,0.004518773513666474,VST
2025-09-04,-0.000488880117024415,VST
2025-09-05,-0.010601878078205118,VST
2025-09-08,-0.004812871176500977,VST
2025-09-09,0.0273991746398643,VST
2025-09-10,0.07628781759117054,VST
2025-09-11,-0.030777065326539343,VST
2025-09-12,0.022905397489757284,VST
2025-09-15,0.009531987769847206,VST
2025-09-16,-0.018495579947676255,VST
2025-09-17,-0.0033641185223363124,VST
2025-09-18,-0.0001348367774349768,VST
2025-09-19,-0.0003554212617968844,VST
2025-09-22,0.025041186268949467,VST
2025-09-23,-0.05816780854311254,VST
2025-09-24,-0.007214376587550753,VST
2025-09-25,0.0021406857070429552,VST
2025-09-26,0.023293807118823118,VST
2025-09-29,-0.050437479762926785,VST
2025-09-30,-0.012993058070482455,VST
2025-10-01,0.02334715339520521,VST
2025-10-02,0.001538662139377145,VST
2025-10-03,0.0009565082463929286,VST
2025-10-06,-0.01533498336370176,VST
2025-10-07,0.0013298526617546713,VST
2025-10-08,0.022728157391157744,VST
2025-10-09,0.017776215026305664,VST
2025-10-10,-0.029283692860245125,VST
2025-10-13,0.041470333457538366,VST
2025-10-14,-0.0127843955332132,VST
2025-10-15,0.018620310667369466,VST
2025-10-16,0.001573223349602415,VST
2025-10-17,-0.05051112716577588,VST
2025-10-20,-0.04847206342585775,VST
2025-10-21,-0.040294585725837884,VST
2025-10-22,0.005974524558471472,VST
2025-10-23,0.02100512229462037,VST
2025-10-24,0.04081005747069266,VST
2025-10-27,-0.02848165597001895,VST
2025-10-28,-0.0523473565528878,VST
2025-10-29,0.0405448590003088,VST
2025-10-30,-0.03425890602193604,VST
2025-10-31,-0.012272448662353774,VST
2025-11-03,0.020087484411319245,VST
2025-11-04,-0.018042689424292213,VST
2025-11-05,0.01297364323133543,VST
2025-11-06,-0.00670574948040592,VST
2025-11-07,0.03713416445596529,VST
2025-11-10,-0.03622633869281966,VST
2025-11-11,-0.0469836789605278,VST
2025-11-12,-0.004191351204895,VST
2025-11-13,-0.017739067272739995,VST
2025-11-14,0.01732433365397945,VST
2025-11-17,0.01035007657581577,VST
2025-11-18,0.008930778262554284,VST
2025-11-19,0.020748925763856896,VST
2025-11-20,-0.006363254111409589,VST
2025-11-21,-0.037862612920448235,VST
2025-11-24,0.012864140516028577,VST
2025-11-25,-0.031002953533089794,VST
2025-11-26,0.025494804642899993,VST
2025-11-28,0.0035096451626186465,VST
2025-12-01,-0.026254578190448186,VST
2025-12-02,-0.014092761362145545,VST
2025-12-03,-0.007670382647629204,VST
2025-12-04,0.026354942229227518,VST
2025-12-05,-0.05593958706568891,VST
2025-12-08,-0.004380463046270933,VST
2025-12-09,-0.009149884789937168,VST
2025-12-10,-0.0019052356795015157,VST
2025-12-11,0.05876213711269607,VST
2025-12-12,-0.006807915670960618,VST
2025-12-15,-0.005903335287366751,VST
2025-12-16,0.028458576279203562,VST
2025-12-17,-0.062192218298953605,VST
2025-12-18,0.023638842256554327,VST
2025-12-19,-0.03202810395752831,VST
2025-12-22,-0.01238447637853568,VST
2025-12-23,-0.004053701645993613,VST
2025-12-24,-0.0011291262102597344,VST
2025-12-26,-0.0017280364070400012,VST
2025-12-29,0.0059033692537191484,VST
2025-12-30,0.007129979331928382,VST
2025-12-31,0.00033575259984885975,VST
2026-01-02,0.025825369545559695,VST
2026-01-05,-0.0219292760341947,VST
2026-01-06,0.030961087842748647,VST
2026-01-07,-0.09315079762653511,VST
2026-01-08,-0.020508495648198455,VST
2026-01-09,0.08967580662376129,VST
2026-01-12,0.03581728827226893,VST
2026-01-13,-0.005260278998219015,VST
2026-01-14,-0.0036551795123980213,VST
2026-01-15,0.060642187241959356,VST
2026-01-16,-0.07752395941164991,VST
2026-01-20,-0.039084731959389885,VST
2026-01-21,0.0068360858831306714,VST
2026-01-22,-0.005120584876977752,VST
2026-01-23,-0.004650272044261605,VST
2026-01-26,-0.012605442895827323,VST
2026-01-27,0.0247175938612072,VST
2026-01-28,0.0050601444778006766,VST
2026-01-29,-0.012643227980212224,VST
2026-01-30,-0.014278907746478886,VST
2026-02-02,-0.03301133685792834,VST
2026-02-03,0.007281830206564699,VST
2026-02-04,-0.05333222927798609,VST
2026-02-05,0.01835164969294123,VST
2026-02-06,0.024047531124264054,VST
2026-02-09,0.014311725545954168,VST
2026-02-10,0.047078993835654614,VST
2026-02-11,0.0007616319862844279,VST
2026-02-12,0.0388012409869356,VST
2026-02-13,0.048032654678059394,VST
2026-02-17,0.01372023430516034,VST
2026-02-18,-0.025508123226646973,VST
2026-02-19,0.015088446737492767,VST
2026-02-20,-0.015207301952341545,VST
2026-02-23,-0.008997712990609585,VST
2026-02-24,0.011825734662346044,VST
2026-02-25,0.007169116179896129,VST
2026-02-26,0.020429288665474665,VST
2026-02-27,-0.013503572177773648,VST
2026-03-02,-0.04781180233995386,VST
2026-03-03,-0.01542158029860019,VST
2026-03-04,-0.004914522781950481,VST
2026-03-05,0.027447186775093613,VST
2026-03-06,-0.038528161043299036,VST
2026-03-09,0.01757892014783824,VST
2026-03-10,0.00473930300517722,VST
2026-03-11,-0.03226080150766819,VST
2026-03-12,0.019947752243862915,VST
2026-03-13,0.001989037671548566,VST
2026-03-16,0.007790009329290193,VST
2026-03-17,0.009473611272676763,VST
2026-03-18,0.048665163555539515,VST
2026-03-19,-0.013131802996619868,VST
2026-03-20,-0.1164455637316184,VST
2026-03-23,0.02404136630583409,VST
2026-03-24,0.016267889258497092,VST
2026-03-25,-0.014508679529831703,VST
2026-03-26,0.029358116354807784,VST
2026-03-27,0.040394861272693205,VST
2026-03-30,-0.04474513511238509,VST
2026-03-31,-0.014559895010410884,VST
2026-04-01,0.011582530215049402,VST
2026-04-02,-0.019367689115862063,VST
2026-04-06,-0.003291023925919845,VST
2026-04-07,0.01354001618227052,VST
2026-04-08,-0.015020406990720048,VST
2026-04-09,-0.027089933905628527,VST
2026-04-10,0.011437858023291447,VST
2026-04-13,0.011889029008417928,VST
2026-04-14,0.017829329428407092,VST
2026-04-15,-0.02020376698537696,VST
2026-04-16,0.010965515217431054,VST
2026-04-17,-0.02558332503124472,VST
2026-04-20,-0.02071770810567486,VST
2026-04-21,-0.02601576730657129,VST
2026-04-22,-0.010927635193453078,VST
2026-04-23,0.012429687645486354,VST
2026-04-24,0.027761539867390717,VST
2026-04-27,0.012950235345822847,VST
2026-04-28,-0.023218560439375757,VST
2026-04-29,-0.05265643914024043,VST
2026-04-30,0.01671081477199543,VST
2026-05-01,-0.02590570952941018,VST
2026-05-04,0.037127955933959456,VST
2026-05-05,-0.015816880478604745,VST
2026-05-06,-0.03367875532912201,VST
2026-05-07,-0.026607218900690732,VST
2026-05-08,-0.06447957452269382,VST
2026-05-11,0.025998613459224273,VST
2026-05-12,-0.02614363218610638,VST
2026-05-13,-0.03994108624070858,VST
2026-05-14,-0.012073623938408495,VST
2026-05-15,-0.0005658091120706032,VST
2026-05-18,-0.016888060114232495,VST
2026-05-19,-0.008848581481585072,VST
2026-05-20,0.050260870116516365,VST
2026-05-21,0.03276459302040369,VST
2026-05-22,0.04287051636114381,VST
2026-05-26,0.03409049269736464,VST
2026-05-27,-0.026027100161410743,VST
2026-05-28,-0.007584152498901986,VST
2026-05-29,-0.003989383641340716,VST
2026-06-01,-0.04071709987121519,VST
2026-06-02,0.015935734053249107,VST
2026-06-03,-0.02413534880440693,VST
2026-06-04,0.004198747388379331,VST
2026-06-05,0.016522807640851234,VST
2026-06-08,-0.028077173067746486,VST
2026-06-09,0.006934249367501977,VST
2026-06-10,-0.03377454876691832,VST
2026-06-11,0.02182907103689935,VST
2026-06-12,0.0052739041924807495,VST
2026-06-15,0.005553007912178387,VST
2026-06-16,0.0518058769084524,VST
2026-06-17,0.011507473047674743,VST
2026-06-18,0.0057500492589595,VST
2026-06-22,0.02512122567013364,VST
2026-06-23,0.00393479849081757,VST
2026-06-24,0.007206319624081914,VST
2026-06-25,0.02156877494366327,VST
2026-06-26,-0.011982937945107963,VST
2026-06-29,-0.03136293167164972,VST
2026-06-30,-0.04023639569419846,VST
2026-07-01,-0.01972393072971368,VST
2026-07-02,0.003613645165508217,VST
2026-07-06,0.025795158365139237,VST
2026-07-07,0.009176023202144279,VST
2026-07-08,-0.008689780130895386,VST
2026-07-09,0.003699842195764802,VST
2026-07-10,0.0024764930026623944,VST
2026-07-13,0.014493099326523762,VST
2026-07-14,-0.009149303060693725,VST
2026-07-15,0.014010641459162976,VST
2026-07-16,-0.032475189700108764,VST
2026-07-17,0.03384554939549567,VST
2026-07-20,0.015222671465602744,VST
2026-07-21,0.00872222575998638,VST
2026-07-22,0.03192350661323751,VST
2026-07-23,0.032510510188729747,VST
2026-07-24,-0.02246744127372402,VST
2026-07-27,-0.036235062853928746,VST
2026-07-28,-0.0454607211055027,VST
2026-07-29,-0.019431461846564524,VST
2026-07-30,0.007435421227117267,VST
2026-07-31,-0.00937192942790066,VST
2026-08-03,0.0335700311042908,VST
2026-08-04,-0.11842344794123605,VST
2026-08-05,-0.009584956432018288,VST
2026-08-06,0.009375800103817333,VST
2026-08-07,-0.017261317311989544,VST
2026-08-10,0.01907921112746358,VST
2026-08-11,0.017609440148248723,VST
2026-08-12,0.0047906118042568835,VST
2026-08-13,-0.01340992250298001,VST
2026-08-14,0.013114663112191671,VST
2026-08-17,-0.012087737680237076,VST
2026-08-18,-0.02193037808621945,VST
2026-08-19,-0.003293364843090174,VST
2024-01-02,,CEG
2024-01-03,0.015830510237778483,CEG
2024-01-04,0.0009212387676784672,CEG
2024-01-05,0.006413753010489742,CEG
2024-01-08,-0.013683868843990865,CEG
2024-01-09,-0.006598458511703598,CEG
2024-01-10,-0.012263944591691889,CEG
2024-01-11,-0.027783551232995585,CEG
2024-01-12,-0.0005128711120061524,CEG
2024-01-16,-0.00969244545150616,CEG
2024-01-17,0.006640071477430176,CEG
2024-01-18,-0.018661743904679007,CEG
2024-01-19,0.007284021791186923,CEG
2024-01-22,0.022524163024553623,CEG
2024-01-23,0.008407040882601358,CEG
2024-01-24,-0.03130764008738751,CEG
2024-01-25,0.04010256521130007,CEG
2024-01-26,0.01193051186942995,CEG
2024-01-29,-0.012334731780600627,CEG
2024-01-30,0.01384250474381421,CEG
2024-01-31,0.0207646005513622,CEG
2024-02-01,0.03340763861797935,CEG
2024-02-02,-0.0005933748766500102,CEG
2024-02-05,-0.019571796721543855,CEG
2024-02-06,0.0328597522511469,CEG
2024-02-07,0.0010712177716403204,CEG
2024-02-08,-0.015375041366192832,CEG
2024-02-09,0.0012364705366501028,CEG
2024-02-12,-0.02416223810449214,CEG
2024-02-13,0.011040068930700642,CEG
2024-02-14,-0.004914217019778455,CEG
2024-02-15,0.018782589157779306,CEG
2024-02-16,0.006520291707856174,CEG
2024-02-20,0.01244437769341733,CEG
2024-02-21,0.0009703236977518515,CEG
2024-02-22,-0.01382457663723713,CEG
2024-02-23,0.007437123920098543,CEG
2024-02-26,-0.005236490900614399,CEG
2024-02-27,0.1539122754413551,CEG
2024-02-28,0.09769112539427116,CEG
2024-02-29,-0.02256266414844532,CEG
2024-03-01,-0.005844050196516903,CEG
2024-03-04,0.03826200459146989,CEG
2024-03-05,0.022534946396643107,CEG
2024-03-06,0.011732335742163258,CEG
2024-03-07,-0.015326016144389776,CEG
2024-03-08,-0.03693443009230535,CEG
2024-03-11,-0.01199843265114442,CEG
2024-03-12,-0.011497263978699657,CEG
2024-03-13,0.004682210414744148,CEG
2024-03-14,-0.01684471258725928,CEG
2024-03-15,0.017288851536712002,CEG
2024-03-18,0.010367349394687864,CEG
2024-03-19,0.01843525316259864,CEG
2024-03-20,0.00717265924541266,CEG
2024-03-21,-0.013753679150712905,CEG
2024-03-22,0.022185658945407916,CEG
2024-03-25,0.05300283402573225,CEG
2024-03-26,-0.006685622219174903,CEG
2024-03-27,-0.006208888597263318,CEG
2024-03-28,0.001628726222731025,CEG
2024-04-01,0.003979660636586502,CEG
2024-04-02,0.020161773613915912,CEG
2024-04-03,0.009016610347118537,CEG
2024-04-04,-0.022895747147290813,CEG
2024-04-05,0.04130255398963012,CEG
2024-04-08,-0.006008637662457517,CEG
2024-04-09,-0.02411012426374537,CEG
2024-04-10,0.024485369839834625,CEG
2024-04-11,-0.006466033145384742,CEG
2024-04-12,0.009777159965770998,CEG
2024-04-15,-0.016671698945299518,CEG
2024-04-16,0.006626609019753538,CEG
2024-04-17,0.005556985621115729,CEG
2024-04-18,-0.002618513091041663,CEG
2024-04-19,0.004676090627466323,CEG
2024-04-22,0.002736827774382,CEG
2024-04-23,0.012270694124773662,CEG
2024-04-24,-0.014546353809565815,CEG
2024-04-25,0.014730170579336566,CEG
2024-04-26,-0.013401045455331051,CEG
2024-04-29,-0.002778813387695145,CEG
2024-04-30,0.004779253705456732,CEG
2024-05-01,-0.0001928254763079451,CEG
2024-05-02,-0.003943263589990309,CEG
2024-05-03,0.025668182047121846,CEG
2024-05-06,0.0035757359092496444,CEG
2024-05-07,0.014203766472555834,CEG
2024-05-08,0.037015155065999394,CEG
2024-05-09,0.035144595630732134,CEG
2024-05-10,-0.00690490228155749,CEG
2024-05-13,-0.008558733375028105,CEG
2024-05-14,0.01283166419934112,CEG
2024-05-15,0.009749921494550229,CEG
2024-05-16,-0.029676331164364633,CEG
2024-05-17,-0.014555762697840535,CEG
2024-05-20,0.002206622397976865,CEG
2024-05-21,0.032413315232455275,CEG
2024-05-22,-0.01100659332937326,CEG
2024-05-23,0.00926762140547499,CEG
2024-05-24,0.03251620986478532,CEG
2024-05-28,-0.0009992578327464585,CEG
2024-05-29,-0.03799978395657799,CEG
2024-05-30,0.02970843270812029,CEG
2024-05-31,-0.03301176186370203,CEG
2024-06-03,-0.04761657915417494,CEG
2024-06-04,-0.027624722443378324,CEG
2024-06-05,0.010057469903904881,CEG
2024-06-06,-0.0323333026272854,CEG
2024-06-07,-0.02208136199288724,CEG
2024-06-10,0.07661779411381353,CEG
2024-06-11,0.010161090322471367,CEG
2024-06-12,-0.013837641859874239,CEG
2024-06-13,0.00281249218373425,CEG
2024-06-14,-0.02830435990726876,CEG
2024-06-17,-0.025667658348349498,CEG
2024-06-18,0.03849967298574164,CEG
2024-06-20,0.016321312756093498,CEG
2024-06-21,-0.01629876290302068,CEG
2024-06-24,0.0021001307441244066,CEG
2024-06-25,0.0172304784835573,CEG
2024-06-26,-0.05782327812419563,CEG
2024-06-27,-0.029224110353771593,CEG
2024-06-28,-0.017065411750660786,CEG
2024-07-01,0.01773958406213172,CEG
2024-07-02,-0.005094854838637808,CEG
2024-07-03,0.010534204683664505,CEG
2024-07-05,-0.00458217343473688,CEG
2024-07-08,0.018420824885711617,CEG
2024-07-09,0.0002014248097257365,CEG
2024-07-10,0.006114288364893028,CEG
2024-07-11,0.009753837804773013,CEG
2024-07-12,-0.004475116901201837,CEG
2024-07-15,-0.02249774719331299,CEG
2024-07-16,-0.038687011123236026,CEG
2024-07-17,-0.0632878725571322,CEG
2024-07-18,0.008006199903421773,CEG
2024-07-19,0.01963135617559253,CEG
2024-07-22,-0.008888648000026755,CEG
2024-07-23,0.0006382381359397726,CEG
2024-07-24,-0.044567311668091136,CEG
2024-07-25,-0.015829150536800896,CEG
2024-07-26,0.01648592743520716,CEG
2024-07-29,-0.015581041858569122,CEG
2024-07-30,-0.009550802798947267,CEG
2024-07-31,0.088743659461203,CEG
2024-08-01,-0.042086211003223184,CEG
2024-08-02,-0.03687099842968067,CEG
2024-08-05,0.04741903077191445,CEG
2024-08-06,0.05358617097771923,CEG
2024-08-07,0.003237059759910288,CEG
2024-08-08,0.010070506774644272,CEG
2024-08-09,0.009861663014127942,CEG
2024-08-12,-0.013758020244849511,CEG
2024-08-13,-0.01346771934917701,CEG
2024-08-14,-0.017685499303958352,CEG
2024-08-15,-0.0024274421342660446,CEG
2024-08-16,-0.0034408668357768235,CEG
2024-08-19,0.0015803737620450065,CEG
2024-08-20,-0.008642423864445803,CEG
2024-08-21,0.026423393023709885,CEG
2024-08-22,0.006842071881427714,CEG
2024-08-23,-0.010582014399257211,CEG
2024-08-26,0.009242727857307287,CEG
2024-08-27,0.003410513758326239,CEG
2024-08-28,-0.0007443895032031023,CEG
2024-08-29,0.004916574208007063,CEG
2024-08-30,-0.0002928724802684357,CEG
2024-09-03,-0.07030149481246095,CEG
2024-09-04,0.0011385678983470982,CEG
2024-09-05,-0.009134815109908878,CEG
2024-09-06,0.010197986572441309,CEG
2024-09-09,-0.0023760839665039057,CEG
2024-09-10,0.020816705685304804,CEG
2024-09-11,0.016616808888207935,CEG
2024-09-12,0.0044428796857154396,CEG
2024-09-13,0.026886883672299966,CEG
2024-09-16,0.020975539697453804,CEG
2024-09-17,0.009360241395418356,CEG
2024-09-18,-0.00014385643940961756,CEG
2024-09-19,0.015003168387682564,CEG
2024-09-20,0.2031513348525138,CEG
2024-09-23,0.005710466539667891,CEG
2024-09-24,-0.019030394231813297,CEG
2024-09-25,0.035370425187656096,CEG
2024-09-26,-0.030925895998966446,CEG
2024-09-27,0.006467892748459825,CEG
2024-09-30,0.008974483202733197,CEG
2024-10-01,0.03530070523835249,CEG
2024-10-02,-0.0022782039080739835,CEG
2024-10-03,0.04493674707769735,CEG
2024-10-04,0.017131983803521322,CEG
2024-10-07,-0.013909030319861238,CEG
2024-10-08,-0.011848969198508641,CEG
2024-10-09,-0.07103391169306406,CEG
2024-10-10,0.0012506633339270934,CEG
2024-10-11,0.013234109359612667,CEG
2024-10-14,0.01216622436706949,CEG
2024-10-15,-0.007328754792282233,CEG
2024-10-16,0.049893015643942995,CEG
2024-10-17,-0.031910832785750465,CEG
2024-10-18,-0.010375601836826398,CEG
2024-10-21,0.011171915918382957,CEG
2024-10-22,-0.029698726105293893,CEG
2024-10-23,0.015630361890545785,CEG
2024-10-24,-0.013919136247626085,CEG
2024-10-25,-0.006415506722996511,CEG
2024-10-28,0.009511311783601428,CEG
2024-10-29,-0.01700634267630985,CEG
2024-10-30,-0.004639199558673646,CEG
2024-10-31,0.03006443305677653,CEG
2024-11-01,-0.026026550499208767,CEG
2024-11-04,-0.13011601546083362,CEG
2024-11-05,0.021262186287320795,CEG
2024-11-06,-0.021510058568757984,CEG
2024-11-07,0.01207748432861866,CEG
2024-11-08,-0.010399178714624924,CEG
2024-11-11,-0.008228139104885734,CEG
2024-11-12,-0.034976116854131156,CEG
2024-11-13,-0.010765475465225549,CEG
2024-11-14,0.004403773948361334,CEG
2024-11-15,0.020789330382775972,CEG
2024-11-18,0.019477031672535894,CEG
2024-11-19,0.011644619939785272,CEG
2024-11-20,0.0041504654534083585,CEG
2024-11-21,0.06383212435547492,CEG
2024-11-22,-0.009375864954092705,CEG
2024-11-25,-0.005429496177807636,CEG
2024-11-26,0.06371031843517727,CEG
2024-11-27,-0.04340242833813157,CEG
2024-11-29,0.003684107727359276,CEG
2024-12-02,-0.03841211305352754,CEG
2024-12-03,-0.01138989491681297,CEG
2024-12-04,0.014383149173757381,CEG
2024-12-05,0.010182441652506924,CEG
2024-12-06,-0.018561984614650306,CEG
2024-12-09,-0.04804497172186384,CEG
2024-12-10,-0.028398537699999338,CEG
2024-12-11,0.00042521744870960276,CEG
2024-12-12,0.016650755762369407,CEG
2024-12-13,-0.007416061482659941,CEG
2024-12-16,-0.013336081171406278,CEG
2024-12-17,-0.016958248375303242,CEG
2024-12-18,-0.00013017505181878164,CEG
2024-12-19,0.0018465015235475946,CEG
2024-12-20,-0.0005119463167373439,CEG
2024-12-23,-0.004160912612269918,CEG
2024-12-24,-0.0068759469977779375,CEG
2024-12-26,-0.004337355999371795,CEG
2024-12-27,0.00415489076685116,CEG
2024-12-30,0.012417655436639308,CEG
2024-12-31,-0.003068254060202058,CEG
2025-01-02,0.08302139948415377,CEG
2025-01-03,0.023368295799142125,CEG
2025-01-06,0.03456684041631064,CEG
2025-01-07,-0.015272863334311104,CEG
2025-01-08,-0.04739340626004829,CEG
2025-01-10,0.24022756460765216,CEG
2025-01-13,-0.08564407321440815,CEG
2025-01-14,0.03485507412575917,CEG
2025-01-15,0.017623434556739426,CEG
2025-01-16,0.05401912064282133,CEG
2025-01-17,-0.01319125811296118,CEG
2025-01-21,0.016903479721131376,CEG
2025-01-22,0.0142128581833596,CEG
2025-01-23,0.03840099977826128,CEG
2025-01-24,0.009184921268936996,CEG
2025-01-27,-0.20427426468856957,CEG
2025-01-28,-0.000948032052552783,CEG
2025-01-29,0.04776188269744175,CEG
2025-01-30,0.05125381454164035,CEG
2025-01-31,-0.026714175365919246,CEG
2025-02-03,0.02891752862249586,CEG
2025-02-04,-0.012135523160012873,CEG
2025-02-05,0.01966080017593086,CEG
2025-02-06,-0.011695385418845738,CEG
2025-02-07,0.006226106910270701,CEG
2025-02-10,0.026096495557503374,CEG
2025-02-11,-0.023585604838569196,CEG
2025-02-12,0.00011451423963571017,CEG
2025-02-13,-0.021671869225444063,CEG
2025-02-14,0.01429044829915238,CEG
2025-02-18,0.023557613237581876,CEG
2025-02-19,-0.01243710758082095,CEG
2025-02-20,-0.03455740712002253,CEG
2025-02-21,-0.06320436204233637,CEG
2025-02-24,-0.048706083790488464,CEG
2025-02-25,-0.00013950417314934072,CEG
2025-02-26,0.01940473482884908,CEG
2025-02-27,-0.050355690993144187,CEG
2025-02-28,-0.012449828436867705,CEG
2025-03-03,-0.05352641276852932,CEG
2025-03-04,0.0002632187751911985,CEG
2025-03-05,-0.02306089993680871,CEG
2025-03-06,-0.07117717373260479,CEG
2025-03-07,0.01762693854386299,CEG
2025-03-10,-0.010295978485989288,CEG
2025-03-11,0.03340930819149435,CEG
2025-03-12,0.020724202442682582,CEG
2025-03-13,-0.0076221297463980875,CEG
2025-03-14,0.00703453778354568,CEG
2025-03-17,0.003100468420258906,CEG
2025-03-18,-0.018627505024324975,CEG
2025-03-19,0.020284745052578934,CEG
2025-03-20,0.00974972831967058,CEG
2025-03-21,0.010466999839274571,CEG
2025-03-24,0.005516837753843262,CEG
2025-03-25,-0.013374259288499779,CEG
2025-03-26,-0.02604595855827352,CEG
2025-03-27,-0.0307542789375983,CEG
2025-03-28,0.008300547586916451,CEG
2025-03-31,-0.01843355040133421,CEG
2025-04-01,0.01796578690289863,CEG
2025-04-02,0.028422440606348687,CEG
2025-04-03,-0.06481717592638336,CEG
2025-04-04,-0.04273539307543395,CEG
2025-04-07,0.047949481580563,CEG
2025-04-08,0.046414669880435966,CEG
2025-04-09,0.03934126531104987,CEG
2025-04-10,-0.008746506024740697,CEG
2025-04-11,-3.5293475723285894e-05,CEG
2025-04-14,-0.014226133246042494,CEG
2025-04-15,0.007172719285033047,CEG
2025-04-16,0.010113113597854273,CEG
2025-04-17,0.012300755733279267,CEG
2025-04-21,-0.04544621458540643,CEG
2025-04-22,0.01612684188946467,CEG
2025-04-23,0.021022207754767486,CEG
2025-04-24,0.010913007113623863,CEG
2025-04-25,0.011224447325346887,CEG
2025-04-28,0.008490611019488448,CEG
2025-04-29,0.0006414891139181478,CEG
2025-04-30,-0.013255012336446548,CEG
2025-05-01,0.06107895709655686,CEG
2025-05-02,0.012507441769384009,CEG
2025-05-05,0.010026643026805893,CEG
2025-05-06,0.10729916046029686,CEG
2025-05-07,-0.02495437348324625,CEG
2025-05-08,-0.0011019050281104725,CEG
2025-05-09,0.003533988653184217,CEG
2025-05-12,0.010055867556840958,CEG
2025-05-13,0.0065115916008942065,CEG
2025-05-14,-0.017602473865157897,CEG
2025-05-15,-0.014197828022928682,CEG
2025-05-16,0.02037603594016879,CEG
2025-05-19,0.008953786670981678,CEG
2025-05-20,-0.0021862565568016024,CEG
2025-05-21,-0.004263064985558174,CEG
2025-05-22,0.013202099876622242,CEG
2025-05-23,0.029747424904128295,CEG
2025-05-27,0.01490208935973314,CEG
2025-05-28,0.0011685333581290536,CEG
2025-05-29,-0.017272771664817554,CEG
2025-05-30,0.010700362726193013,CEG
2025-06-02,0.015633768924094404,CEG
2025-06-03,-0.009063603594681169,CEG
2025-06-04,-0.04683520716259881,CEG
2025-06-05,-0.025225197393028864,CEG
2025-06-06,0.020579384259646893,CEG
2025-06-09,0.001402967463567606,CEG
2025-06-10,-0.035848452265401676,CEG
2025-06-11,0.007387386938540352,CEG
2025-06-12,0.02529924807292261,CEG
2025-06-13,0.0009474874171511161,CEG
2025-06-16,0.022956306853192388,CEG
2025-06-17,0.002271135424836146,CEG
2025-06-18,0.0025552522130665167,CEG
2025-06-20,-0.0008482827389890701,CEG
2025-06-23,0.02295967251411124,CEG
2025-06-24,0.001965957903347082,CEG
2025-06-25,-0.019917521498674873,CEG
2025-06-26,0.013810330252918668,CEG
2025-06-27,-0.010699897748160048,CEG
2025-06-30,0.0016009256676632333,CEG
2025-07-01,-0.038603848282278364,CEG
2025-07-02,-0.011139540274111681,CEG
2025-07-03,0.007184660000270071,CEG
2025-07-07,0.027780046366246758,CEG
2025-07-08,-0.017706884747875407,CEG
2025-07-09,0.006502848486660717,CEG
2025-07-10,-0.009627383716350302,CEG
2025-07-11,0.02719305593029908,CEG
2025-07-14,0.010124316134908717,CEG
2025-07-15,-0.02576318437224767,CEG
2025-07-16,-0.03229410748395711,CEG
2025-07-17,-0.008449774874748961,CEG
2025-07-18,0.043350771840350966,CEG
2025-07-21,-0.016246298144857896,CEG
2025-07-22,0.004906234808708554,CEG
2025-07-23,0.013875550608769771,CEG
2025-07-24,-0.008417171577002058,CEG
2025-07-25,0.015099595678094602,CEG
2025-07-28,0.0008735943689917036,CEG
2025-07-29,0.00719336790708347,CEG
2025-07-30,0.04232065365220272,CEG
2025-07-31,0.012729250771854161,CEG
2025-08-01,-0.0006396094184841772,CEG
2025-08-04,0.022316817464306027,CEG
2025-08-05,-0.025604328162416756,CEG
2025-08-06,-0.02748968094907589,CEG
2025-08-07,-0.009453870106217899,CEG
2025-08-08,-0.011204182964891451,CEG
2025-08-11,-0.009850593131180752,CEG
2025-08-12,0.008642967195052975,CEG
2025-08-13,-0.03334603143467163,CEG
2025-08-14,-0.0035679127790846366,CEG
2025-08-15,-0.007868624448310158,CEG
2025-08-18,0.0032778227219303346,CEG
2025-08-19,-0.0036366054474354925,CEG
2025-08-20,-0.0036265905013594946,CEG
2025-08-21,-0.0007524728438124129,CEG
2025-08-22,-0.02288965223660533,CEG
2025-08-25,0.0045639127194831985,CEG
2025-08-26,0.014805389637349897,CEG
2025-08-27,-0.00355942784468688,CEG
2025-08-28,0.005121107418493587,CEG
2025-08-29,-0.025235805472989092,CEG
2025-09-02,0.005846954614128208,CEG
2025-09-03,-0.0036460514273866096,CEG
2025-09-04,-0.00713244107996136,CEG
2025-09-05,-0.025941903768269547,CEG
2025-09-08,-0.014060111435797218,CEG
2025-09-09,0.00384151719477277,CEG
2025-09-10,0.06148163270728446,CEG
2025-09-11,-0.012073077986486602,CEG
2025-09-12,0.012678401189754496,CEG
2025-09-15,0.012706738954619823,CEG
2025-09-16,-0.02214552926129354,CEG
2025-09-17,-0.003078146928039871,CEG
2025-09-18,-0.004520064472114171,CEG
2025-09-19,0.018315674748182964,CEG
2025-09-22,0.041951676335963306,CEG
2025-09-23,-0.023962238246906686,CEG
2025-09-24,0.01085641101318835,CEG
2025-09-25,-0.03415369211018593,CEG
2025-09-26,0.010891885760372588,CEG
2025-09-29,0.00441009654766944,CEG
2025-09-30,-0.018399048006529917,CEG
2025-10-01,0.05944525592197891,CEG
2025-10-02,0.014419582967276412,CEG
2025-10-03,0.011299212589470642,CEG
2025-10-06,0.0038424340924230194,CEG
2025-10-07,-0.011169081099089873,CEG
2025-10-08,0.02382341705730706,CEG
2025-10-09,0.033644369087729054,CEG
2025-10-10,-0.003890682888610719,CEG
2025-10-13,0.01215029558602243,CEG
2025-10-14,0.02913813737067361,CEG
2025-10-15,0.029241202515644105,CEG
2025-10-16,-0.014829608098682279,CEG
2025-10-17,-0.032165320093433536,CEG
2025-10-20,-0.05615067151889175,CEG
2025-10-21,-0.03050432765180844,CEG
2025-10-22,-0.014951961650250034,CEG
2025-10-23,0.035610882034776026,CEG
2025-10-24,0.05135918332349032,CEG
2025-10-27,-0.012628975940357279,CEG
2025-10-28,-0.02363815606195807,CEG
2025-10-29,0.037426778229077584,CEG
2025-10-30,-0.03295010045167235,CEG
2025-10-31,-0.019243561191623293,CEG
2025-11-03,-0.0028919541264880166,CEG
2025-11-04,-0.01971293444701594,CEG
2025-11-05,-0.00530231311975804,CEG
2025-11-06,-0.014647895514674936,CEG
2025-11-07,0.023141620742298308,CEG
2025-11-10,-0.014820764679221554,CEG
2025-11-11,-0.023323744005069535,CEG
2025-11-12,0.007448926570225112,CEG
2025-11-13,-0.032389106034885984,CEG
2025-11-14,0.007490300955094398,CEG
2025-11-17,0.01016714050980383,CEG
2025-11-18,0.014256316618201481,CEG
2025-11-19,0.04609503592657749,CEG
2025-11-20,-0.009320216335644282,CEG
2025-11-21,-0.029916180445422214,CEG
2025-11-24,0.020970583169630963,CEG
2025-11-25,-0.01325825764233901,CEG
2025-11-26,0.012296165254173985,CEG
2025-11-28,0.006494739739733468,CEG
2025-12-01,-0.011316019075758632,CEG
2025-12-02,0.004989557253299637,CEG
2025-12-03,-0.009089771648660872,CEG
2025-12-04,0.021099005329652698,CEG
2025-12-05,-0.02823141875545776,CEG
2025-12-08,-0.004072889839783045,CEG
2025-12-09,0.0028968217304594646,CEG
2025-12-10,0.004010093528298064,CEG
2025-12-11,0.0478823605592984,CEG
2025-12-12,-0.05360251694297791,CEG
2025-12-15,0.019585641388770725,CEG
2025-12-16,0.021500502231757146,CEG
2025-12-17,-0.05110282599070004,CEG
2025-12-18,0.04283569339202398,CEG
2025-12-19,-0.028723545822757046,CEG
2025-12-22,0.001976126886343188,CEG
2025-12-23,0.005117095017307172,CEG
2025-12-24,0.0043036166903025475,CEG
2025-12-26,-0.009571436010753054,CEG
2025-12-29,-0.0010743495210494558,CEG
2025-12-30,-0.0010603136766880183,CEG
2025-12-31,-0.00253921640136312,CEG
2026-01-02,0.038022383099114876,CEG
2026-01-05,-0.03927882278864381,CEG
2026-01-06,-0.009763129834011508,CEG
2026-01-07,-0.04698783113020699,CEG
2026-01-08,-0.04297567714466233,CEG
2026-01-09,0.050191915865686276,CEG
2026-01-12,-0.020465073400259826,CEG
2026-01-13,-0.0054776479392746324,CEG
2026-01-14,0.0012509155156870122,CEG
2026-01-15,0.028632368125926178,CEG
2026-01-16,-0.10247443102804432,CEG
2026-01-20,-0.019351233163020787,CEG
2026-01-21,-0.01692061539318601,CEG
2026-01-22,-0.031379676097897935,CEG
2026-01-23,0.0027807702712943083,CEG
2026-01-26,-0.01758863159123969,CEG
2026-01-27,0.0031354500271341124,CEG
2026-01-28,-0.006115118291056376,CEG
2026-01-29,0.004265294349072413,CEG
2026-01-30,-0.0117502255256694,CEG
2026-02-02,-0.04238205798964234,CEG
2026-02-03,0.006471942100222172,CEG
2026-02-04,-0.05174205104926877,CEG
2026-02-05,0.0008318950737438158,CEG
2026-02-06,0.035579458140233555,CEG
2026-02-09,0.032594106469516326,CEG
2026-02-10,0.0009320905033574078,CEG
2026-02-11,0.018162064505768072,CEG
2026-02-12,0.017908298040446802,CEG
2026-02-13,0.04148808830660755,CEG
2026-02-17,0.05034406760295429,CEG
2026-02-18,-0.03745539673231857,CEG
2026-02-19,-0.00432410205763567,CEG
2026-02-20,0.0020341511906929455,CEG
2026-02-23,0.008695880285046975,CEG
2026-02-24,0.05146891772082274,CEG
2026-02-25,0.026964823030534824,CEG
2026-02-26,0.005116187895753299,CEG
2026-02-27,0.02255019397342739,CEG
2026-03-02,-0.009596115053056131,CEG
2026-03-03,0.0037389899849520347,CEG
2026-03-04,-0.02136534118182798,CEG
2026-03-05,0.03117524166478347,CEG
2026-03-06,-0.024809018307993647,CEG
2026-03-09,0.00031410923705976757,CEG
2026-03-10,-0.018452129717347,CEG
2026-03-11,-0.052974236639126815,CEG
2026-03-12,0.020168344711959385,CEG
2026-03-13,0.006674055900565357,CEG
2026-03-16,0.0013915424402677345,CEG
2026-03-17,0.0020127767436290966,CEG
2026-03-18,0.044540502166070084,CEG
2026-03-19,0.0007981961183487485,CEG
2026-03-20,-0.09670227017940025,CEG
2026-03-23,0.01576788224710768,CEG
2026-03-24,0.024274057526642245,CEG
2026-03-25,0.021767496935502173,CEG
2026-03-26,-0.0030118183168257318,CEG
2026-03-27,0.04084767252247268,CEG
2026-03-30,-0.0019257604395805927,CEG
2026-03-31,-0.10032439386482217,CEG
2026-04-01,-0.011525905447798301,CEG
2026-04-02,-0.02519273185199733,CEG
2026-04-06,0.0025411016726515356,CEG
2026-04-07,-0.009573553402336898,CEG
2026-04-08,0.012693764447191391,CEG
2026-04-09,-0.0209843415300206,CEG
2026-04-10,0.02061540822727448,CEG
2026-04-13,0.00776647550917442,CEG
2026-04-14,-0.0013704433665298055,CEG
2026-04-15,-0.020260753035843848,CEG
2026-04-16,0.010047165143295622,CEG
2026-04-17,-0.022842379612254327,CEG
2026-04-20,-0.026457110525567096,CEG
2026-04-21,-0.031079510262227217,CEG
2026-04-22,0.01690593946913399,CEG
2026-04-23,0.02499630616786419,CEG
2026-04-24,0.04956088529031266,CEG
2026-04-27,0.004690090941490865,CEG
2026-04-28,-0.02036762967135264,CEG
2026-04-29,-0.03499964151204793,CEG
2026-04-30,0.04318797768384197,CEG
2026-05-01,-0.026274371716217715,CEG
2026-05-04,0.043999769427100155,CEG
2026-05-05,-0.014854737928308381,CEG
2026-05-06,-0.013223274306960242,CEG
2026-05-07,-0.035084502407736196,CEG
2026-05-08,-0.04805317913497653,CEG
2026-05-11,-0.0159535761181564,CEG
2026-05-12,-0.012012269316769242,CEG
2026-05-13,-0.07635407484134049,CEG
2026-05-14,-0.005737519468307362,CEG
2026-05-15,-0.012963537734745678,CEG
2026-05-18,-0.015341333378734667,CEG
2026-05-19,0.0010922862561963953,CEG
2026-05-20,0.05959609835054902,CEG
2026-05-21,0.014212472739930426,CEG
2026-05-22,0.02418902294587788,CEG
2026-05-26,0.007584939019789516,CEG
2026-05-27,-0.04254621909909506,CEG
2026-05-28,-0.016639257102815996,CEG
2026-05-29,0.0013396551055073758,CEG
2026-06-01,-0.08570645193540205,CEG
2026-06-02,0.02122700815732692,CEG
2026-06-03,-0.017425073986171213,CEG
2026-06-04,-0.005116572312053869,CEG
2026-06-05,0.01160657301009227,CEG
2026-06-08,-0.0319544025772851,CEG
2026-06-09,0.015475897497443825,CEG
2026-06-10,-0.017683862050459354,CEG
2026-06-11,-0.01518103331432119,CEG
2026-06-12,0.022307903677025287,CEG
2026-06-15,0.0023601508640664903,CEG
2026-06-16,0.040495832385444075,CEG
2026-06-17,0.007019715975358665,CEG
2026-06-18,0.0007053361177025153,CEG
2026-06-22,0.007862714724603315,CEG
2026-06-23,0.014171384880537374,CEG
2026-06-24,-0.004254617841119135,CEG
2026-06-25,-0.005389644106702285,CEG
2026-06-26,-0.0036742566211493966,CEG
2026-06-29,-0.04251226470213254,CEG
2026-06-30,-0.06001489959569106,CEG
2026-07-01,-0.03360394479569351,CEG
2026-07-02,0.029046665539303795,CEG
2026-07-06,0.01305386488877236,CEG
2026-07-07,-0.0066745919705013534,CEG
2026-07-08,0.017037956411375177,CEG
2026-07-09,0.008614050018606711,CEG
2026-07-10,-0.0005291930657973509,CEG
2026-07-13,0.04348804340701662,CEG
2026-07-14,-0.015543806523524495,CEG
2026-07-15,0.009262654072857757,CEG
2026-07-16,-0.008312088554444763,CEG
2026-07-17,0.017603214603430395,CEG
2026-07-20,0.0033390120292864367,CEG
2026-07-21,0.015442784104946483,CEG
2026-07-22,0.05234256374034185,CEG
2026-07-23,0.021709127934468775,CEG
2026-07-24,0.006688231608490192,CEG
2026-07-27,-0.012894313096294852,CEG
2026-07-28,-0.02866559981306871,CEG
2026-07-29,0.013357447608376205,CEG
2026-07-30,-0.010926959606920583,CEG
2026-07-31,-0.009552496963540769,CEG
2026-08-03,0.023460084941071102,CEG
2026-08-04,-0.057288373482352384,CEG
2026-08-05,0.0010879795994025443,CEG
2026-08-06,-0.011577857906509337,CEG
2026-08-07,0.02145322518812609,CEG
2026-08-10,0.004990699146429023,CEG
2026-08-11,0.03226458956234346,CEG
2026-08-12,-0.006131861166836394,CEG
2026-08-13,-0.011642655490688547,CEG
2026-08-14,0.01512480997687593,CEG
2026-08-17,-0.013695461070078352,CEG
2026-08-18,-0.023113038138934172,CEG
2026-08-19,0.01976068607943926,CEG
2024-01-02,,VRT
2024-01-03,0.00910304142396745,VRT
2024-01-04,0.010194053702355266,VRT
2024-01-05,0.009888412413965764,VRT
2024-01-08,0.026573318642561183,VRT
2024-01-09,0.011125122301352874,VRT
2024-01-10,-0.014716468070361088,VRT
2024-01-11,0.02281923367670835,VRT
2024-01-12,-0.010559276227344316,VRT
2024-01-16,0.008943615605453648,VRT
2024-01-17,-0.008453498644232393,VRT
2024-01-18,0.018459516401516662,VRT
2024-01-19,0.0335508710281438,VRT
2024-01-22,-0.005412508228836543,VRT
2024-01-23,-3.344575638397629e-05,VRT
2024-01-24,-0.021498037655721003,VRT
2024-01-25,0.00801350293603953,VRT
2024-01-26,0.008785233301130457,VRT
2024-01-29,0.016391129972278762,VRT
2024-01-30,0.03823404357025595,VRT
2024-01-31,0.013939071685454607,VRT
2024-02-01,0.042370031440181144,VRT
2024-02-02,0.016486215871736043,VRT
2024-02-05,0.0030939890103196532,VRT
2024-02-06,-0.038758584598113544,VRT
2024-02-07,0.016795494838800273,VRT
2024-02-08,0.0133449255637208,VRT
2024-02-09,0.019762355449410407,VRT
2024-02-12,-0.03132850171411938,VRT
2024-02-13,0.03526019531057489,VRT
2024-02-14,0.027441025612580106,VRT
2024-02-15,-0.036307201266059685,VRT
2024-02-16,0.011175710132747874,VRT
2024-02-20,-0.007624701931824518,VRT
2024-02-21,-0.05356607967952254,VRT
2024-02-22,0.04280969760542863,VRT
2024-02-23,-0.00023571733718341648,VRT
2024-02-26,0.056506139863000904,VRT
2024-02-27,-0.003005967784352137,VRT
2024-02-28,0.002770241453943889,VRT
2024-02-29,0.014202436858585799,VRT
2024-03-01,0.027756386356260876,VRT
2024-03-04,0.019320726727165116,VRT
2024-03-05,-0.005457826072207794,VRT
2024-03-06,0.021482372661869142,VRT
2024-03-07,-0.013675782274517267,VRT
2024-03-08,-0.023920857924292882,VRT
2024-03-11,-0.031042171914403838,VRT
2024-03-12,0.06217479091065581,VRT
2024-03-13,0.02213030611277489,VRT
2024-03-14,0.009992587959980703,VRT
2024-03-15,0.01519976240270804,VRT
2024-03-18,0.030241764572156882,VRT
2024-03-19,-0.0035259874738562402,VRT
2024-03-20,-0.001715809604131202,VRT
2024-03-21,0.048683199401309274,VRT
2024-03-22,0.0035952375416936633,VRT
2024-03-25,-0.0030529451516398964,VRT
2024-03-26,0.011990416071501642,VRT
2024-03-27,-0.023684440014795527,VRT
2024-03-28,0.009959122773857132,VRT
2024-04-01,-0.017787557801043796,VRT
2024-04-02,0.013258990738237664,VRT
2024-04-03,0.05291324202640979,VRT
2024-04-04,-0.04073692156020137,VRT
2024-04-05,0.04431346198553765,VRT
2024-04-08,-0.014337417991241885,VRT
2024-04-09,-0.032016406905315264,VRT
2024-04-10,0.044431281813921863,VRT
2024-04-11,0.0025092915438404972,VRT
2024-04-12,-0.012716190116869974,VRT
2024-04-15,-0.022552024836172357,VRT
2024-04-16,0.02064052379525627,VRT
2024-04-17,0.00643119141751658,VRT
2024-04-18,-0.004959357918616902,VRT
2024-04-19,-0.05604516043848129,VRT
2024-04-22,0.004026022452028322,VRT
2024-04-23,0.02513105963316775,VRT
2024-04-24,0.0626000475612356,VRT
2024-04-25,0.07095315323578166,VRT
2024-04-26,0.01884948392939112,VRT
2024-04-29,0.00986265370252859,VRT
2024-04-30,-0.00013362051655096963,VRT
2024-05-01,-0.042114060203704895,VRT
2024-05-02,0.027723609205409616,VRT
2024-05-03,-0.010826693750880523,VRT
2024-05-06,0.033786855904695656,VRT
2024-05-07,-0.024617737997709277,VRT
2024-05-08,0.02935830128961392,VRT
2024-05-09,0.0004792628742746885,VRT
2024-05-10,-0.028632015809002986,VRT
2024-05-13,-0.008613848630935728,VRT
2024-05-14,0.034207819364573844,VRT
2024-05-15,0.04224518787517795,VRT
2024-05-16,-0.07041386281282946,VRT
2024-05-17,-0.004459112537910315,VRT
2024-05-20,0.018648286618051735,VRT
2024-05-21,-0.0038695957371590595,VRT
2024-05-22,0.010234876128631498,VRT
2024-05-23,0.01553329864032893,VRT
2024-05-24,0.03813556399490459,VRT
2024-05-28,-0.013329026674118616,VRT
2024-05-29,-0.01164405336693175,VRT
2024-05-30,0.0017195246900838512,VRT
2024-05-31,-0.04017047317964462,VRT
2024-06-03,-0.02554323907874334,VRT
2024-06-04,-0.04545982667059523,VRT
2024-06-05,0.03280993072843774,VRT
2024-06-06,-0.09785358953664236,VRT
2024-06-07,-0.0027576538094402636,VRT
2024-06-10,0.03642600120008588,VRT
2024-06-11,-0.028988629286024192,VRT
2024-06-12,-0.003317642609862226,VRT
2024-06-13,0.050032688650143875,VRT
2024-06-14,-0.04618239212308861,VRT
2024-06-17,-0.03322528638309663,VRT
2024-06-18,0.062343078458785506,VRT
2024-06-20,-0.04447203884933959,VRT
2024-06-21,0.0041183309587067285,VRT
2024-06-24,-0.005016755738568968,VRT
2024-06-25,0.017161403794485608,VRT
2024-06-26,-0.0547802625564513,VRT
2024-06-27,-0.004073239581114052,VRT
2024-06-28,0.0016298363716327202,VRT
2024-07-01,-0.00480866979250294,VRT
2024-07-02,0.004899351538438346,VRT
2024-07-03,0.051466074297061404,VRT
2024-07-05,-0.028083942769355552,VRT
2024-07-08,0.00359940955428506,VRT
2024-07-09,0.003782197947490573,VRT
2024-07-10,0.003969962689361672,VRT
2024-07-11,0.008909112839657674,VRT
2024-07-12,-0.04081439022267652,VRT
2024-07-15,-0.022734342851395972,VRT
2024-07-16,0.020224739811648185,VRT
2024-07-17,-0.06286661502113056,VRT
2024-07-18,0.014236299537601305,VRT
2024-07-19,0.0416695404091314,VRT
2024-07-22,0.014551407852555265,VRT
2024-07-23,0.038759602994010045,VRT
2024-07-24,-0.11008604134507038,VRT
2024-07-25,-0.016125958030468013,VRT
2024-07-26,-0.001870423426664658,VRT
2024-07-29,0.009339483850903996,VRT
2024-07-30,-0.05201199950050572,VRT
2024-07-31,0.045608295837732626,VRT
2024-08-01,-0.037058067749599743,VRT
2024-08-02,-0.03929299945441578,VRT
2024-08-05,0.005048026651643056,VRT
2024-08-06,0.012972658426544825,VRT
2024-08-07,-0.019152090082185325,VRT
2024-08-08,0.025421459670366353,VRT
2024-08-09,0.0004043901982599962,VRT
2024-08-12,0.01834827783775772,VRT
2024-08-13,0.019739024041729003,VRT
2024-08-14,0.04981418057651066,VRT
2024-08-15,0.00938429339138036,VRT
2024-08-16,-0.04489313622393798,VRT
2024-08-19,-0.019872996816176602,VRT
2024-08-20,-0.028405348106528727,VRT
2024-08-21,0.014505813530059086,VRT
2024-08-22,0.00034552214925387403,VRT
2024-08-23,0.012004199357504852,VRT
2024-08-26,0.0034980629414036457,VRT
2024-08-27,0.024187590111795387,VRT
2024-08-28,0.01526977560542786,VRT
2024-08-29,-0.006014669115529614,VRT
2024-08-30,0.02632690113587355,VRT
2024-09-03,-0.06821958141312923,VRT
2024-09-04,0.0007386901354129449,VRT
2024-09-05,0.0002651940218747484,VRT
2024-09-06,-0.018867136861507205,VRT
2024-09-09,0.024286590943416897,VRT
2024-09-10,0.0040052930135061615,VRT
2024-09-11,0.06624586369265728,VRT
2024-09-12,0.041913431705722815,VRT
2024-09-13,-0.016062923388479255,VRT
2024-09-16,0.018668304537731828,VRT
2024-09-17,0.0032018734498846513,VRT
2024-09-18,0.008568631993814968,VRT
2024-09-19,0.024004923211673024,VRT
2024-09-20,0.028487875222995562,VRT
2024-09-23,0.013406676521333871,VRT
2024-09-24,0.008834412043323248,VRT
2024-09-25,0.03289268343670404,VRT
2024-09-26,-0.008676687082696866,VRT
2024-09-27,-0.016636266470504424,VRT
2024-09-30,0.008206706101095307,VRT
2024-10-01,-0.0049444966295615345,VRT
2024-10-02,0.04521969156776784,VRT
2024-10-03,0.004748014184736249,VRT
2024-10-04,0.012320714428832424,VRT
2024-10-07,0.025208463351574117,VRT
2024-10-08,-0.013981402056061576,VRT
2024-10-09,0.004258926184362188,VRT
2024-10-10,-0.004893571788752382,VRT
2024-10-11,0.03829553070150471,VRT
2024-10-14,-0.0032727991558907377,VRT
2024-10-15,-0.03148418285397181,VRT
2024-10-16,0.03839313604167849,VRT
2024-10-17,0.02223199514808094,VRT
2024-10-18,-0.024456352396832415,VRT
2024-10-21,-0.0031674584383365456,VRT
2024-10-22,0.002116661346807547,VRT
2024-10-23,-0.021785059308241372,VRT
2024-10-24,0.007217971510844912,VRT
2024-10-25,0.013187368748824646,VRT
2024-10-28,0.012594399933941958,VRT
2024-10-29,-0.007627860626117311,VRT
2024-10-30,-0.004611226252749567,VRT
2024-10-31,-0.0029368870494259625,VRT
2024-11-01,-0.02948279846869184,VRT
2024-11-04,-0.0035582481433511504,VRT
2024-11-05,0.04432539760910892,VRT
2024-11-06,0.04184800226921492,VRT
2024-11-07,-0.0012767364367416434,VRT
2024-11-08,0.027714679287648813,VRT
2024-11-11,0.008898756268796326,VRT
2024-11-12,-0.022051326311252062,VRT
2024-11-13,0.0070861327042957,VRT
2024-11-14,-0.02153425050694402,VRT
2024-11-15,0.022791558809511336,VRT
2024-11-18,0.010707741604120358,VRT
2024-11-19,0.12913133734662896,VRT
2024-11-20,-0.023843602070700243,VRT
2024-11-21,0.024723601889017566,VRT
2024-11-22,-0.011118587033491778,VRT
2024-11-25,-0.06126453712358604,VRT
2024-11-26,-0.007553557483908513,VRT
2024-11-27,-0.029211212093771977,VRT
2024-11-29,-0.003562750531165726,VRT
2024-12-02,-0.015148764116627689,VRT
2024-12-03,0.005936703392309006,VRT
2024-12-04,0.008714177897107156,VRT
2024-12-05,0.03065271374494216,VRT
2024-12-06,-0.014348683759464187,VRT
2024-12-09,-0.05127175151471608,VRT
2024-12-10,-0.03265788412854942,VRT
2024-12-11,0.015708294263651723,VRT
2024-12-12,9.711760671304859e-05,VRT
2024-12-13,-0.0017247447385262404,VRT
2024-12-16,-0.012788188904200304,VRT
2024-12-17,-0.038404907143480216,VRT
2024-12-18,-0.019231201851200197,VRT
2024-12-19,0.015963721729193026,VRT
2024-12-20,0.030379627063433112,VRT
2024-12-23,-0.029041960750277873,VRT
2024-12-24,-0.005011410396078553,VRT
2024-12-26,0.0018581133300257235,VRT
2024-12-27,-0.01884417819887574,VRT
2024-12-30,0.02246949805996845,VRT
2024-12-31,-0.013666012349428769,VRT
2025-01-02,0.042410222181232804,VRT
2025-01-03,0.044202893323246784,VRT
2025-01-06,0.05334995418964983,VRT
2025-01-07,-0.007985834327845609,VRT
2025-01-08,-0.010716920447480405,VRT
2025-01-10,0.013171749584267367,VRT
2025-01-13,-0.0356884967664195,VRT
2025-01-14,0.040012338994796615,VRT
2025-01-15,0.0006315691598866024,VRT
2025-01-16,0.011490364252953356,VRT
2025-01-17,0.0077730888365374895,VRT
2025-01-21,0.04613333585890533,VRT
2025-01-22,0.0247325555381952,VRT
2025-01-23,0.03032089210942779,VRT
2025-01-24,-0.042172083161635676,VRT
2025-01-27,-0.3254113444138804,VRT
2025-01-28,0.02310472313075973,VRT
2025-01-29,0.03791861115060868,VRT
2025-01-30,0.03254129003803374,VRT
2025-01-31,0.02235085990672303,VRT
2025-02-03,-0.030467631147959473,VRT
2025-02-04,-0.024262316382595905,VRT
2025-02-05,0.0631520250351203,VRT
2025-02-06,-0.0008474255650936513,VRT
2025-02-07,0.02780123801405665,VRT
2025-02-10,0.023416957160271146,VRT
2025-02-11,-0.017776972835549465,VRT
2025-02-12,-0.1031118387884824,VRT
2025-02-13,-0.03205987133975441,VRT
2025-02-14,-0.015509135723540624,VRT
2025-02-18,0.015258038925384021,VRT
2025-02-19,-0.019746180990868112,VRT
2025-02-20,-0.024054964429980785,VRT
2025-02-21,-0.06712274287716546,VRT
2025-02-24,-0.0412903189773397,VRT
2025-02-25,0.022301026118709544,VRT
2025-02-26,0.06805876945760492,VRT
2025-02-27,-0.03677308265325685,VRT
2025-02-28,0.013761490093113338,VRT
2025-03-03,-0.08607601491907779,VRT
2025-03-04,0.014430945639107406,VRT
2025-03-05,0.004262349905370222,VRT
2025-03-06,-0.04098447198872179,VRT
2025-03-07,0.0285884299728707,VRT
2025-03-10,-0.04662921087657157,VRT
2025-03-11,0.06571352731021296,VRT
2025-03-12,0.015608819811149921,VRT
2025-03-13,-0.009033517968339844,VRT
2025-03-14,0.027259994603427096,VRT
2025-03-17,0.012004883615486683,VRT
2025-03-18,-0.033270321318974005,VRT
2025-03-19,0.03860865489733101,VRT
2025-03-20,0.0023854761297439353,VRT
2025-03-21,-0.008355837142476119,VRT
2025-03-24,0.03381405128947268,VRT
2025-03-25,-0.028468938910466868,VRT
2025-03-26,-0.09656631846564423,VRT
2025-03-27,-0.061425148170867416,VRT
2025-03-28,-0.0008165370762416302,VRT
2025-03-31,-0.027955251726611507,VRT
2025-04-01,0.03361282200612692,VRT
2025-04-02,0.016879568428130654,VRT
2025-04-03,-0.07853032801543236,VRT
2025-04-04,-0.06309920194963325,VRT
2025-04-07,0.06919387620568074,VRT
2025-04-08,0.0036521561641658096,VRT
2025-04-09,0.03308830102252358,VRT
2025-04-10,-0.02899825857072269,VRT
2025-04-11,0.009123499561165538,VRT
2025-04-14,0.021012572641097904,VRT
2025-04-15,0.014688861897816707,VRT
2025-04-16,0.01593173366900924,VRT
2025-04-17,0.021718883818914847,VRT
2025-04-21,-0.05510978875594308,VRT
2025-04-22,0.03508533127203073,VRT
2025-04-23,0.0601211232330483,VRT
2025-04-24,0.04492978893978261,VRT
2025-04-25,0.024859658910816762,VRT
2025-04-28,-0.008925698014317085,VRT
2025-04-29,-0.00611848421187311,VRT
2025-04-30,-0.009316046011731416,VRT
2025-05-01,0.06766095868284072,VRT
2025-05-02,0.011393086506667593,VRT
2025-05-05,0.0041589484446644676,VRT
2025-05-06,-0.004993094830145317,VRT
2025-05-07,0.017670164778735398,VRT
2025-05-08,-0.007971459851515483,VRT
2025-05-09,-0.01704792730920257,VRT
2025-05-12,0.03175053747074141,VRT
2025-05-13,0.028727564434212205,VRT
2025-05-14,0.03029787885104085,VRT
2025-05-15,-0.039267462622198046,VRT
2025-05-16,0.0019005773920897084,VRT
2025-05-19,0.0024308358327944646,VRT
2025-05-20,0.0032448259031188087,VRT
2025-05-21,-0.012483545463151557,VRT
2025-05-22,0.003808809904064958,VRT
2025-05-23,0.008727941276105433,VRT
2025-05-27,0.029580511389523778,VRT
2025-05-28,-0.0007634920865582373,VRT
2025-05-29,-0.008854332249758734,VRT
2025-05-30,-0.003412460096202885,VRT
2025-06-02,0.0041057909386443825,VRT
2025-06-03,0.020287549772747937,VRT
2025-06-04,0.0017454890528814104,VRT
2025-06-05,0.001957304937787896,VRT
2025-06-06,0.017868635355547724,VRT
2025-06-09,-0.031029891939586385,VRT
2025-06-10,-0.03861726369980545,VRT
2025-06-11,0.022731203099835895,VRT
2025-06-12,0.03240018155027258,VRT
2025-06-13,-0.018680711628711322,VRT
2025-06-16,0.034730378769036285,VRT
2025-06-17,0.011172164680878005,VRT
2025-06-18,0.02113066672963093,VRT
2025-06-20,-0.00045350283758338605,VRT
2025-06-23,-0.027245831475199545,VRT
2025-06-24,0.033229696993822166,VRT
2025-06-25,-0.00812786468980331,VRT
2025-06-26,0.00829468042253012,VRT
2025-06-27,0.023360985314195837,VRT
2025-06-30,0.003325865351780699,VRT
2025-07-01,-0.03832554946195099,VRT
2025-07-02,0.0075606166458470625,VRT
2025-07-03,0.018048129801319313,VRT
2025-07-07,-0.004874921021961853,VRT
2025-07-08,-0.0034961255060528273,VRT
2025-07-09,0.012454104199139948,VRT
2025-07-10,-0.06000350657512943,VRT
2025-07-11,0.023399473245798497,VRT
2025-07-14,0.007830449916462534,VRT
2025-07-15,0.02010873319387585,VRT
2025-07-16,-0.01661088185446502,VRT
2025-07-17,0.036543935000540984,VRT
2025-07-18,-0.01487389737444822,VRT
2025-07-21,-0.02750153422006285,VRT
2025-07-22,-0.0021269745473606605,VRT
2025-07-23,0.03381304851435729,VRT
2025-07-24,0.003083436508746651,VRT
2025-07-25,0.046797187864854095,VRT
2025-07-28,0.033166715746090425,VRT
2025-07-29,0.0026017815222401097,VRT
2025-07-30,0.008909783142709848,VRT
2025-07-31,0.015183196316487901,VRT
2025-08-01,-0.008032281071830738,VRT
2025-08-04,-0.028148989098976784,VRT
2025-08-05,-0.0035116360188380824,VRT
2025-08-06,-0.005395273811144463,VRT
2025-08-07,-0.005957808186660252,VRT
2025-08-08,-0.005418716638891041,VRT
2025-08-11,0.002248551482920469,VRT
2025-08-12,0.014949247163586143,VRT
2025-08-13,-0.045470589165389264,VRT
2025-08-14,-0.035387160293439024,VRT
2025-08-15,0.008548905847963084,VRT
2025-08-18,0.01989605913379222,VRT
2025-08-19,-0.0365122972325711,VRT
2025-08-20,-0.005815147157922418,VRT
2025-08-21,-0.002915033962671565,VRT
2025-08-22,-0.02014027569061394,VRT
2025-08-25,-0.004681270696178075,VRT
2025-08-26,0.01900233247553018,VRT
2025-08-27,0.009193593860883809,VRT
2025-08-28,0.03110175125149439,VRT
2025-08-29,-0.03940312854890404,VRT
2025-09-02,-0.019730946417785056,VRT
2025-09-03,0.004823891604388564,VRT
2025-09-04,-0.008135404222517906,VRT
2025-09-05,-0.015058339568325252,VRT
2025-09-08,-0.022603050885776632,VRT
2025-09-09,0.027569161285090793,VRT
2025-09-10,0.08481117947909134,VRT
2025-09-11,-0.013364608288624069,VRT
2025-09-12,-0.010838877034178296,VRT
2025-09-15,0.01680826124871615,VRT
2025-09-16,-0.010867662730515981,VRT
2025-09-17,0.00331455785055379,VRT
2025-09-18,0.02782936703118377,VRT
2025-09-19,0.004739768273750222,VRT
2025-09-22,0.0506831167674342,VRT
2025-09-23,-0.056839285729955336,VRT
2025-09-24,-0.0034494774104922854,VRT
2025-09-25,-0.008828442231434863,VRT
2025-09-26,-0.012364502581585057,VRT
2025-09-29,0.028653333150900906,VRT
2025-09-30,0.048606681106400096,VRT
2025-10-01,0.06392460245271536,VRT
2025-10-02,-0.0037933214635090806,VRT
2025-10-03,-0.004729985350799382,VRT
2025-10-06,0.008617410874870224,VRT
2025-10-07,-0.01915674533506362,VRT
2025-10-08,0.04078171779599149,VRT
2025-10-09,0.010132949082651166,VRT
2025-10-10,0.03610037599775229,VRT
2025-10-13,0.03642871459866637,VRT
2025-10-14,-0.015059812213666923,VRT
2025-10-15,0.023111499109264244,VRT
2025-10-16,-0.011304443650412388,VRT
2025-10-17,-0.028262037501786352,VRT
2025-10-20,-0.0026285331819515534,VRT
2025-10-21,-0.005044647055637341,VRT
2025-10-22,-0.008853918111374703,VRT
2025-10-23,0.057099270931082025,VRT
2025-10-24,0.004869038877385101,VRT
2025-10-27,0.018450284013904472,VRT
2025-10-28,-0.01981286070707089,VRT
2025-10-29,0.040148116033559944,VRT
2025-10-30,-0.012633625229752532,VRT
2025-10-31,-0.00946807084519996,VRT
2025-11-03,-0.012372515180056887,VRT
2025-11-04,-0.03635648777550493,VRT
2025-11-05,0.04676499127375244,VRT
2025-11-06,-0.022355457493729247,VRT
2025-11-07,-0.014590020641432666,VRT
2025-11-10,0.021862230161296736,VRT
2025-11-11,-0.04525814233348324,VRT
2025-11-12,-0.03144852696059086,VRT
2025-11-13,-0.037131805173526544,VRT
2025-11-14,0.043063393372809955,VRT
2025-11-17,-0.017015078074620327,VRT
2025-11-18,0.0014514078221399274,VRT
2025-11-19,0.028565552779708625,VRT
2025-11-20,-0.04292467112146792,VRT
2025-11-21,-0.0061072586610686486,VRT
2025-11-24,0.03000357178006574,VRT
2025-11-25,-0.0018719454014792802,VRT
2025-11-26,0.005548032340832343,VRT
2025-11-28,0.03577039398567816,VRT
2025-12-01,0.0005231006609820454,VRT
2025-12-02,0.0015899074471397157,VRT
2025-12-03,-0.01372532942480209,VRT
2025-12-04,0.02118469258573974,VRT
2025-12-05,0.030814533077867523,VRT
2025-12-08,-0.016284875293158585,VRT
2025-12-09,-0.04096417738598124,VRT
2025-12-10,0.015013784487927673,VRT
2025-12-11,-0.01429290467777733,VRT
2025-12-12,-0.0831012654097556,VRT
2025-12-15,0.007942237058806256,VRT
2025-12-16,-0.008679588457424003,VRT
2025-12-17,-0.05107816331403914,VRT
2025-12-18,0.015594343996219173,VRT
2025-12-19,0.021615302235714395,VRT
2025-12-22,0.03466245950033375,VRT
2025-12-23,-0.004612337211413298,VRT
2025-12-24,0.0007408355397098276,VRT
2025-12-26,0.0043100284151789126,VRT
2025-12-29,-0.006912477495298219,VRT
2025-12-30,-0.005436411767190563,VRT
2025-12-31,-0.005979536954432874,VRT
2026-01-02,0.08254655329089378,VRT
2026-01-05,-0.01740919317622769,VRT
2026-01-06,-0.00301596847034169,VRT
2026-01-07,-0.02064577904608811,VRT
2026-01-08,-0.059074271696163194,VRT
2026-01-09,0.007354338106185132,VRT
2026-01-12,0.037843253745747596,VRT
2026-01-13,0.017180804212058476,VRT
2026-01-14,-8.692456326109266e-05,VRT
2026-01-15,0.006191553675271244,VRT
2026-01-16,0.025961799527657092,VRT
2026-01-20,0.011535908745232248,VRT
2026-01-21,0.02184854437550765,VRT
2026-01-22,-0.00917369606508256,VRT
2026-01-23,0.004383195572589038,VRT
2026-01-26,-0.011318930320207699,VRT
2026-01-27,0.03406620017947404,VRT
2026-01-28,0.020456643528298457,VRT
2026-01-29,0.012895218650031737,VRT
2026-01-30,-0.034714790871333,VRT
2026-02-02,0.013519907393058972,VRT
2026-02-03,0.016219700882961874,VRT
2026-02-04,-0.023110911295885828,VRT
2026-02-05,-0.012200865637130853,VRT
2026-02-06,0.0746738887793228,VRT
2026-02-09,0.024667215706779544,VRT
2026-02-10,-0.007201997729469944,VRT
2026-02-11,0.21638897952901814,VRT
2026-02-12,-0.028943983480369972,VRT
2026-02-13,-0.010535732224620453,VRT
2026-02-17,0.038687217537202834,VRT
2026-02-18,-0.008754287372379821,VRT
2026-02-19,0.0032200878060955063,VRT
2026-02-20,-0.00597515362072798,VRT
2026-02-23,0.019057334808022297,VRT
2026-02-24,0.02032693203408087,VRT
2026-02-25,0.02069807127957013,VRT
2026-02-26,0.000784261598698599,VRT
2026-02-27,-0.013677765139380682,VRT
2026-03-02,0.0098415511732588,VRT
2026-03-03,-0.042256918897577656,VRT
2026-03-04,0.012469746282449456,VRT
2026-03-05,-0.0030900327025005225,VRT
2026-03-06,-0.017274651532340535,VRT
2026-03-09,0.07597850604085288,VRT
2026-03-10,0.02135368292317974,VRT
2026-03-11,-0.006555811421555369,VRT
2026-03-12,0.006518369417475078,VRT
2026-03-13,-0.018853293003088467,VRT
2026-03-16,0.011228457470884301,VRT
2026-03-17,0.009137136763098574,VRT
2026-03-18,0.00015701718534444353,VRT
2026-03-19,0.019873541332673383,VRT
2026-03-20,-0.03197992077127498,VRT
2026-03-23,-0.010944768504127289,VRT
2026-03-24,0.06339577689119302,VRT
2026-03-25,0.012713427573568303,VRT
2026-03-26,-0.0658079767738986,VRT
2026-03-27,0.014446718832403782,VRT
2026-03-30,-0.061798214130659446,VRT
2026-03-31,0.034223915224655954,VRT
2026-04-01,0.022199825570955234,VRT
2026-04-02,0.006229379000709301,VRT
2026-04-06,-0.015845231451540265,VRT
2026-04-07,0.013550864935388596,VRT
2026-04-08,0.03967392871963504,VRT
2026-04-09,0.016506407163861425,VRT
2026-04-10,0.02419723638166449,VRT
2026-04-13,0.006011617532990954,VRT
2026-04-14,0.01657291771635805,VRT
2026-04-15,-0.04447679698195994,VRT
2026-04-16,-0.028424642394061728,VRT
2026-04-17,0.030933491719561168,VRT
2026-04-20,0.025923181786060567,VRT
2026-04-21,-0.0024748492146704493,VRT
2026-04-22,-0.0402338768432875,VRT
2026-04-23,0.05865273490656442,VRT
2026-04-24,-0.013646304102097773,VRT
2026-04-27,-0.003716453713375145,VRT
2026-04-28,-0.04536819856685437,VRT
2026-04-29,-0.0023319604299310015,VRT
2026-04-30,0.06105018249191829,VRT
2026-05-01,-0.010101949964016477,VRT
2026-05-04,0.009955121229444863,VRT
2026-05-05,0.017022698020896954,VRT
2026-05-06,0.030596948686356207,VRT
2026-05-07,-0.05293084187502828,VRT
2026-05-08,-0.023287932904549002,VRT
2026-05-11,0.0761159299385028,VRT
2026-05-12,0.006368396192173442,VRT
2026-05-13,-0.002746898885606086,VRT
2026-05-14,0.009642176677201242,VRT
2026-05-15,0.0010423536702006686,VRT
2026-05-18,-0.08357758077895916,VRT
2026-05-19,-0.045463519465612556,VRT
2026-05-20,-0.03823691069684365,VRT
2026-05-21,0.022287438109736435,VRT
2026-05-22,0.008244224911249098,VRT
2026-05-26,-0.028499600657698743,VRT
2026-05-27,-0.011695255742193211,VRT
2026-05-28,-0.02606281044810288,VRT
2026-05-29,0.001180732274798757,VRT
2026-06-01,0.018052753926030896,VRT
2026-06-02,0.029153911609002492,VRT
2026-06-03,-0.006543388428127628,VRT
2026-06-04,-0.018101105229345826,VRT
2026-06-05,-0.025824224775996996,VRT
2026-06-08,-0.0152954651162025,VRT
2026-06-09,-0.02588230502405775,VRT
2026-06-10,-0.00976209334362732,VRT
2026-06-11,0.025189270934219188,VRT
2026-06-12,0.0107454793574151,VRT
2026-06-15,-0.0012473315833849696,VRT
2026-06-16,-0.021142162138884757,VRT
2026-06-17,0.06840289783038767,VRT
2026-06-18,0.022806427197146206,VRT
2026-06-22,0.07464189467746873,VRT
2026-06-23,-0.08388062743215219,VRT
2026-06-24,-0.0017003054507762627,VRT
2026-06-25,0.020402552148742537,VRT
2026-06-26,-0.05485503911520606,VRT
2026-06-29,-0.014663596626354192,VRT
2026-06-30,0.06997149355239873,VRT
2026-07-01,-0.05708317337934243,VRT
2026-07-02,-0.018109080341364603,VRT
2026-07-06,0.0437406846166839,VRT
2026-07-07,-0.022618298443549456,VRT
2026-07-08,0.036412877930618315,VRT
2026-07-09,0.0025375265094824684,VRT
2026-07-10,-0.018822930491013246,VRT
2026-07-13,-0.022429723094917087,VRT
2026-07-14,-0.018622940820912426,VRT
2026-07-15,0.005969041129089803,VRT
2026-07-16,-0.018370051253715047,VRT
2026-07-17,-0.0004476023133976881,VRT
2026-07-20,0.006211268826931793,VRT
2026-07-21,0.024670703728126853,VRT
2026-07-22,-0.005910317719153291,VRT
2026-07-23,0.0286835193353161,VRT
2026-07-24,-0.03480372546783084,VRT
2026-07-27,-0.006462333318895119,VRT
2026-07-28,-0.05501240674627095,VRT
2026-07-29,-0.168859142807114,VRT
2026-07-30,-0.012643059358031117,VRT
2026-07-31,0.05353457786361382,VRT
2026-08-03,0.06777871353030562,VRT
2026-08-04,-0.007585257145339419,VRT
2026-08-05,0.03833264160813865,VRT
2026-08-06,-0.006314934958356666,VRT
2026-08-07,-0.021775394494177647,VRT
2026-08-10,-0.0054873220024234115,VRT
2026-08-11,0.04580347139299956,VRT
2026-08-12,0.01569574433158305,VRT
2026-08-13,-0.01598272383396182,VRT
2026-08-14,0.024676198467229682,VRT
2026-08-17,-0.003167297287228976,VRT
2026-08-18,-0.053360342098408786,VRT
2026-08-19,-0.03821137678449027,VRT
2024-03-27,,GEV
2024-03-28,0.04289556930699945,GEV
2024-04-01,0.0356988577741415,GEV
2024-04-02,-0.005658019173566231,GEV
2024-04-03,-0.02142457317111912,GEV
2024-04-04,-0.07029285549382447,GEV
2024-04-05,-0.03873064979911511,GEV
2024-04-08,0.057189353712631785,GEV
2024-04-09,0.013169248120878052,GEV
2024-04-10,0.05460933865794981,GEV
2024-04-11,-0.028935988364898968,GEV
2024-04-12,-0.0029272532355868464,GEV
2024-04-15,-0.0003459643823280345,GEV
2024-04-16,-0.012926116222095274,GEV
2024-04-17,0.04762488816096244,GEV
2024-04-18,0.023886799229747346,GEV
2024-04-19,0.005336043810611812,GEV
2024-04-22,0.00169402907356897,GEV
2024-04-23,0.0635346150661169,GEV
2024-04-24,-0.014606279301484726,GEV
2024-04-25,0.019307827748806794,GEV
2024-04-26,0.016276596054024317,GEV
2024-04-29,0.03401953076773179,GEV
2024-04-30,-0.014862921649733352,GEV
2024-05-01,-0.0061036506160236925,GEV
2024-05-02,0.0014582625917993752,GEV
2024-05-03,0.057805438635410766,GEV
2024-05-06,0.006280263134286201,GEV
2024-05-07,-0.010738630358710033,GEV
2024-05-08,-0.019690129752173213,GEV
2024-05-09,0.012348913330955114,GEV
2024-05-10,0.002859325706212168,GEV
2024-05-13,-0.03722309874506102,GEV
2024-05-14,0.018653950368461736,GEV
2024-05-15,-0.002075941240180512,GEV
2024-05-16,-0.006762081883409543,GEV
2024-05-17,-0.022491403596710313,GEV
2024-05-20,-0.017270854419040305,GEV
2024-05-21,0.016391217060901297,GEV
2024-05-22,-0.0002905054828028497,GEV
2024-05-23,-0.008885742998546498,GEV
2024-05-24,0.0836069562939894,GEV
2024-05-28,-5.751809104648231e-05,GEV
2024-05-29,0.002740156387476489,GEV
2024-05-30,-0.0019418701866991128,GEV
2024-05-31,0.006534719558927371,GEV
2024-06-03,-0.037298097497517446,GEV
2024-06-04,-0.046709756042300654,GEV
2024-06-05,-0.017202992650112492,GEV
2024-06-06,-0.019297117337229608,GEV
2024-06-07,0.011865734506993242,GEV
2024-06-10,0.023714835375919563,GEV
2024-06-11,0.002656869413312002,GEV
2024-06-12,0.04073862888212876,GEV
2024-06-13,-0.013039479617954264,GEV
2024-06-14,-0.039819523675435065,GEV
2024-06-17,-0.020495670652040054,GEV
2024-06-18,0.06177833304198277,GEV
2024-06-20,-0.0056609932940148155,GEV
2024-06-21,-0.005534537898562064,GEV
2024-06-24,0.02507081228143271,GEV
2024-06-25,0.007039801357932696,GEV
2024-06-26,-0.010086571343523865,GEV
2024-06-27,-0.02346095215084798,GEV
2024-06-28,-0.02222774129444094,GEV
2024-07-01,-0.029386773774347397,GEV
2024-07-02,0.0031325151362144865,GEV
2024-07-03,0.008457381663213859,GEV
2024-07-05,0.009977116285682541,GEV
2024-07-08,-0.01298597617925168,GEV
2024-07-09,-0.008867661189977838,GEV
2024-07-10,0.027907173983141575,GEV
2024-07-11,0.005171826852185646,GEV
2024-07-12,0.015142802978255432,GEV
2024-07-15,-0.01950544082664596,GEV
2024-07-16,0.02904909019719515,GEV
2024-07-17,-0.06730689062931283,GEV
2024-07-18,-0.02177635929659072,GEV
2024-07-19,0.02029387562018581,GEV
2024-07-22,0.0059338350685429475,GEV
2024-07-23,0.02565218930955293,GEV
2024-07-24,-0.009011058793886306,GEV
2024-07-25,-0.006873629119048097,GEV
2024-07-26,0.06854959385618109,GEV
2024-07-29,-0.008148781534839777,GEV
2024-07-30,-0.042050545376040915,GEV
2024-07-31,0.062058578890824556,GEV
2024-08-01,0.0006163245637234027,GEV
2024-08-02,-0.03089856916804834,GEV
2024-08-05,0.015038486330612777,GEV
2024-08-06,0.0034119938206229605,GEV
2024-08-07,0.021299998273764942,GEV
2024-08-08,0.03479363883961639,GEV
2024-08-09,0.005455952278833109,GEV
2024-08-12,-0.017170660426383044,GEV
2024-08-13,-0.00648030122372667,GEV
2024-08-14,0.024470213168182653,GEV
2024-08-15,3.985127185579529e-05,GEV
2024-08-16,-0.026817270898893852,GEV
2024-08-19,-0.005796601134593793,GEV
2024-08-20,-0.0054790821962065195,GEV
2024-08-21,-0.0032413160378990113,GEV
2024-08-22,0.025381018615743045,GEV
2024-08-23,-0.02546429570808506,GEV
2024-08-26,0.0034068875518675767,GEV
2024-08-27,0.015620684161702592,GEV
2024-08-28,0.0030237449820536,GEV
2024-08-29,0.040685727483734446,GEV
2024-08-30,0.03729933651417472,GEV
2024-09-03,-0.012117658309047208,GEV
2024-09-04,0.038711707091868774,GEV
2024-09-05,-0.006911836359242862,GEV
2024-09-06,0.026598012566089402,GEV
2024-09-09,0.004616493823695222,GEV
2024-09-10,-0.008208747929094429,GEV
2024-09-11,0.013251716252631773,GEV
2024-09-12,0.019073151173116365,GEV
2024-09-13,0.042356113850468446,GEV
2024-09-16,0.02348346335652618,GEV
2024-09-17,0.030389687165301105,GEV
2024-09-18,-0.0019214514026613116,GEV
2024-09-19,0.011608459535784377,GEV
2024-09-20,0.006028464126006661,GEV
2024-09-23,0.0217809716517241,GEV
2024-09-24,0.010769927190946937,GEV
2024-09-25,-0.002611411389747076,GEV
2024-09-26,-0.022615305119460416,GEV
2024-09-27,0.00014417880502470837,GEV
2024-09-30,0.017576263963532845,GEV
2024-10-01,0.02009071308245236,GEV
2024-10-02,-0.018078253679944645,GEV
2024-10-03,0.010175858669011717,GEV
2024-10-04,0.030117938877367578,GEV
2024-10-07,-0.0007806466101314413,GEV
2024-10-08,-0.008256616959189778,GEV
2024-10-09,0.0009407191953716421,GEV
2024-10-10,-0.006318361472302136,GEV
2024-10-11,0.006979856616361246,GEV
2024-10-14,0.0013753224661039454,GEV
2024-10-15,0.0017372669833237708,GEV
2024-10-16,0.03096355255281047,GEV
2024-10-17,-0.010824799327306955,GEV
2024-10-18,-0.003889744496913927,GEV
2024-10-21,0.01159249998092271,GEV
2024-10-22,-0.0011254910394047357,GEV
2024-10-23,0.027882052989186334,GEV
2024-10-24,0.0512950711284299,GEV
2024-10-25,-0.017793510644326993,GEV
2024-10-28,-0.014953015846150386,GEV
2024-10-29,0.022889111468047396,GEV
2024-10-30,0.003662659910620647,GEV
2024-10-31,0.03911708315985418,GEV
2024-11-01,-0.009263122679506353,GEV
2024-11-04,-0.015958340749358868,GEV
2024-11-05,0.053804371094193115,GEV
2024-11-06,0.0361887403018013,GEV
2024-11-07,-0.014195219994614483,GEV
2024-11-08,0.011812550609460182,GEV
2024-11-11,0.02450515992779856,GEV
2024-11-12,-0.0746721140710207,GEV
2024-11-13,0.030362527877724865,GEV
2024-11-14,-0.014928992561587862,GEV
2024-11-15,0.035459457977981224,GEV
2024-11-18,-0.020325708399319353,GEV
2024-11-19,0.03712654583286312,GEV
2024-11-20,0.008690052633736123,GEV
2024-11-21,-0.012146160192575195,GEV
2024-11-22,0.025423368430783633,GEV
2024-11-25,-0.061113789716796596,GEV
2024-11-26,0.024323758906146686,GEV
2024-11-27,-0.0026559473861551552,GEV
2024-11-29,-0.01236330389275242,GEV
2024-12-02,-0.0006453434507314171,GEV
2024-12-03,-0.01985138414534937,GEV
2024-12-04,0.02273351960928327,GEV
2024-12-05,0.015436148685344264,GEV
2024-12-06,-0.013574052749206977,GEV
2024-12-09,-0.025217295711979837,GEV
2024-12-10,-0.020310969954065783,GEV
2024-12-11,0.031164071457978615,GEV
2024-12-12,-0.034765747479798215,GEV
2024-12-13,-0.001280011765826039,GEV
2024-12-16,0.0027248089030234013,GEV
2024-12-17,-0.023724245737655636,GEV
2024-12-18,0.001974156022749085,GEV
2024-12-19,0.05272451235126585,GEV
2024-12-20,0.021254216075183407,GEV
2024-12-23,-0.003121853505476224,GEV
2024-12-24,-0.006621149204653953,GEV
2024-12-26,-0.011546099653918063,GEV
2024-12-27,-0.014010438135474423,GEV
2024-12-30,0.002727632605591168,GEV
2024-12-31,0.004495681333211543,GEV
2025-01-02,0.031936133803355915,GEV
2025-01-03,0.02732588419549664,GEV
2025-01-06,0.036255129459952684,GEV
2025-01-07,0.01043615458762126,GEV
2025-01-08,-0.005725657212946267,GEV
2025-01-10,0.017495647489188748,GEV
2025-01-13,0.002428507969203686,GEV
2025-01-14,0.04220705930634949,GEV
2025-01-15,-0.010344466936460961,GEV
2025-01-16,0.017236097818917884,GEV
2025-01-17,0.009538210382536327,GEV
2025-01-21,0.029853951119650723,GEV
2025-01-22,0.01362816114427634,GEV
2025-01-23,0.022414540324198207,GEV
2025-01-24,-0.03446859216524345,GEV
2025-01-27,-0.2127812655306922,GEV
2025-01-28,0.05869137866346552,GEV
2025-01-29,-0.00340007626692973,GEV
2025-01-30,0.07644926468387059,GEV
2025-01-31,-0.025167712926221775,GEV
2025-02-03,-0.022378474172180418,GEV
2025-02-04,-0.02662493913582331,GEV
2025-02-05,0.02694655996896156,GEV
2025-02-06,0.01337368217288848,GEV
2025-02-07,0.021035749079532096,GEV
2025-02-10,0.006396309224703245,GEV
2025-02-11,-0.02954969938544405,GEV
2025-02-12,-0.009340611201567484,GEV
2025-02-13,-0.012499370775896246,GEV
2025-02-14,-0.011562172350864763,GEV
2025-02-18,0.013015906248738496,GEV
2025-02-19,0.0049326077976434846,GEV
2025-02-20,-0.0379909005983734,GEV
2025-02-21,-0.07159383135705344,GEV
2025-02-24,-0.02531587481236741,GEV
2025-02-25,0.018298199793658654,GEV
2025-02-26,0.0513574749067951,GEV
2025-02-27,0.0010735757672319934,GEV
2025-02-28,0.011243846585276884,GEV
2025-03-03,-0.03686335603127944,GEV
2025-03-04,-0.006229756809594811,GEV
2025-03-05,-0.00110810693098351,GEV
2025-03-06,-0.049486734933319454,GEV
2025-03-07,-0.020751532151803254,GEV
2025-03-10,-0.029033336005257482,GEV
2025-03-11,0.05320323345752609,GEV
2025-03-12,0.03844182125717399,GEV
2025-03-13,0.02336354555345377,GEV
2025-03-14,0.019748717607689592,GEV
2025-03-17,0.05033765277476032,GEV
2025-03-18,-0.022848044425176184,GEV
2025-03-19,0.03825117729637828,GEV
2025-03-20,0.006458098706742632,GEV
2025-03-21,-0.012118018072805548,GEV
2025-03-24,0.006932060416891872,GEV
2025-03-25,-0.02737489601799936,GEV
2025-03-26,-0.0380267209215992,GEV
2025-03-27,-0.04166033167093364,GEV
2025-03-28,0.026449471354996312,GEV
2025-03-31,0.007770275955000905,GEV
2025-04-01,0.02534430396498344,GEV
2025-04-02,0.03963952241081614,GEV
2025-04-03,-0.050542159795988084,GEV
2025-04-04,-0.02794200709284045,GEV
2025-04-07,0.04993759419504329,GEV
2025-04-08,0.021035048113887456,GEV
2025-04-09,0.01692386802427137,GEV
2025-04-10,-0.00950458329111914,GEV
2025-04-11,0.018113139013607338,GEV
2025-04-14,-0.0040523798003757605,GEV
2025-04-15,0.018122745419239195,GEV
2025-04-16,0.02939921895632036,GEV
2025-04-17,-0.013205481813299613,GEV
2025-04-21,-0.007836783740239994,GEV
2025-04-22,0.014739815291997083,GEV
2025-04-23,0.007842149574818436,GEV
2025-04-24,0.04233665669151687,GEV
2025-04-25,0.021471807512319252,GEV
2025-04-28,-0.006039658867278419,GEV
2025-04-29,-0.0035338206393751292,GEV
2025-04-30,-0.0008709556912380734,GEV
2025-05-01,0.017486548480580844,GEV
2025-05-02,0.021307662948531814,GEV
2025-05-05,0.017938966742899076,GEV
2025-05-06,0.009669243417232742,GEV
2025-05-07,0.009893160222804731,GEV
2025-05-08,-0.042267169250087555,GEV
2025-05-09,0.013917409225374655,GEV
2025-05-12,0.002653536647913235,GEV
2025-05-13,0.02417504039349261,GEV
2025-05-14,-0.007106431776151112,GEV
2025-05-15,-0.01475277739169556,GEV
2025-05-16,-0.0017935321711251007,GEV
2025-05-19,0.0414417721113054,GEV
2025-05-20,0.01101191135837798,GEV
2025-05-21,0.02061625618898688,GEV
2025-05-22,0.010830045454361503,GEV
2025-05-23,0.021370655981074904,GEV
2025-05-27,-0.008037238220888199,GEV
2025-05-28,0.03267103849939268,GEV
2025-05-29,-0.03091428922940942,GEV
2025-05-30,0.005412401827638469,GEV
2025-06-02,0.017558471665449105,GEV
2025-06-03,0.008183024106731551,GEV
2025-06-04,-0.012650503523022216,GEV
2025-06-05,-0.0003011468861533473,GEV
2025-06-06,-0.008304080562393956,GEV
2025-06-09,-0.011833940331282378,GEV
2025-06-10,-0.03767417876158152,GEV
2025-06-11,0.04166048577808468,GEV
2025-06-12,0.006304790807008409,GEV
2025-06-13,-0.0064531154326514795,GEV
2025-06-16,0.005703705739201759,GEV
2025-06-17,0.011396503068482389,GEV
2025-06-18,0.0032962782318906036,GEV
2025-06-20,-0.00251951607882539,GEV
2025-06-23,0.015956201413648508,GEV
2025-06-24,0.0065119851403609985,GEV
2025-06-25,-0.018675648339882223,GEV
2025-06-26,-0.00110466741100268,GEV
2025-06-27,0.02162086065072888,GEV
2025-06-30,0.011641157140608982,GEV
2025-07-01,-0.03627022656082168,GEV
2025-07-02,-0.0087808507196101,GEV
2025-07-03,0.013631083714932046,GEV
2025-07-07,0.03284639459701566,GEV
2025-07-08,-0.0010897020417353076,GEV
2025-07-09,0.0037740280367026813,GEV
2025-07-10,0.008117619330700876,GEV
2025-07-11,0.0018819842966841804,GEV
2025-07-14,0.025407465368898485,GEV
2025-07-15,0.007283436355812967,GEV
2025-07-16,0.0017606744361531312,GEV
2025-07-17,0.007850372303892073,GEV
2025-07-18,0.008701120942723684,GEV
2025-07-21,-0.019975109499386967,GEV
2025-07-22,-0.025165835774386025,GEV
2025-07-23,0.13154802495797302,GEV
2025-07-24,-0.010202789942066914,GEV
2025-07-25,0.030108193845208575,GEV
2025-07-28,0.0016307943146030013,GEV
2025-07-29,-0.021866703162057632,GEV
2025-07-30,0.03334743089721748,GEV
2025-07-31,0.013357154223274215,GEV
2025-08-01,0.014138901604266785,GEV
2025-08-04,-0.0087780522933123,GEV
2025-08-05,-0.013074006338974264,GEV
2025-08-06,0.010063950863652416,GEV
2025-08-07,-0.03190600044943892,GEV
2025-08-08,-0.0042964156797529185,GEV
2025-08-11,0.005532987878440032,GEV
2025-08-12,-0.0022777733037564474,GEV
2025-08-13,-0.03631575613751448,GEV
2025-08-14,-0.013578508698394387,GEV
2025-08-15,-0.000981021655861447,GEV
2025-08-18,0.005386720069897599,GEV
2025-08-19,-0.02199026018187311,GEV
2025-08-20,0.008372594438850633,GEV
2025-08-21,0.0069699409427324,GEV
2025-08-22,-0.013545433125856654,GEV
2025-08-25,-0.0049831031610754195,GEV
2025-08-26,0.03442709963601498,GEV
2025-08-27,-0.007175355064719113,GEV
2025-08-28,0.011752657006904421,GEV
2025-08-29,-0.021600858264139156,GEV
2025-09-02,-0.047424430890275815,GEV
2025-09-03,-0.01240109820475599,GEV
2025-09-04,0.028021816617997075,GEV
2025-09-05,-0.0297782265935691,GEV
2025-09-08,0.02583886129850299,GEV
2025-09-09,0.006242746839817848,GEV
2025-09-10,0.060303215160653956,GEV
2025-09-11,-0.02053335558918601,GEV
2025-09-12,-0.018061704825231395,GEV
2025-09-15,-0.0035294233001001984,GEV
2025-09-16,-0.01643424431432905,GEV
2025-09-17,-0.0030640832845616472,GEV
2025-09-18,-0.0151603516816321,GEV
2025-09-19,0.014579318199045233,GEV
2025-09-22,0.02594771152088793,GEV
2025-09-23,-0.010490772697342443,GEV
2025-09-24,-0.0035174577109646776,GEV
2025-09-25,-0.030377791006666932,GEV
2025-09-26,-0.007978291298517348,GEV
2025-09-29,-0.009158275864554533,GEV
2025-09-30,0.017752723387054914,GEV
2025-10-01,-0.01911780361233717,GEV
2025-10-02,-0.003970596123622272,GEV
2025-10-03,-0.014496191414038684,GEV
2025-10-06,0.006255195558286353,GEV
2025-10-07,0.010075702383101515,GEV
2025-10-08,0.019994653392285677,GEV
2025-10-09,0.015214380305081932,GEV
2025-10-10,-0.012642779473035937,GEV
2025-10-13,0.04877633483555055,GEV
2025-10-14,0.0007419826790053818,GEV
2025-10-15,-0.05220144378687053,GEV
2025-10-16,-0.019198445166998646,GEV
2025-10-17,-0.00987322271377078,GEV
2025-10-20,-0.022037564452451974,GEV
2025-10-21,-0.014559961371080732,GEV
2025-10-22,-0.006387438760126152,GEV
2025-10-23,0.02433461896586042,GEV
2025-10-24,-0.028866601364587297,GEV
2025-10-27,-0.01765249697257154,GEV
2025-10-28,-0.030874970421631787,GEV
2025-10-29,0.007674863765677387,GEV
2025-10-30,0.008636148669936006,GEV
2025-10-31,0.014287415115441071,GEV
2025-11-03,-0.011426333582726933,GEV
2025-11-04,-0.0384890314323334,GEV
2025-11-05,0.014711837465037902,GEV
2025-11-06,0.0016292904349635151,GEV
2025-11-07,0.04752914547761655,GEV
2025-11-10,-0.013795981871244756,GEV
2025-11-11,-0.0037694476794154497,GEV
2025-11-12,-0.000392497658281421,GEV
2025-11-13,-0.009774624674942167,GEV
2025-11-14,0.03469076333199794,GEV
2025-11-17,0.0063441612955790205,GEV
2025-11-18,-0.026784493475081383,GEV
2025-11-19,0.06438861201479629,GEV
2025-11-20,-0.0408135556925977,GEV
2025-11-21,-0.011417053816288103,GEV
2025-11-24,0.018140293969123533,GEV
2025-11-25,-0.019899706866765676,GEV
2025-11-26,0.020733339955454788,GEV
2025-11-28,0.008823878150532316,GEV
2025-12-01,-0.03551262011009815,GEV
2025-12-02,0.03409495972977705,GEV
2025-12-03,-0.001792757129779332,GEV
2025-12-04,0.04502910581149422,GEV
2025-12-05,-0.0005622843747516981,GEV
2025-12-08,-0.013113230648477803,GEV
2025-12-09,0.004219585209836119,GEV
2025-12-10,0.1410903265515202,GEV
2025-12-11,-0.023107087524873116,GEV
2025-12-12,-0.027932331081238715,GEV
2025-12-15,0.019281494008747124,GEV
2025-12-16,0.0051422660135553855,GEV
2025-12-17,-0.09218298117808565,GEV
2025-12-18,0.02588658529707022,GEV
2025-12-19,0.016102173486523874,GEV
2025-12-22,0.0005660979323707238,GEV
2025-12-23,-0.005216467975472483,GEV
2025-12-24,0.005913979463871399,GEV
2025-12-26,-0.005736964785961085,GEV
2025-12-29,0.004852338750347407,GEV
2025-12-30,-0.0034522420407627763,GEV
2025-12-31,-0.000944627490332195,GEV
2026-01-02,0.0409200784523982,GEV
2026-01-05,-0.005249545615065188,GEV
2026-01-06,-0.0007464131607299862,GEV
2026-01-07,-0.03657175225841325,GEV
2026-01-08,-0.046866691991481524,GEV
2026-01-09,-0.01934424793845224,GEV
2026-01-12,0.026535676979756673,GEV
2026-01-13,0.020557794722494194,GEV
2026-01-14,-0.0014641011393941028,GEV
2026-01-15,-0.00662467558304769,GEV
2026-01-16,0.060259839265866866,GEV
2026-01-20,0.026320847629083488,GEV
2026-01-21,-0.038518720615076774,GEV
2026-01-22,-0.016599645253799977,GEV
2026-01-23,-0.009048793372945063,GEV
2026-01-26,0.008013604150161946,GEV
2026-01-27,0.030297923570121732,GEV
2026-01-28,0.023598857708890364,GEV
2026-01-29,0.014120956505704996,GEV
2026-01-30,0.02452342921564643,GEV
2026-02-02,0.031775548999881664,GEV
2026-02-03,0.0484195489495054,GEV
2026-02-04,-0.0269705178689037,GEV
2026-02-05,0.0027863061382698007,GEV
2026-02-06,0.03423583036328015,GEV
2026-02-09,0.02044372429320518,GEV
2026-02-10,-0.008852327100170143,GEV
2026-02-11,0.03805903951082712,GEV
2026-02-12,0.011879050564250981,GEV
2026-02-13,-0.019958517190309166,GEV
2026-02-17,0.022027194866693023,GEV
2026-02-18,-0.009394568332801612,GEV
2026-02-19,0.024489480682697184,GEV
2026-02-20,-0.013939200780480832,GEV
2026-02-23,0.013865949795990318,GEV
2026-02-24,0.04545900607018094,GEV
2026-02-25,-0.01862670444626069,GEV
2026-02-26,0.012651581280107571,GEV
2026-02-27,-6.264279327083955e-05,GEV
2026-03-02,0.00732276497020834,GEV
2026-03-03,-0.03471855534529045,GEV
2026-03-04,-0.015995506217533872,GEV
2026-03-05,-0.02869487122740466,GEV
2026-03-06,-0.01698513909995114,GEV
2026-03-09,0.037221218250086174,GEV
2026-03-10,0.010886358112515815,GEV
2026-03-11,0.010150470082129104,GEV
2026-03-12,-0.0011909083838457235,GEV
2026-03-13,-0.027152704881855172,GEV
2026-03-16,0.016229835502768353,GEV
2026-03-17,0.015695923631110276,GEV
2026-03-18,0.030977704884943336,GEV
2026-03-19,0.02496519321021573,GEV
2026-03-20,-0.011802605425739188,GEV
2026-03-23,0.02500946584986785,GEV
2026-03-24,0.036738850798015754,GEV
2026-03-25,0.009026382308539915,GEV
2026-03-26,-0.03214614359917345,GEV
2026-03-27,-0.003395908085587429,GEV
2026-03-30,-0.035206943417005476,GEV
2026-03-31,0.03246017136232293,GEV
2026-04-01,0.012479365498076156,GEV
2026-04-02,0.003080717968487967,GEV
2026-04-06,-0.007346789907639817,GEV
2026-04-07,0.014658409387207527,GEV
2026-04-08,-0.00187679467395796,GEV
2026-04-09,0.026820529718991182,GEV
2026-04-10,0.02234349973851124,GEV
2026-04-13,-0.010491138371252262,GEV
2026-04-14,-0.02165324245686584,GEV
2026-04-15,-0.015503631828265085,GEV
2026-04-16,-0.012543228667579065,GEV
2026-04-17,0.011665442842398122,GEV
2026-04-20,-0.009434878502088573,GEV
2026-04-21,0.004941098501776153,GEV
2026-04-22,0.11220196214624778,GEV
2026-04-23,0.02494572392286276,GEV
2026-04-24,-0.019242795553222614,GEV
2026-04-27,-0.026050364358252587,GEV
2026-04-28,-0.01823071690802358,GEV
2026-04-29,-0.030092010707580386,GEV
2026-04-30,0.009677993058423873,GEV
2026-05-01,-0.028665389515824202,GEV
2026-05-04,0.012181026296180342,GEV
2026-05-05,0.006712077728843191,GEV
2026-05-06,0.0008920770270934852,GEV
2026-05-07,-0.06658638753718904,GEV
2026-05-08,-0.028425053230237474,GEV
2026-05-11,0.028275903634383148,GEV
2026-05-12,0.0074923076594552995,GEV
2026-05-13,-0.019323733501806828,GEV
2026-05-14,0.01889086658572925,GEV
2026-05-15,-0.023404756462700682,GEV
2026-05-18,-0.031569337776645945,GEV
2026-05-19,0.005736835146914032,GEV
2026-05-20,-0.0039347598339700696,GEV
2026-05-21,0.016757600305866482,GEV
2026-05-22,-0.009110308398367906,GEV
2026-05-26,0.012490023714090803,GEV
2026-05-27,-0.035568522440176054,GEV
2026-05-28,-0.043795710628631745,GEV
2026-05-29,-0.03186192064893412,GEV
2026-06-01,-0.024514688667244044,GEV
2026-06-02,0.015331631897183229,GEV
2026-06-03,-0.008072684596909241,GEV
2026-06-04,0.008978794212730179,GEV
2026-06-05,0.01785396455862731,GEV
2026-06-08,-0.015238013908069448,GEV
2026-06-09,-0.0032050694169161176,GEV
2026-06-10,-0.03921517737511504,GEV
2026-06-11,0.011550116252014853,GEV
2026-06-12,0.030803383169527798,GEV
2026-06-15,0.009090995431654925,GEV
2026-06-16,0.023043651677358667,GEV
2026-06-17,0.07563294663477205,GEV
2026-06-18,0.03165642659634216,GEV
2026-06-22,0.01847911906164157,GEV
2026-06-23,-0.05221708964160943,GEV
2026-06-24,0.025922263683209934,GEV
2026-06-25,0.01789061929713487,GEV
2026-06-26,-0.02397423095612794,GEV
2026-06-29,0.028859444602781004,GEV
2026-06-30,0.046687996251649544,GEV
2026-07-01,-0.019721805002347104,GEV
2026-07-02,-0.0014160242540199874,GEV
2026-07-06,0.020136411836345403,GEV
2026-07-07,-0.04858226451677794,GEV
2026-07-08,-0.008499457931409715,GEV
2026-07-09,-0.012526317763887462,GEV
2026-07-10,0.0119760694390596,GEV
2026-07-13,-0.026737200913948378,GEV
2026-07-14,0.011097241118671164,GEV
2026-07-15,-0.007403359142020172,GEV
2026-07-16,-0.0016495927221811257,GEV
2026-07-17,0.03579328663209136,GEV
2026-07-20,0.01892319989550373,GEV
2026-07-21,-0.018720218339930206,GEV
2026-07-22,-0.08582271550263965,GEV
2026-07-23,0.06496248668821103,GEV
2026-07-24,-0.004837049230390633,GEV
2026-07-27,-0.014989663743955717,GEV
2026-07-28,-0.045082965207706494,GEV
2026-07-29,-0.026182566550389197,GEV
2026-07-30,0.05442286278776454,GEV
2026-07-31,0.001952385449583538,GEV
2026-08-03,-0.0009113167594989591,GEV
2026-08-04,-0.021780637623026955,GEV
2026-08-05,0.008530214872306097,GEV
2026-08-06,-0.013799503807895519,GEV
2026-08-07,-0.021684900244450134,GEV
2026-08-10,0.003526951825016944,GEV
2026-08-11,0.024364813050034684,GEV
2026-08-12,0.020033758502914445,GEV
2026-08-13,-0.0023860947567717616,GEV
2026-08-14,0.014459506069048444,GEV
2026-08-17,0.016347226139800775,GEV
2026-08-18,-0.05443535570673319,GEV
2026-08-19,-0.023249429346025252,GEV
2024-01-02,,MSFT
2024-01-03,0.009909749539882107,MSFT
2024-01-04,-0.002043604849665037,MSFT
2024-01-05,-0.0017019177658603724,MSFT
2024-01-08,-0.0017615304043010482,MSFT
2024-01-09,0.0009577022510205424,MSFT
2024-01-10,0.01164904620992857,MSFT
2024-01-11,0.0027692186570060784,MSFT
2024-01-12,0.009421329203723516,MSFT
2024-01-16,0.004720485130020435,MSFT
2024-01-17,0.0036046666930609206,MSFT
2024-01-18,-0.002860478489869145,MSFT
2024-01-19,-0.007523628369967561,MSFT
2024-01-22,-0.0067378741111490115,MSFT
2024-01-23,0.001868360174164252,MSFT
2024-01-24,0.003599708552275871,MSFT
2024-01-25,0.004501344720813982,MSFT
2024-01-26,0.0036510179189317427,MSFT
2024-01-29,0.0040440193092461385,MSFT
2024-01-30,0.003917013101601974,MSFT
2024-01-31,-0.007535680685517576,MSFT
2024-02-01,0.003767446578578415,MSFT
2024-02-02,0.0014989288543834078,MSFT
2024-02-05,-0.012331507219500715,MSFT
2024-02-06,0.001614892767816123,MSFT
2024-02-07,0.010652825282047473,MSFT
2024-02-08,-0.0017054059630421392,MSFT
2024-02-09,0.005637092399068067,MSFT
2024-02-12,-0.008738325289897375,MSFT
2024-02-13,-0.006043973278007542,MSFT
2024-02-14,-0.0012194936285645497,MSFT
2024-02-15,-0.010154314946318799,MSFT
2024-02-16,0.0029410978256008136,MSFT
2024-02-20,0.004428727717091796,MSFT
2024-02-21,0.0024942103730758447,MSFT
2024-02-22,-0.005581746515258779,MSFT
2024-02-23,-0.00023828296231975798,MSFT
2024-02-26,-0.006320172411768077,MSFT
2024-02-27,-0.002549682004460152,MSFT
2024-02-28,0.0059273684397567195,MSFT
2024-02-29,0.005882958793305804,MSFT
2024-03-01,-0.010458325555255499,MSFT
2024-03-04,0.002177650440829737,MSFT
2024-03-05,-0.011905483740326517,MSFT
2024-03-06,-0.007655633334908707,MSFT
2024-03-07,0.002317458008387341,MSFT
2024-03-08,0.00737742034619604,MSFT
2024-03-11,-0.00047411013285802994,MSFT
2024-03-12,0.012018839488177946,MSFT
2024-03-13,0.00728204483210515,MSFT
2024-03-14,0.026611648232271357,MSFT
2024-03-15,-0.008954111731606318,MSFT
2024-03-18,-0.0073334491877394825,MSFT
2024-03-19,0.0072644359184339535,MSFT
2024-03-20,-0.0027628323477104644,MSFT
2024-03-21,0.004967696537730326,MSFT
2024-03-22,-0.002611605911598147,MSFT
2024-03-25,-0.01017356843697037,MSFT
2024-03-26,0.0003773507077831084,MSFT
2024-03-27,-0.003922294405493076,MSFT
2024-03-28,0.0001588236726330905,MSFT
2024-04-01,0.006994724646504302,MSFT
2024-04-02,0.0012681311471833823,MSFT
2024-04-03,-0.004593635981501976,MSFT
2024-04-04,0.00927755181407619,MSFT
2024-04-05,0.00640249322085662,MSFT
2024-04-08,-0.002482855437962783,MSFT
2024-04-09,0.0002796454035980389,MSFT
2024-04-10,0.0016570917513192285,MSFT
2024-04-11,-0.004869212566068981,MSFT
2024-04-12,0.0018789701395132141,MSFT
2024-04-15,-0.003184281966992053,MSFT
2024-04-16,0.002177084669348517,MSFT
2024-04-17,0.005645120833466244,MSFT
2024-04-18,-0.012829150120063915,MSFT
2024-04-19,0.008085430280581285,MSFT
2024-04-22,-0.005407011810071083,MSFT
2024-04-23,0.0015385205169922145,MSFT
2024-04-24,0.0002671082352065923,MSFT
2024-04-25,-0.01995846172663729,MSFT
2024-04-26,0.002765534670022163,MSFT
2024-04-29,-0.014119590395655912,MSFT
2024-04-30,-0.013610079468338476,MSFT
2024-05-01,0.021563459619077463,MSFT
2024-05-02,-0.005366747789989468,MSFT
2024-05-03,0.002028573387507393,MSFT
2024-05-06,0.005882960269088855,MSFT
2024-05-07,-0.010367236081764375,MSFT
2024-05-08,0.0035179664573474767,MSFT
2024-05-09,0.002147245022458222,MSFT
2024-05-10,0.0034965756922682445,MSFT
2024-05-13,-0.004766986224803205,MSFT
2024-05-14,0.0004293426600048278,MSFT
2024-05-15,0.0018234678096682444,MSFT
2024-05-16,-0.002918922111047273,MSFT
2024-05-17,-0.0013675739892669014,MSFT
2024-05-20,0.0051859425705096385,MSFT
2024-05-21,0.006706744119569841,MSFT
2024-05-22,0.0036410842623544326,MSFT
2024-05-23,-0.003701143122470718,MSFT
2024-05-24,-0.002038751051368415,MSFT
2024-05-28,-0.0033985990778457875,MSFT
2024-05-29,0.004397086099029224,MSFT
2024-05-30,-0.023598832857548935,MSFT
2024-05-31,0.0029708098266443272,MSFT
2024-06-03,-0.009240905893048712,MSFT
2024-06-04,0.00341479072293982,MSFT
2024-06-05,-0.0010556630194082928,MSFT
2024-06-06,0.001547292509409992,MSFT
2024-06-07,-0.000694319091888218,MSFT
2024-06-10,0.005408819344333793,MSFT
2024-06-11,0.004339702253745692,MSFT
2024-06-12,0.006169703054885289,MSFT
2024-06-13,-0.004227258813242152,MSFT
2024-06-14,-0.0029283887719788737,MSFT
2024-06-17,0.0008446639816526158,MSFT
2024-06-18,-0.004846832937326795,MSFT
2024-06-20,0.006302955650370201,MSFT
2024-06-21,0.011795151595008768,MSFT
2024-06-24,0.006747862289220308,MSFT
2024-06-25,-0.004070674933107199,MSFT
2024-06-26,0.000616583373825641,MSFT
2024-06-27,-0.001053005909225746,MSFT
2024-06-28,-0.007909831109031984,MSFT
2024-07-01,0.015797690615449334,MSFT
2024-07-02,-0.0048773092811371654,MSFT
2024-07-03,-0.005063607664890668,MSFT
2024-07-05,0.004255868787193862,MSFT
2024-07-08,-0.005202446377634118,MSFT
2024-07-09,-0.015338781547883151,MSFT
2024-07-10,0.004123435010008336,MSFT
2024-07-11,-0.0029098573884498435,MSFT
2024-07-12,-0.008390052293240302,MSFT
2024-07-15,-0.0017805309306284656,MSFT
2024-07-16,-0.010211810277841238,MSFT
2024-07-17,0.016357056649508372,MSFT
2024-07-18,-0.0023839336000239797,MSFT
2024-07-19,0.0014727080564913564,MSFT
2024-07-22,-0.001538343697334632,MSFT
2024-07-23,0.007833683189516272,MSFT
2024-07-24,1.597027787703098e-05,MSFT
2024-07-25,-0.013696835406988406,MSFT
2024-07-26,0.006082566258599265,MSFT
2024-07-29,0.0014204726354840602,MSFT
2024-07-30,0.00485813604067431,MSFT
2024-07-31,-0.040029103464915394,MSFT
2024-08-01,0.021551257867606033,MSFT
2024-08-02,0.0031386887209636782,MSFT
2024-08-05,-0.002932294000634883,MSFT
2024-08-06,0.001713846574699751,MSFT
2024-08-07,0.007931795642567963,MSFT
2024-08-08,-0.019497218124568505,MSFT
2024-08-09,0.003026444420063612,MSFT
2024-08-12,-0.00020723895633789624,MSFT
2024-08-13,-0.006966119595436027,MSFT
2024-08-14,0.006535981904228549,MSFT
2024-08-15,-0.013194821659987532,MSFT
2024-08-16,-0.007383904761813831,MSFT
2024-08-19,-0.005764626950144347,MSFT
2024-08-20,0.009828275294419875,MSFT
2024-08-21,-0.00620815218158377,MSFT
2024-08-22,-0.004478639500990589,MSFT
2024-08-23,-0.007807654808837938,MSFT
2024-08-26,0.001806614911249227,MSFT
2024-08-27,-0.0021367873531064063,MSFT
2024-08-28,0.003552434843997254,MSFT
2024-08-29,0.007583605572301089,MSFT
2024-08-30,-0.0021651877547732568,MSFT
2024-09-03,0.012199677540361442,MSFT
2024-09-04,0.0012822248946875447,MSFT
2024-09-05,-0.002181145341166868,MSFT
2024-09-06,0.010635541484774969,MSFT
2024-09-09,-0.0028199318224633174,MSFT
2024-09-10,0.01148652260170202,MSFT
2024-09-11,-0.0003653836553514367,MSFT
2024-09-12,-0.0004508008394203955,MSFT
2024-09-13,0.0039023090557419593,MSFT
2024-09-16,0.006168159567087272,MSFT
2024-09-17,0.00826588977849152,MSFT
2024-09-18,-0.005684972692174384,MSFT
2024-09-19,-0.006843885463926114,MSFT
2024-09-20,-0.005921140195393804,MSFT
2024-09-23,-0.006699018071535612,MSFT
2024-09-24,-0.014873618527303734,MSFT
2024-09-25,0.005900162097764117,MSFT
2024-09-26,-0.009337984099634156,MSFT
2024-09-27,-0.0020847669211621067,MSFT
2024-09-30,0.002604738172946597,MSFT
2024-10-01,-0.008556063448554418,MSFT
2024-10-02,-0.009910356675741028,MSFT
2024-10-03,-0.0006681273004245369,MSFT
2024-10-04,-0.012980931632076143,MSFT
2024-10-07,-0.005025387299854245,MSFT
2024-10-08,-0.0022793250404076204,MSFT
2024-10-09,-0.0012283165136262042,MSFT
2024-10-10,-0.002751904340920319,MSFT
2024-10-11,-0.0004082868784918148,MSFT
2024-10-14,-0.001605686690965058,MSFT
2024-10-15,0.012502041920320117,MSFT
2024-10-16,-0.006398578167087443,MSFT
2024-10-17,0.0007485505132507342,MSFT
2024-10-18,-0.003083857143908908,MSFT
2024-10-21,-0.000437819679792284,MSFT
2024-10-22,0.0195427465566258,MSFT
2024-10-23,0.008612174333238798,MSFT
2024-10-24,-0.0077699847196806004,MSFT
2024-10-25,0.0019448372445420858,MSFT
2024-10-28,-0.003811753051468969,MSFT
2024-10-29,0.0029238806021059105,MSFT
2024-10-30,0.008928086113155764,MSFT
2024-10-31,-0.036869863533072866,MSFT
2024-11-01,0.0024724558585980105,MSFT
2024-11-04,-0.0017476911795375472,MSFT
2024-11-05,-0.005358352326414462,MSFT
2024-11-06,-0.0058295461244322055,MSFT
2024-11-07,-0.003204225838805641,MSFT
2024-11-08,-0.007984040893590283,MSFT
2024-11-11,-0.010195162241054767,MSFT
2024-11-12,0.013749376744753405,MSFT
2024-11-13,0.006404082593924443,MSFT
2024-11-14,0.01094079814168758,MSFT
2024-11-15,-0.004133609723506737,MSFT
2024-11-18,-0.00509392046385404,MSFT
2024-11-19,-0.0019853653434322993,MSFT
2024-11-20,-0.004944252452618869,MSFT
2024-11-21,-0.007916942405037375,MSFT
2024-11-22,0.00835079859376986,MSFT
2024-11-25,0.0027029271193201865,MSFT
2024-11-26,0.016375320774586477,MSFT
2024-11-27,-0.0038466324159251997,MSFT
2024-11-29,-0.007638105101394288,MSFT
2024-12-02,0.006773674631528337,MSFT
2024-12-03,-0.0025510554890164627,MSFT
2024-12-04,0.002034556067489035,MSFT
2024-12-05,0.01459268998158958,MSFT
2024-12-06,-0.0067657721124625425,MSFT
2024-12-09,0.0133260006922713,MSFT
2024-12-10,-0.0026360448893392174,MSFT
2024-12-11,-0.00505751421247691,MSFT
2024-12-12,0.007743183409831822,MSFT
2024-12-13,-0.012732171127149527,MSFT
2024-12-16,-0.004685367797069517,MSFT
2024-12-17,0.010748632733251995,MSFT
2024-12-18,-0.0015409157839041399,MSFT
2024-12-19,0.003639791646032897,MSFT
2024-12-20,-0.009678891832120229,MSFT
2024-12-23,-0.012792484909100565,MSFT
2024-12-24,-0.004138506851275814,MSFT
2024-12-26,-0.002101256411137342,MSFT
2024-12-27,-0.004070785401832033,MSFT
2024-12-30,6.117437247343815e-05,MSFT
2024-12-31,0.0006619119362900605,MSFT
2025-01-02,-0.004993843966359712,MSFT
2025-01-03,-0.0049014731676999546,MSFT
2025-01-06,-0.0008539880880507056,MSFT
2025-01-07,0.005114392310143323,MSFT
2025-01-08,0.00499707233766955,MSFT
2025-01-10,0.0025034883771581917,MSFT
2025-01-13,-0.0009908950874049083,MSFT
2025-01-14,-0.002700129689990227,MSFT
2025-01-15,0.0025293337332428223,MSFT
2025-01-16,0.002964407442929584,MSFT
2025-01-17,-0.006311198262659801,MSFT
2025-01-21,-0.007083870680691717,MSFT
2025-01-22,0.027771688984532972,MSFT
2025-01-23,-0.000981468953235698,MSFT
2025-01-24,-0.0002825364515226525,MSFT
2025-01-27,0.00792112228719688,MSFT
2025-01-28,0.014000013027536617,MSFT
2025-01-29,-0.009069976402760638,MSFT
2025-01-30,-0.06805502473395197,MSFT
2025-01-31,0.0016226500439655567,MSFT
2025-02-03,-0.0019889303095714794,MSFT
2025-02-04,-0.008678291016402717,MSFT
2025-02-05,-0.0022990907095561397,MSFT
2025-02-06,0.0008967452687702604,MSFT
2025-02-07,-0.002011715701129013,MSFT
2025-02-10,-0.006022303607481128,MSFT
2025-02-11,0.0004893847671088025,MSFT
2025-02-12,-0.0064370613140551924,MSFT
2025-02-13,-0.010622887518053403,MSFT
2025-02-14,-0.00934282688606558,MSFT
2025-02-18,0.0006937405416413966,MSFT
2025-02-19,0.012167292638521232,MSFT
2025-02-20,0.00953041433100843,MSFT
2025-02-21,0.001757155359156215,MSFT
2025-02-24,0.001507694334441645,MSFT
2025-02-25,-0.0025348705843191155,MSFT
2025-02-26,0.002175690075961967,MSFT
2025-02-27,0.009987966301257423,MSFT
2025-02-28,-0.004369925387377904,MSFT
2025-03-03,0.00048180848393641895,MSFT
2025-03-04,0.0033309517114394893,MSFT
2025-03-05,0.01848339207291083,MSFT
2025-03-06,0.017542728260234064,MSFT
2025-03-07,-0.016387693995293162,MSFT
2025-03-10,0.005521417355441649,MSFT
2025-03-11,0.0031559482430134622,MSFT
2025-03-12,-0.0038327115536294087,MSFT
2025-03-13,0.006343514416975005,MSFT
2025-03-14,0.0016355512097865343,MSFT
2025-03-17,-0.006102407908819885,MSFT
2025-03-18,0.0037781788694219998,MSFT
2025-03-19,-0.0021430305592451404,MSFT
2025-03-20,0.0008653449706104155,MSFT
2025-03-21,0.00806974856223519,MSFT
2025-03-24,-0.017066405349836167,MSFT
2025-03-25,-0.0004126664242258826,MSFT
2025-03-26,0.005351144496871463,MSFT
2025-03-27,0.007277229120306927,MSFT
2025-03-28,-0.003943797135979921,MSFT
2025-03-31,-0.00900008550550524,MSFT
2025-04-01,0.00992350970559297,MSFT
2025-04-02,-0.0074026920622900505,MSFT
2025-04-03,0.031105768617143426,MSFT
2025-04-04,0.02790765341437318,MSFT
2025-04-07,-0.007927926004243524,MSFT
2025-04-08,0.008908339347842187,MSFT
2025-04-09,-0.016831354944900845,MSFT
2025-04-10,0.01977846876616063,MSFT
2025-04-11,0.00019140107893367286,MSFT
2025-04-14,-0.00840422708824562,MSFT
2025-04-15,-0.006492051527569487,MSFT
2025-04-16,-0.006675271734384758,MSFT
2025-04-17,-0.010179861199977935,MSFT
2025-04-21,0.0012297576012771927,MSFT
2025-04-22,-0.0046988744065457055,MSFT
2025-04-23,-0.0019979145920796526,MSFT
2025-04-24,0.00615290231998511,MSFT
2025-04-25,0.0005933733941754227,MSFT
2025-04-28,-0.0014450759625708187,MSFT
2025-04-29,0.0007531323294687198,MSFT
2025-04-30,0.0032175283558339984,MSFT
2025-05-01,0.06050992049421122,MSFT
2025-05-02,0.008224865266718062,MSFT
2025-05-05,0.007992783917458723,MSFT
2025-05-06,0.0027664367741424556,MSFT
2025-05-07,-0.003825807856761898,MSFT
2025-05-08,0.0007893396292431021,MSFT
2025-05-09,0.0019326478697347937,MSFT
2025-05-12,-0.01621449711344436,MSFT
2025-05-13,-0.015392979301312337,MSFT
2025-05-14,0.0024498506392092168,MSFT
2025-05-15,0.001155204079410943,MSFT
2025-05-16,-0.0018304614444346612,MSFT
2025-05-19,0.00911702864090902,MSFT
2025-05-20,0.0018121606201928486,MSFT
2025-05-21,0.0016963598846455596,MSFT
2025-05-22,0.00317767836631333,MSFT
2025-05-23,-0.0010383242582285845,MSFT
2025-05-27,-0.00017492374049243864,MSFT
2025-05-28,-0.002812603260922586,MSFT
2025-05-29,0.0009181818428585231,MSFT
2025-05-30,0.005234181616164513,MSFT
2025-06-02,-0.0043759061546477795,MSFT
2025-06-03,-0.005624270677268228,MSFT
2025-06-04,-0.000841890686665181,MSFT
2025-06-05,0.015735403089263578,MSFT
2025-06-06,-0.003971300643899944,MSFT
2025-06-09,0.0035548399897811223,MSFT
2025-06-10,-0.010470543140960409,MSFT
2025-06-11,0.00697866876665465,MSFT
2025-06-12,0.010792520332796762,MSFT
2025-06-13,0.004435564914020418,MSFT
2025-06-16,-0.005051867306320901,MSFT
2025-06-17,0.007500618439697959,MSFT
2025-06-18,0.004761749199099441,MSFT
2025-06-20,-0.001839708869768586,MSFT
2025-06-23,0.007624021245567825,MSFT
2025-06-24,-0.006755179062591488,MSFT
2025-06-25,0.0018443940518082513,MSFT
2025-06-26,0.0011608743814504052,MSFT
2025-06-27,-0.00645789137258479,MSFT
2025-06-30,-0.0034964378897415216,MSFT
2025-07-01,-0.0023692274104023525,MSFT
2025-07-02,-0.008894079319724746,MSFT
2025-07-03,0.005865954664486139,MSFT
2025-07-07,0.005313582594911992,MSFT
2025-07-08,-0.0027739529676207297,MSFT
2025-07-09,0.006724468831656338,MSFT
2025-07-10,-0.0026006060760410676,MSFT
2025-07-11,0.005915446431097315,MSFT
2025-07-14,-0.0042167110058661805,MSFT
2025-07-15,0.004634742452731544,MSFT
2025-07-16,-0.001418874200819431,MSFT
2025-07-17,0.0038929345672800153,MSFT
2025-07-18,-0.002268216115389521,MSFT
2025-07-21,-0.005151716238815496,MSFT
2025-07-22,-0.004246302032509419,MSFT
2025-07-23,-0.00336409660703918,MSFT
2025-07-24,0.007729030518685676,MSFT
2025-07-25,0.0031201016285482552,MSFT
2025-07-28,-0.005478622433938263,MSFT
2025-07-29,0.0016866759189779756,MSFT
2025-07-30,-3.255022119130757e-05,MSFT
2025-07-31,0.04402870124529201,MSFT
2025-08-01,0.0021378678926664563,MSFT
2025-08-04,0.0034772559545697135,MSFT
2025-08-05,-0.00802705093738254,MSFT
2025-08-06,-0.01784333830555873,MSFT
2025-08-07,-0.01121951417707212,MSFT
2025-08-08,-0.006983888402021243,MSFT
2025-08-11,0.0024459186378731346,MSFT
2025-08-12,0.0017249215458283729,MSFT
2025-08-13,-0.0169982923809755,MSFT
2025-08-14,0.004418575993684115,MSFT
2025-08-15,-2.3933457383940038e-05,MSFT
2025-08-18,-0.005520711068065509,MSFT
2025-08-19,-0.000616244463700788,MSFT
2025-08-20,-0.002021520648857411,MSFT
2025-08-21,0.003352156771368797,MSFT
2025-08-22,-0.00939719326156574,MSFT
2025-08-25,-0.0029837471423856954,MSFT
2025-08-26,-0.008419394434881156,MSFT
2025-08-27,0.007782461766366211,MSFT
2025-08-28,-0.0005337438440955466,MSFT
2025-08-29,0.005837822403400139,MSFT
2025-09-02,0.0053118571010370985,MSFT
2025-09-03,-0.0073812586597421515,MSFT
2025-09-04,-0.0038397427860328293,MSFT
2025-09-05,-0.02730641452165461,MSFT
2025-09-08,0.00157773126194094,MSFT
2025-09-09,-0.002407778770957769,MSFT
2025-09-10,0.003597547327443884,MSFT
2025-09-11,-0.0045252661943360195,MSFT
2025-09-12,0.013181089449454397,MSFT
2025-09-15,0.002130469437162219,MSFT
2025-09-16,-0.011493727799404496,MSFT
2025-09-17,0.003921368291897487,MSFT
2025-09-18,-0.012059630671890531,MSFT
2025-09-19,0.01172672684000986,MSFT
2025-09-22,-0.012644289249923446,MSFT
2025-09-23,-0.003534138354027938,MSFT
2025-09-24,0.00532170039248836,MSFT
2025-09-25,-0.0018139691572036654,MSFT
2025-09-26,0.004596584911280566,MSFT
2025-09-29,0.0015001325408716681,MSFT
2025-09-30,0.003753442470307178,MSFT
2025-10-01,-0.0013932434403951532,MSFT
2025-10-02,-0.011770897844009198,MSFT
2025-10-03,0.00733540462263349,MSFT
2025-10-06,0.013973693004730947,MSFT
2025-10-07,-0.0034422320372433646,MSFT
2025-10-08,-0.009739780795213093,MSFT
2025-10-09,-0.003467703978712322,MSFT
2025-10-10,0.013188705976152626,MSFT
2025-10-13,-0.014969950181980884,MSFT
2025-10-14,0.005748992327713864,MSFT
2025-10-15,-0.0073045271310414606,MSFT
2025-10-16,0.00015868499250970558,MSFT
2025-10-17,-0.0027021358260181927,MSFT
2025-10-20,-0.006291267245060794,MSFT
2025-10-21,0.0019436066380320582,MSFT
2025-10-22,0.01522865938893947,MSFT
2025-10-23,-0.008332688157367762,MSFT
2025-10-24,-0.004779776939527025,MSFT
2025-10-27,-0.002658667470910814,MSFT
2025-10-28,0.011993568921561781,MSFT
2025-10-29,-0.005452621769847177,MSFT
2025-10-30,-0.014183808077483206,MSFT
2025-10-31,-0.02004878440021507,MSFT
2025-11-03,-0.006280863771900513,MSFT
2025-11-04,0.015271122001261794,MSFT
2025-11-05,-0.020525533910154437,MSFT
2025-11-06,-0.00123225665706439,MSFT
2025-11-07,0.002596873439347114,MSFT
2025-11-10,-0.0035741422132424816,MSFT
2025-11-11,0.007949581637982206,MSFT
2025-11-12,0.0056130947634818185,MSFT
2025-11-13,0.005150189794721705,MSFT
2025-11-14,0.012841467445777965,MSFT
2025-11-17,0.0032905088470052135,MSFT
2025-11-18,-0.015116110263242888,MSFT
2025-11-19,-0.019552247362168096,MSFT
2025-11-20,0.00782583405965287,MSFT
2025-11-21,-0.020761417853135455,MSFT
2025-11-24,-0.021277521144332567,MSFT
2025-11-25,0.00014332888541712663,MSFT
2025-11-26,0.008886871617218794,MSFT
2025-11-28,0.005245261949589519,MSFT
2025-12-01,-0.007404335432934062,MSFT
2025-12-02,-0.0011203572040754395,MSFT
2025-12-03,-0.02780042854612219,MSFT
2025-12-04,0.00741943488730179,MSFT
2025-12-05,0.0007442454698258771,MSFT
2025-12-08,0.018057271115075935,MSFT
2025-12-09,0.0008018753025273995,MSFT
2025-12-10,-0.03182505225486665,MSFT
2025-12-11,0.013447387186127813,MSFT
2025-12-12,0.009032980830643744,MSFT
2025-12-15,-0.0027509749234315706,MSFT
2025-12-16,0.0013212408353355798,MSFT
2025-12-17,0.018143930729685565,MSFT
2025-12-18,0.001987468943005055,MSFT
2025-12-19,-0.008950618599098625,MSFT
2025-12-22,-0.0068421041707491526,MSFT
2025-12-23,-0.0007002401258722202,MSFT
2025-12-24,-0.0005211689753981119,MSFT
2025-12-26,-0.0005711282384393002,MSFT
2025-12-29,0.003600803884696191,MSFT
2025-12-30,0.0031019270964440793,MSFT
2025-12-31,0.00035015953100181463,MSFT
2026-01-02,-0.02039205632819563,MSFT
2026-01-05,-0.008101803595684132,MSFT
2026-01-06,0.0031507033192399447,MSFT
2026-01-07,0.009350066992722006,MSFT
2026-01-08,-0.005443203967204546,MSFT
2026-01-09,-0.007466781993485938,MSFT
2026-01-12,-0.005220623508530586,MSFT
2026-01-13,-0.012252577178192503,MSFT
2026-01-14,-0.013539120745514666,MSFT
2026-01-15,-0.00953163362053111,MSFT
2026-01-16,0.00781961301559253,MSFT
2026-01-20,0.009795855351589111,MSFT
2026-01-21,-0.036597492147886435,MSFT
2026-01-22,0.008462432791211505,MSFT
2026-01-23,0.029148138899651954,MSFT
2026-01-26,0.004859447319609522,MSFT
2026-01-27,0.012641066989470318,MSFT
2026-01-28,-0.0011236377725980518,MSFT
2026-01-29,-0.09928109216882142,MSFT
2026-01-30,0.0046511541360612085,MSFT
2026-02-02,-0.023055814102542094,MSFT
2026-02-03,-0.013659275061644216,MSFT
2026-02-04,0.02484427100810027,MSFT
2026-02-05,-0.03631196487394828,MSFT
2026-02-06,-0.002120036348308041,MSFT
2026-02-09,0.022957881327937635,MSFT
2026-02-10,0.0038519024720713446,MSFT
2026-02-11,-0.024449415810369857,MSFT
2026-02-12,0.014272327545707064,MSFT
2026-02-13,-0.003423603853014434,MSFT
2026-02-17,-0.010144936734712395,MSFT
2026-02-18,-0.0005589738283662271,MSFT
2026-02-19,0.0032599992087778418,MSFT
2026-02-20,-0.011901575069046544,MSFT
2026-02-23,-0.020420334761555026,MSFT
2026-02-24,0.0010294268881327895,MSFT
2026-02-25,0.014994849223277207,MSFT
2026-02-26,0.014929908439087924,MSFT
2026-02-27,-0.019401648075491273,MSFT
2026-03-02,0.013368568668911784,MSFT
2026-03-03,0.024171958461318255,MSFT
2026-03-04,-0.011988925275493223,MSFT
2026-03-05,0.016450891496987197,MSFT
2026-03-06,0.010960521945514223,MSFT
2026-03-09,-0.012167429903520599,MSFT
2026-03-10,-0.008971702144657812,MSFT
2026-03-11,-0.002039486667793966,MSFT
2026-03-12,0.009825299004201149,MSFT
2026-03-13,-0.009881719628142882,MSFT
2026-03-16,-9.265407378933332e-05,MSFT
2026-03-17,-0.006219490154629526,MSFT
2026-03-18,-0.005224686831548198,MSFT
2026-03-19,-0.003930024449575242,MSFT
2026-03-20,0.00010417560781750268,MSFT
2026-03-23,-0.008458820276469936,MSFT
2026-03-24,-0.020293660825132953,MSFT
2026-03-25,-0.011125248132543675,MSFT
2026-03-26,0.010398854903139743,MSFT
2026-03-27,-0.0057301056186727095,MSFT
2026-03-30,0.0137923922873604,MSFT
2026-03-31,-0.002542026942389697,MSFT
2026-04-01,-0.014441050004064593,MSFT
2026-04-02,0.009866042656412333,MSFT
2026-04-06,-0.007553555309780968,MSFT
2026-04-07,-0.001736429492942726,MSFT
2026-04-08,-0.023833996277107694,MSFT
2026-04-09,-0.010113583020614492,MSFT
2026-04-10,-0.007355614468334437,MSFT
2026-04-13,0.02546466194499164,MSFT
2026-04-14,0.004489702022469899,MSFT
2026-04-15,0.03113650205293972,MSFT
2026-04-16,0.016940434824634032,MSFT
2026-04-17,-0.006997221003548937,MSFT
2026-04-20,-0.008046841485231049,MSFT
2026-04-21,0.018272483745719548,MSFT
2026-04-22,0.003850010910016799,MSFT
2026-04-23,-0.03482026077575462,MSFT
2026-04-24,0.0021636762220822447,MSFT
2026-04-27,-5.6116036416753445e-05,MSFT
2026-04-28,0.02048158331667871,MSFT
2026-04-29,-0.017316719410906067,MSFT
2026-04-30,-0.04937293742022408,MSFT
2026-05-01,0.006646541721175403,MSFT
2026-05-04,-9.491140950057542e-05,MSFT
2026-05-05,-0.018320876859642787,MSFT
2026-05-06,-0.014309584827527644,MSFT
2026-05-07,0.017510683032884167,MSFT
2026-05-08,-0.03668904809476192,MSFT
2026-05-11,-0.008835826059479857,MSFT
2026-05-12,-0.0034028121244329412,MSFT
2026-05-13,-0.016804649641482428,MSFT
2026-05-14,0.0032779678827994374,MSFT
2026-05-15,0.04525242228502169,MSFT
2026-05-18,0.008143875163288072,MSFT
2026-05-19,-0.008373582828864912,MSFT
2026-05-20,-0.00774572598847989,MSFT
2026-05-21,-0.004431239894135075,MSFT
2026-05-22,-0.005473227880154141,MSFT
2026-05-26,-0.023686196070201504,MSFT
2026-05-27,-0.006971881425688942,MSFT
2026-05-28,0.025716711712239437,MSFT
2026-05-29,0.04934287506816304,MSFT
2026-06-01,0.0165932037418397,MSFT
2026-06-02,-0.04720263161954197,MSFT
2026-06-03,-0.02955088842726905,MSFT
2026-06-04,0.006509152597010903,MSFT
2026-06-05,0.022245872518338317,MSFT
2026-06-08,-0.02739755296449342,MSFT
2026-06-09,-0.008864655703209046,MSFT
2026-06-10,0.005067948263634214,MSFT
2026-06-11,-0.05104244241156586,MSFT
2026-06-12,-0.00484323107212159,MSFT
2026-06-15,-0.00810841103144977,MSFT
2026-06-16,0.004243264574319561,MSFT
2026-06-17,-0.028499133452404735,MSFT
2026-06-18,-0.02346413030868888,MSFT
2026-06-22,-0.029789939241589458,MSFT
2026-06-23,0.05129093141856167,MSFT
2026-06-24,-0.018683693833959403,MSFT
2026-06-25,-0.043243431920521935,MSFT
2026-06-26,0.06937089557058762,MSFT
2026-06-29,-0.036417687161424794,MSFT
2026-06-30,-0.0048702400900371146,MSFT
2026-07-01,0.04510683826036921,MSFT
2026-07-02,0.033516753032285074,MSFT
2026-07-06,-0.0238897481057343,MSFT
2026-07-07,0.024113749423383624,MSFT
2026-07-08,-0.017074892388917462,MSFT
2026-07-09,-0.013848113402985085,MSFT
2026-07-10,-0.001154924980228067,MSFT
2026-07-13,0.034341109389563584,MSFT
2026-07-14,-0.026728383356029006,MSFT
2026-07-15,0.030131157104337447,MSFT
2026-07-16,0.030308465967747722,MSFT
2026-07-17,-0.0031731433689143884,MSFT
2026-07-20,0.02022998968814793,MSFT
2026-07-21,-0.029726886786546558,MSFT
2026-07-22,-0.013686450107821102,MSFT
2026-07-23,-0.0035317360370603623,MSFT
2026-07-24,0.01154859198973579,MSFT
2026-07-27,0.02228990552425625,MSFT
2026-07-28,0.02063066991710638,MSFT
2026-07-29,0.013411353143472304,MSFT
2026-07-30,0.11171643897402639,MSFT
2026-07-31,0.023271518136536606,MSFT
2026-08-03,0.030756794834516654,MSFT
2026-08-04,-0.022878038000798462,MSFT
2026-08-05,-0.0018254722495667508,MSFT
2026-08-06,0.028821011246787265,MSFT
2026-08-07,-0.011397760295293935,MSFT
2026-08-10,0.015059102288644155,MSFT
2026-08-11,-0.0010933480296388964,MSFT
2026-08-12,-0.030127732438610444,MSFT
2026-08-13,-0.002502934648824784,MSFT
2026-08-14,-0.0016161299513735017,MSFT
2026-08-17,-0.02920769215733099,MSFT
2026-08-18,0.019740707962130344,MSFT
2026-08-19,0.003411593765497045,MSFT
2024-01-02,,GOOGL
2024-01-03,0.016051362688230597,GOOGL
2024-01-04,-0.013219800571328655,GOOGL
2024-01-05,-0.0060362745344653135,GOOGL
2024-01-08,0.0021971849399893273,GOOGL
2024-01-09,0.013109796976412014,GOOGL
2024-01-10,0.002636802885317202,GOOGL
2024-01-11,-0.003485197900524817,GOOGL
2024-01-12,0.003490906932839266,GOOGL
2024-01-16,-0.0010244390727436326,GOOGL
2024-01-17,-0.0015276070637142425,GOOGL
2024-01-18,1.3603739394518755e-05,GOOGL
2024-01-19,0.0003734171978670986,GOOGL
2024-01-22,-0.003972881474125778,GOOGL
2024-01-23,0.0030255439569408793,GOOGL
2024-01-24,0.005692584194518346,GOOGL
2024-01-25,0.019873165559611827,GOOGL
2024-01-26,0.008080366966803254,GOOGL
2024-01-29,-0.0015525318683531353,GOOGL
2024-01-30,-0.006765255758483413,GOOGL
2024-01-31,-0.058184521673060985,GOOGL
2024-02-01,-0.004168974967920569,GOOGL
2024-02-02,-0.008153773205483716,GOOGL
2024-02-05,0.010395044053475466,GOOGL
2024-02-06,0.004928417651054673,GOOGL
2024-02-07,-0.0002943516116120648,GOOGL
2024-02-08,0.0006888249527472468,GOOGL
2024-02-09,0.011161371081074734,GOOGL
2024-02-12,-0.005994413230732576,GOOGL
2024-02-13,-0.0006129596100912238,GOOGL
2024-02-14,-0.005341628027546896,GOOGL
2024-02-15,-0.024933719768963414,GOOGL
2024-02-16,-0.006776056715581014,GOOGL
2024-02-20,0.011837454932495994,GOOGL
2024-02-21,0.014092059579581928,GOOGL
2024-02-22,-0.01811018064210934,GOOGL
2024-02-23,0.002046402452092977,GOOGL
2024-02-26,-0.04487572386541139,GOOGL
2024-02-27,0.0070749999430512744,GOOGL
2024-02-28,-0.012826462295048024,GOOGL
2024-02-29,0.006603589120029341,GOOGL
2024-03-01,-0.02452395724733325,GOOGL
2024-03-04,-0.024450414559310296,GOOGL
2024-03-05,0.012999982507941432,GOOGL
2024-03-06,-0.015882643835110066,GOOGL
2024-03-07,0.007361540329275051,GOOGL
2024-03-08,0.022175828154623822,GOOGL
2024-03-11,0.020271798602835567,GOOGL
2024-03-12,-0.008222193191132376,GOOGL
2024-03-13,0.01698650941651092,GOOGL
2024-03-14,0.02592692614045422,GOOGL
2024-03-15,-0.0015500530736041185,GOOGL
2024-03-18,0.03551983627066946,GOOGL
2024-03-19,-0.0068994052881228285,GOOGL
2024-03-20,-0.00022386219821601827,GOOGL
2024-03-21,-0.0124149827026514,GOOGL
2024-03-22,0.020106492816526433,GOOGL
2024-03-25,-0.0010178033661754071,GOOGL
2024-03-26,0.007232869613915227,GOOGL
2024-03-27,-0.0020736717834699547,GOOGL
2024-03-28,0.0022425048114707025,GOOGL
2024-04-01,0.02765064662615302,GOOGL
2024-04-02,0.0026687243661669413,GOOGL
2024-04-03,8.46498589996969e-05,GOOGL
2024-04-04,-0.013337774783710898,GOOGL
2024-04-05,0.0012872219473862856,GOOGL
2024-04-08,0.014997412275700839,GOOGL
2024-04-09,0.007544811843997579,GOOGL
2024-04-10,0.005825083767788897,GOOGL
2024-04-11,0.00488455932528975,GOOGL
2024-04-12,0.005475384552995344,GOOGL
2024-04-15,-0.0017755067139493264,GOOGL
2024-04-16,-0.003067500989273775,GOOGL
2024-04-17,0.019182341627425714,GOOGL
2024-04-18,0.009190207282138374,GOOGL
2024-04-19,0.008522959274462671,GOOGL
2024-04-22,0.0041061286305161815,GOOGL
2024-04-23,-0.0022227594836996545,GOOGL
2024-04-24,0.0021002168703514457,GOOGL
2024-04-25,-0.01502378548667238,GOOGL
2024-04-26,0.08203376648829863,GOOGL
2024-04-29,-0.03836482713108236,GOOGL
2024-04-30,-0.0014551293414761801,GOOGL
2024-05-01,0.01386959979962743,GOOGL
2024-05-02,0.00402069766719837,GOOGL
2024-05-03,-0.016185030174520776,GOOGL
2024-05-06,-0.00576447156045834,GOOGL
2024-05-07,0.018406295387116245,GOOGL
2024-05-08,-0.010389067170729405,GOOGL
2024-05-09,0.0012394663702952613,GOOGL
2024-05-10,-0.010093340590490385,GOOGL
2024-05-13,0.0005965037226989267,GOOGL
2024-05-14,0.0006581935353437984,GOOGL
2024-05-15,-0.0028508641883231434,GOOGL
2024-05-16,0.011667600624643448,GOOGL
2024-05-17,0.011222496836529317,GOOGL
2024-05-20,-0.002075544560293352,GOOGL
2024-05-21,0.0032882790236499204,GOOGL
2024-05-22,-0.008102347413672994,GOOGL
2024-05-23,-0.01166637578375962,GOOGL
2024-05-24,-0.001149023259100268,GOOGL
2024-05-28,0.004254762292502434,GOOGL
2024-05-29,0.004234749614238531,GOOGL
2024-05-30,-0.011010501624181046,GOOGL
2024-05-31,0.004125506963149839,GOOGL
2024-06-03,-0.0014786492637535176,GOOGL
2024-06-04,0.0008411570707584914,GOOGL
2024-06-05,-0.010680750284687512,GOOGL
2024-06-06,0.007842171802037612,GOOGL
2024-06-07,-0.012042363048748506,GOOGL
2024-06-10,0.00026372792137774326,GOOGL
2024-06-11,0.0023180946520380274,GOOGL
2024-06-12,-0.006410272962200203,GOOGL
2024-06-13,-0.02030874241046554,GOOGL
2024-06-14,0.004094760548532861,GOOGL
2024-06-17,-0.009633207229303942,GOOGL
2024-06-18,-0.012513870265219218,GOOGL
2024-06-20,0.014624934692596625,GOOGL
2024-06-21,0.02139496077700276,GOOGL
2024-06-24,0.009164901172693085,GOOGL
2024-06-25,0.01511395679229377,GOOGL
2024-06-26,-0.0028784627607461033,GOOGL
2024-06-27,0.00570831657413251,GOOGL
2024-06-28,-0.012534876042688659,GOOGL
2024-07-01,-0.001246645590084583,GOOGL
2024-07-02,0.0017758014838822334,GOOGL
2024-07-03,-0.005176461820790124,GOOGL
2024-07-05,0.015025570098248231,GOOGL
2024-07-08,-0.010646561095785323,GOOGL
2024-07-09,-0.0011287913475719336,GOOGL
2024-07-10,0.0012016765196660728,GOOGL
2024-07-11,-0.007608858489910553,GOOGL
2024-07-12,-0.008555831024022353,GOOGL
2024-07-15,0.005173664565568892,GOOGL
2024-07-16,-0.01447394459724105,GOOGL
2024-07-17,0.013901112112157499,GOOGL
2024-07-18,-0.013823491424882484,GOOGL
2024-07-19,0.008734364364830327,GOOGL
2024-07-22,0.007532301357804805,GOOGL
2024-07-23,0.0041912001050707914,GOOGL
2024-07-24,-0.015172143575522767,GOOGL
2024-07-25,-0.020392435575601553,GOOGL
2024-07-26,-0.011878960815183248,GOOGL
2024-07-29,0.013029204639583902,GOOGL
2024-07-30,0.01829932686324387,GOOGL
2024-07-31,-0.021850603201531094,GOOGL
2024-08-01,0.01996220310782615,GOOGL
2024-08-02,-0.0002820245129377952,GOOGL
2024-08-05,-0.015210697134497408,GOOGL
2024-08-06,-0.015556443145682941,GOOGL
2024-08-07,0.014987096118052712,GOOGL
2024-08-08,-0.010877799543430378,GOOGL
2024-08-09,0.0048618810956364555,GOOGL
2024-08-12,-0.010618488146042715,GOOGL
2024-08-13,-0.013053265899320543,GOOGL
2024-08-14,-0.023682262084374628,GOOGL
2024-08-15,-0.019166731635297474,GOOGL
2024-08-16,0.008953735813551411,GOOGL
2024-08-19,0.009460524404318882,GOOGL
2024-08-20,0.005156080875930336,GOOGL
2024-08-21,-0.012640707574316679,GOOGL
2024-08-22,0.003544435575568272,GOOGL
2024-08-23,0.0002627883432912981,GOOGL
2024-08-26,0.013010807143821523,GOOGL
2024-08-27,-0.011929970174245241,GOOGL
2024-08-28,0.00023806627867717367,GOOGL
2024-08-29,-0.005127371644864098,GOOGL
2024-08-30,-0.002007711526846201,GOOGL
2024-09-03,-0.006711287252307407,GOOGL
2024-09-04,-0.003197641509424365,GOOGL
2024-09-05,0.0041037242773791505,GOOGL
2024-09-06,-0.01387077561717387,GOOGL
2024-09-09,-0.026203560780464485,GOOGL
2024-09-10,-0.009535589598876015,GOOGL
2024-09-11,-0.00480575369319336,GOOGL
2024-09-12,0.01331601355039247,GOOGL
2024-09-13,0.013278310814436978,GOOGL
2024-09-16,0.008231033372709362,GOOGL
2024-09-17,0.007411921770195562,GOOGL
2024-09-18,0.007409541443943901,GOOGL
2024-09-19,-0.010495232516457342,GOOGL
2024-09-20,0.010808264650601807,GOOGL
2024-09-23,-0.013340459443621278,GOOGL
2024-09-24,-0.002097080872089485,GOOGL
2024-09-25,-0.005868488987109899,GOOGL
2024-09-26,0.00016426952771464443,GOOGL
2024-09-27,0.01304155076968705,GOOGL
2024-09-30,0.00881429600972794,GOOGL
2024-10-01,0.02088047457650788,GOOGL
2024-10-02,-0.008201909939248075,GOOGL
2024-10-03,0.0007472793541500877,GOOGL
2024-10-04,-0.004618886524998089,GOOGL
2024-10-07,-0.01395617304147656,GOOGL
2024-10-08,-0.006270731835727794,GOOGL
2024-10-09,-0.023286695912895006,GOOGL
2024-10-10,0.0024944763897734035,GOOGL
2024-10-11,0.0055695765576961875,GOOGL
2024-10-14,0.0021251125215977495,GOOGL
2024-10-15,0.016483253558729594,GOOGL
2024-10-16,-0.0019367976042330426,GOOGL
2024-10-17,-0.014286505104406544,GOOGL
2024-10-18,-0.003530260633842097,GOOGL
2024-10-21,0.0020500294439109723,GOOGL
2024-10-22,0.005411057067329139,GOOGL
2024-10-23,0.0010484849742677937,GOOGL
2024-10-24,-0.008444712783595598,GOOGL
2024-10-25,0.009474444819057126,GOOGL
2024-10-28,0.008573639373134156,GOOGL
2024-10-29,0.008036100068137486,GOOGL
2024-10-30,0.03536729936687344,GOOGL
2024-10-31,0.006178076736575555,GOOGL
2024-11-01,-0.006320293273489597,GOOGL
2024-11-04,-0.00912275729194345,GOOGL
2024-11-05,-0.00972613450626536,GOOGL
2024-11-06,0.012308634139700736,GOOGL
2024-11-07,0.008115661099931337,GOOGL
2024-11-08,-0.014534391083319775,GOOGL
2024-11-11,0.011734983826109158,GOOGL
2024-11-12,0.008828786837223213,GOOGL
2024-11-13,-0.013913820879748684,GOOGL
2024-11-14,-0.011646388173476296,GOOGL
2024-11-15,0.006358934209288236,GOOGL
2024-11-18,0.009235873915695691,GOOGL
2024-11-19,0.009102589555766372,GOOGL
2024-11-20,-0.011511037554777559,GOOGL
2024-11-21,-0.05220200893594029,GOOGL
2024-11-22,-0.01887211843036596,GOOGL
2024-11-25,0.015808320915198237,GOOGL
2024-11-26,0.0033751744336498746,GOOGL
2024-11-27,0.00855467288997147,GOOGL
2024-11-29,-0.010404370995368062,GOOGL
2024-12-02,0.004093262841968759,GOOGL
2024-12-03,-0.003936595198197779,GOOGL
2024-12-04,0.005242443295160548,GOOGL
2024-12-05,-0.00719606914519666,GOOGL
2024-12-06,0.003009204525171505,GOOGL
2024-12-09,0.012733742360624412,GOOGL
2024-12-10,0.05778969969270964,GOOGL
2024-12-11,0.03603055513136244,GOOGL
2024-12-12,-0.011287162568382136,GOOGL
2024-12-13,-0.018835938300334476,GOOGL
2024-12-16,0.02110225745148231,GOOGL
2024-12-17,-0.0019117798797338992,GOOGL
2024-12-18,0.0001600379427895149,GOOGL
2024-12-19,0.005046824091627933,GOOGL
2024-12-20,0.006572344225897808,GOOGL
2024-12-23,0.006986938118862973,GOOGL
2024-12-24,-0.005893460437666143,GOOGL
2024-12-26,-0.0019242308587461565,GOOGL
2024-12-27,-0.0012438171070083825,GOOGL
2024-12-30,0.00547256602754409,GOOGL
2024-12-31,-0.001665123013378178,GOOGL
2025-01-02,0.002644462901431055,GOOGL
2025-01-03,-0.003851355561119263,GOOGL
2025-01-06,0.014715293622694858,GOOGL
2025-01-07,0.010971068924399141,GOOGL
2025-01-08,-0.008083492586804297,GOOGL
2025-01-10,0.0059085345062488415,GOOGL
2025-01-13,-0.002158982181295954,GOOGL
2025-01-14,-0.006142806383396149,GOOGL
2025-01-15,0.007837380659952764,GOOGL
2025-01-16,-0.006561438622965099,GOOGL
2025-01-17,-0.0008468487766322141,GOOGL
2025-01-21,0.004557093041253069,GOOGL
2025-01-22,-0.011090611843080467,GOOGL
2025-01-23,-0.004091612125217026,GOOGL
2025-01-24,0.016868270488333614,GOOGL
2025-01-27,-0.013314839816959356,GOOGL
2025-01-28,0.0033596774463680035,GOOGL
2025-01-29,0.0024427638718469424,GOOGL
2025-01-30,0.023304827612632195,GOOGL
2025-01-31,0.01701416682963508,GOOGL
2025-02-03,-0.005734014272626098,GOOGL
2025-02-04,0.013069916043525254,GOOGL
2025-02-05,-0.08024713567374686,GOOGL
2025-02-06,-0.0037958439337257843,GOOGL
2025-02-07,-0.02052444024077449,GOOGL
2025-02-10,-0.005953866586266621,GOOGL
2025-02-11,-0.003802908199489252,GOOGL
2025-02-12,-0.009857164152703213,GOOGL
2025-02-13,-0.0005979887766809355,GOOGL
2025-02-14,-0.009090793032162203,GOOGL
2025-02-18,-0.010177691576671144,GOOGL
2025-02-19,0.007851100062540084,GOOGL
2025-02-20,0.00041402495843900766,GOOGL
2025-02-21,-0.005935108137265388,GOOGL
2025-02-24,0.009589685919094926,GOOGL
2025-02-25,-0.008918993943087372,GOOGL
2025-02-26,-0.017866402556794725,GOOGL
2025-02-27,0.0033704533626810473,GOOGL
2025-02-28,-0.005159794627472181,GOOGL
2025-03-03,0.0027349827353679856,GOOGL
2025-03-04,0.02616415513679815,GOOGL
2025-03-05,-0.000740063491428522,GOOGL
2025-03-06,0.02401502955754431,GOOGL
2025-03-07,0.0013963682114850329,GOOGL
2025-03-10,-0.006367676519230869,GOOGL
2025-03-11,-0.008700717170488481,GOOGL
2025-03-12,0.007324417957393692,GOOGL
2025-03-13,-0.008221474651023186,GOOGL
2025-03-14,-0.0072489303987612885,GOOGL
2025-03-17,-0.013740383056280336,GOOGL
2025-03-18,-0.005086032020619413,GOOGL
2025-03-19,0.0065501225295303556,GOOGL
2025-03-20,-0.0032775070343342705,GOOGL
2025-03-21,0.003991569601491385,GOOGL
2025-03-24,0.0005447992425811066,GOOGL
2025-03-25,0.011339419353786795,GOOGL
2025-03-26,-0.014206024094749914,GOOGL
2025-03-27,-0.011517852214755209,GOOGL
2025-03-28,-0.02330309936826147,GOOGL
2025-03-31,0.0020493644792782817,GOOGL
2025-04-01,0.007562963877794537,GOOGL
2025-04-02,-0.007463191049827955,GOOGL
2025-04-03,0.013943181916981295,GOOGL
2025-04-04,0.02956070468032479,GOOGL
2025-04-07,0.005456974137157289,GOOGL
2025-04-08,0.004104727179991663,GOOGL
2025-04-09,-0.020939941665417017,GOOGL
2025-04-10,0.005645244505918079,GOOGL
2025-04-11,0.009620857868410049,GOOGL
2025-04-14,0.005452077000951405,GOOGL
2025-04-15,-0.018617385076744597,GOOGL
2025-04-16,0.011368778634126997,GOOGL
2025-04-17,-0.014073513414746053,GOOGL
2025-04-21,0.001699148906318726,GOOGL
2025-04-22,-0.0005057777688834975,GOOGL
2025-04-23,0.002868218629445529,GOOGL
2025-04-24,-0.0027655269493358503,GOOGL
2025-04-25,0.005599402251913688,GOOGL
2025-04-28,-0.008052936350950723,GOOGL
2025-04-29,-0.009388238065851873,GOOGL
2025-04-30,-0.008401649099866404,GOOGL
2025-05-01,0.0026442732955178627,GOOGL
2025-05-02,0.002048546754645386,GOOGL
2025-05-05,0.007046977470468896,GOOGL
2025-05-06,0.0033592861214764014,GOOGL
2025-05-07,-0.07928502581927166,GOOGL
2025-05-08,0.008703864112005633,GOOGL
2025-05-09,-0.009310926162102717,GOOGL
2025-05-12,-0.0032327156750220354,GOOGL
2025-05-13,-0.00839595465966081,GOOGL
2025-05-14,0.029978211580269587,GOOGL
2025-05-15,-0.009661316744601578,GOOGL
2025-05-16,0.009166083469033914,GOOGL
2025-05-19,0.0011456111921743783,GOOGL
2025-05-20,-0.01215214481864102,GOOGL
2025-05-21,0.041541578962653425,GOOGL
2025-05-22,0.011741537267137225,GOOGL
2025-05-23,-0.004841369666874762,GOOGL
2025-05-27,0.0027028373473756417,GOOGL
2025-05-28,0.0013138802048766607,GOOGL
2025-05-29,-0.004868864054571098,GOOGL
2025-05-30,0.0008796996326783102,GOOGL
2025-06-02,-0.02377264619013353,GOOGL
2025-06-03,-0.024791219518975893,GOOGL
2025-06-04,0.008406105611087789,GOOGL
2025-06-05,0.008507020059185244,GOOGL
2025-06-06,0.022273576173421183,GOOGL
2025-06-09,0.013519407038317333,GOOGL
2025-06-10,0.007561474404504942,GOOGL
2025-06-11,-0.0036483297905505196,GOOGL
2025-06-12,-0.011692154731744786,GOOGL
2025-06-13,0.006754652020333651,GOOGL
2025-06-16,-0.0018631531172221827,GOOGL
2025-06-17,0.005149558756027517,GOOGL
2025-06-18,-0.014890093834892149,GOOGL
2025-06-20,-0.035212297738403286,GOOGL
2025-06-23,-0.018969389246080937,GOOGL
2025-06-24,-0.005656978412342362,GOOGL
2025-06-25,0.020621605760970496,GOOGL
2025-06-26,0.007310803137206889,GOOGL
2025-06-27,0.02493073341287566,GOOGL
2025-06-30,-0.019422712239093975,GOOGL
2025-07-01,0.0062494761983691305,GOOGL
2025-07-02,0.008856982327109186,GOOGL
2025-07-03,-0.004822354723847511,GOOGL
2025-07-07,-0.007818371770780708,GOOGL
2025-07-08,-0.014401859408517126,GOOGL
2025-07-09,0.00582440963591857,GOOGL
2025-07-10,0.0070851615223697095,GOOGL
2025-07-11,0.016618445491737965,GOOGL
2025-07-14,0.0039539353400117605,GOOGL
2025-07-15,0.0015041385549130482,GOOGL
2025-07-16,0.00429219346259746,GOOGL
2025-07-17,-0.004731802878973568,GOOGL
2025-07-18,0.008991080626407744,GOOGL
2025-07-21,0.021698787620926474,GOOGL
2025-07-22,0.011690851521364287,GOOGL
2025-07-23,-0.01036887739679404,GOOGL
2025-07-24,0.008020462721020749,GOOGL
2025-07-25,0.00283781754880863,GOOGL
2025-07-28,-0.006231120949148128,GOOGL
2025-07-29,0.01787680622954202,GOOGL
2025-07-30,0.0026378446176158477,GOOGL
2025-07-31,-0.01852747012015943,GOOGL
2025-08-01,0.005355588700717284,GOOGL
2025-08-04,0.012486672461026416,GOOGL
2025-08-05,0.0049138053123201075,GOOGL
2025-08-06,-0.005236835580293864,GOOGL
2025-08-07,-0.0011879643316445865,GOOGL
2025-08-08,0.015342835763431317,GOOGL
2025-08-11,0.000875988504771108,GOOGL
2025-08-12,-0.00091571182312844,GOOGL
2025-08-13,-0.007309747283605894,GOOGL
2025-08-14,0.005616220696822438,GOOGL
2025-08-15,0.009126458446721664,GOOGL
2025-08-18,-0.001565073494525393,GOOGL
2025-08-19,0.004131266521611998,GOOGL
2025-08-20,-0.005270317449645567,GOOGL
2025-08-21,0.00679549456685713,GOOGL
2025-08-22,0.015936824375437197,GOOGL
2025-08-25,0.014467013093230285,GOOGL
2025-08-26,-0.010503457949051054,GOOGL
2025-08-27,0.00010422352475991659,GOOGL
2025-08-28,0.013611561974176567,GOOGL
2025-08-29,0.017625911064817146,GOOGL
2025-09-02,0.0010612080180116834,GOOGL
2025-09-03,0.07959268197631797,GOOGL
2025-09-04,-0.0019259620461253846,GOOGL
2025-09-05,0.010114080636033584,GOOGL
2025-09-08,-0.008065586962143101,GOOGL
2025-09-09,0.020774764040595528,GOOGL
2025-09-10,-0.0022486676675326223,GOOGL
2025-09-11,-0.0007987636497635009,GOOGL
2025-09-12,-0.002620055406633348,GOOGL
2025-09-15,0.03539300306717763,GOOGL
2025-09-16,-0.0009447746708772797,GOOGL
2025-09-17,-0.004512973771619855,GOOGL
2025-09-18,0.000992343944406393,GOOGL
2025-09-19,0.0038702907378755924,GOOGL
2025-09-22,-0.014537434061876908,GOOGL
2025-09-23,0.003213335155379582,GOOGL
2025-09-24,-0.014607184362142256,GOOGL
2025-09-25,-0.0011569252232890292,GOOGL
2025-09-26,-0.0010557831635669146,GOOGL
2025-09-29,-0.014771519559164226,GOOGL
2025-09-30,-0.006635630993920394,GOOGL
2025-10-01,0.0025915410475993994,GOOGL
2025-10-02,-0.0008819993149842276,GOOGL
2025-10-03,0.0028338577423916433,GOOGL
2025-10-06,0.01301147607913844,GOOGL
2025-10-07,-0.013544379702330467,GOOGL
2025-10-08,-0.01604818393802976,GOOGL
2025-10-09,-0.011501223417894835,GOOGL
2025-10-10,0.014581492734595969,GOOGL
2025-10-13,0.010539412894759792,GOOGL
2025-10-14,0.011993835903501449,GOOGL
2025-10-15,0.015447159958554835,GOOGL
2025-10-16,0.0054213750618767875,GOOGL
2025-10-17,0.0007451713607942168,GOOGL
2025-10-20,0.00022709473554449744,GOOGL
2025-10-21,-0.023762819679965297,GOOGL
2025-10-22,0.014579585983779175,GOOGL
2025-10-23,-0.0028638084667882424,GOOGL
2025-10-24,0.016046643443081265,GOOGL
2025-10-27,0.01768814636856142,GOOGL
2025-10-28,-0.014367863218025967,GOOGL
2025-10-29,0.02170600491611374,GOOGL
2025-10-30,0.04026192034492215,GOOGL
2025-10-31,-0.005843118738902753,GOOGL
2025-11-03,0.004183719916575512,GOOGL
2025-11-04,-0.0015158533562171783,GOOGL
2025-11-05,0.01761335271393527,GOOGL
2025-11-06,0.0203492567981991,GOOGL
2025-11-07,-0.017848965416353835,GOOGL
2025-11-10,0.017740378036383397,GOOGL
2025-11-11,0.006829466768033754,GOOGL
2025-11-12,-0.015128156728756004,GOOGL
2025-11-13,-0.008174466456360996,GOOGL
2025-11-14,-0.008539924757143602,GOOGL
2025-11-17,0.039251291032185165,GOOGL
2025-11-18,0.009650751321427897,GOOGL
2025-11-19,0.02361192720318872,GOOGL
2025-11-20,0.012415253472696008,GOOGL
2025-11-21,0.02718117257404362,GOOGL
2025-11-24,0.03597340330536891,GOOGL
2025-11-25,0.008995302722095921,GOOGL
2025-11-26,-0.01964572792204855,GOOGL
2025-11-28,-0.0073560436088335734,GOOGL
2025-12-01,-0.013295163144546152,GOOGL
2025-12-02,-0.0048784754120054785,GOOGL
2025-12-03,0.009582631335449676,GOOGL
2025-12-04,-0.005377748956302497,GOOGL
2025-12-05,0.0073571655109256895,GOOGL
2025-12-08,-0.02120695871201317,GOOGL
2025-12-09,0.009420620323902895,GOOGL
2025-12-10,0.005735700446223291,GOOGL
2025-12-11,-0.021356836488186204,GOOGL
2025-12-12,0.009202207015988506,GOOGL
2025-12-15,0.001566609493386828,GOOGL
2025-12-16,-0.007347549529343134,GOOGL
2025-12-17,-0.013946351211207464,GOOGL
2025-12-18,0.004773906762282287,GOOGL
2025-12-19,0.002468776765185865,GOOGL
2025-12-22,0.00371154990543765,GOOGL
2025-12-23,0.00997215190556755,GOOGL
2025-12-24,-0.0037488747810643375,GOOGL
2025-12-26,-0.0017839148238847358,GOOGL
2025-12-29,0.005011784239040473,GOOGL
2025-12-30,0.0032464806335621432,GOOGL
2025-12-31,0.005587953513040311,GOOGL
2026-01-02,0.008784374298490327,GOOGL
2026-01-05,-0.0035105225591944844,GOOGL
2026-01-06,-0.015722642141829724,GOOGL
2026-01-07,0.02305227255136888,GOOGL
2026-01-08,0.016393839968007917,GOOGL
2026-01-09,-0.00033911714115575364,GOOGL
2026-01-12,0.009133829230081325,GOOGL
2026-01-13,0.013792570345681376,GOOGL
2026-01-14,0.010353313650313112,GOOGL
2026-01-15,-0.012746176132157672,GOOGL
2026-01-16,-0.007552294477624066,GOOGL
2026-01-20,-0.0030650092318742495,GOOGL
2026-01-21,0.0061921001733740155,GOOGL
2026-01-22,-0.0006869616301949932,GOOGL
2026-01-23,-0.011079928686061002,GOOGL
2026-01-26,0.011732393478258274,GOOGL
2026-01-27,-0.005161132499655885,GOOGL
2026-01-28,0.0010485086390339404,GOOGL
2026-01-29,0.012647702269457106,GOOGL
2026-01-30,0.011344124584433679,GOOGL
2026-02-02,0.009851212462223202,GOOGL
2026-02-03,0.00383547779278981,GOOGL
2026-02-04,-0.0022061762762044523,GOOGL
2026-02-05,0.009110627000475269,GOOGL
2026-02-06,-0.0465722215332498,GOOGL
2026-02-09,-0.003118962890964916,GOOGL
2026-02-10,-0.013207044675254132,GOOGL
2026-02-11,-0.026887903211495257,GOOGL
2026-02-12,0.014225758456970716,GOOGL
2026-02-13,-0.01280047449775612,GOOGL
2026-02-17,-0.01114585789805389,GOOGL
2026-02-18,-0.0031112726775575084,GOOGL
2026-02-19,0.0022533590957127814,GOOGL
2026-02-20,0.030461638689234682,GOOGL
2026-02-23,0.00108739498576238,GOOGL
2026-02-24,-0.012580035924900201,GOOGL
2026-02-25,-0.00797685374604118,GOOGL
2026-02-26,-0.005660968646347797,GOOGL
2026-02-27,0.017354855248272294,GOOGL
2026-03-02,-0.01826727190743682,GOOGL
2026-03-03,0.0011254394918989163,GOOGL
2026-03-04,-0.016611412526416736,GOOGL
2026-03-05,-0.004432843075423243,GOOGL
2026-03-06,0.007282792731952981,GOOGL
2026-03-09,0.013360376113474182,GOOGL
2026-03-10,0.002200748270028363,GOOGL
2026-03-11,0.005523631990287825,GOOGL
2026-03-12,0.0004885522366198103,GOOGL
2026-03-13,0.0017522825286233612,GOOGL
2026-03-16,-0.0003625920433201202,GOOGL
2026-03-17,0.01252115262300979,GOOGL
2026-03-18,0.003594833812567977,GOOGL
2026-03-19,0.0013436052379365293,GOOGL
2026-03-20,-0.0015062249632675773,GOOGL
2026-03-23,-0.007898112981242988,GOOGL
2026-03-24,-0.032368394192539895,GOOGL
2026-03-25,-0.004868498770587593,GOOGL
2026-03-26,-0.010855274497066247,GOOGL
2026-03-27,-0.00397172765261633,GOOGL
2026-03-30,0.004606106288545853,GOOGL
2026-03-31,0.016836432314566885,GOOGL
2026-04-01,0.021335440664503658,GOOGL
2026-04-02,-0.006608308347052727,GOOGL
2026-04-06,0.008167639738399401,GOOGL
2026-04-07,0.017916775059743983,GOOGL
2026-04-08,0.008793324814454273,GOOGL
2026-04-09,-0.0030616438958457337,GOOGL
2026-04-10,-0.005373564889384674,GOOGL
2026-04-13,0.002458415170020878,GOOGL
2026-04-14,0.017471694194018283,GOOGL
2026-04-15,-0.001335608198826499,GOOGL
2026-04-16,-0.008073149437184846,GOOGL
2026-04-17,0.003704755137787785,GOOGL
2026-04-20,-0.009366249820459416,GOOGL
2026-04-21,-0.011509796941971295,GOOGL
2026-04-22,0.004343398213484839,GOOGL
2026-04-23,0.0043805436535109266,GOOGL
2026-04-24,-0.0028187361731584204,GOOGL
2026-04-27,0.016573308187489033,GOOGL
2026-04-28,0.008507955093698172,GOOGL
2026-04-29,-0.005637608652936166,GOOGL
2026-04-30,0.08567890922708532,GOOGL
2026-05-01,-0.007243549427682794,GOOGL
2026-05-04,-0.004460839358349844,GOOGL
2026-05-05,0.0005348512211131862,GOOGL
2026-05-06,0.003878048057038619,GOOGL
2026-05-07,0.001067985569306984,GOOGL
2026-05-08,-0.016134660645587218,GOOGL
2026-05-11,-0.033701210641705615,GOOGL
2026-05-12,0.0051931373883018495,GOOGL
2026-05-13,0.028157667242064477,GOOGL
2026-05-14,-0.010939728547085359,GOOGL
2026-05-15,0.004448614006946627,GOOGL
2026-05-18,0.004714780366099625,GOOGL
2026-05-19,-0.017475019994846797,GOOGL
2026-05-20,-0.01320878107408241,GOOGL
2026-05-21,-0.005124472281025305,GOOGL
2026-05-22,-0.016403695374135552,GOOGL
2026-05-26,-0.0022852750334285687,GOOGL
2026-05-27,0.0010085860298012506,GOOGL
2026-05-28,-0.00505771702567781,GOOGL
2026-05-29,-0.029091795483378036,GOOGL
2026-06-01,-0.016475169080223395,GOOGL
2026-06-02,-0.04393685300385375,GOOGL
2026-06-03,-0.005318526002491275,GOOGL
2026-06-04,0.04095910430059568,GOOGL
2026-06-05,0.03930886553535551,GOOGL
2026-06-08,-0.029163548247868043,GOOGL
2026-06-09,0.014185446768636645,GOOGL
2026-06-10,-0.001691596268766915,GOOGL
2026-06-11,-0.029325253170784826,GOOGL
2026-06-12,-0.0005430026473449701,GOOGL
2026-06-15,-0.004400456727625013,GOOGL
2026-06-16,0.02969206194792573,GOOGL
2026-06-17,-0.015550177825884859,GOOGL
2026-06-18,-0.013168800489054,GOOGL
2026-06-22,-0.04863276121800286,GOOGL
2026-06-23,0.023279419416029512,GOOGL
2026-06-24,0.0018250859942785524,GOOGL
2026-06-25,-0.012659352385694156,GOOGL
2026-06-26,-0.004699457717937783,GOOGL
2026-06-29,0.022517762355654725,GOOGL
2026-06-30,-0.006407635638980835,GOOGL
2026-07-01,0.026055232972854725,GOOGL
2026-07-02,0.013880395022647818,GOOGL
2026-07-06,0.003795321436075305,GOOGL
2026-07-07,0.020252651982343828,GOOGL
2026-07-08,-0.016849623371125055,GOOGL
2026-07-09,-0.024912628773932077,GOOGL
2026-07-10,-0.007854546131639495,GOOGL
2026-07-13,0.006001389285224867,GOOGL
2026-07-14,0.008555097332661354,GOOGL
2026-07-15,0.0339576160444377,GOOGL
2026-07-16,-0.028813840247172706,GOOGL
2026-07-17,-0.006790102318595892,GOOGL
2026-07-20,0.013891751654593776,GOOGL
2026-07-21,-0.03222310393087824,GOOGL
2026-07-22,-0.00956402369636411,GOOGL
2026-07-23,-0.05483186072794766,GOOGL
2026-07-24,0.0176661551320354,GOOGL
2026-07-27,0.02419405817043696,GOOGL
2026-07-28,0.031425884455200226,GOOGL
2026-07-29,0.029530424382613774,GOOGL
2026-07-30,-0.041541679253406905,GOOGL
2026-07-31,0.05869882481136468,GOOGL
2026-08-03,0.030242905921115337,GOOGL
2026-08-04,-0.022380793890222073,GOOGL
2026-08-05,-0.032046483849065055,GOOGL
2026-08-06,-0.009295713957405916,GOOGL
2026-08-07,-0.021348250095124754,GOOGL
2026-08-10,0.012039242949116513,GOOGL
2026-08-11,-0.035768537996617056,GOOGL
2026-08-12,-0.00803730743412956,GOOGL
2026-08-13,-0.003324112864651063,GOOGL
2026-08-14,3.7967402464644806e-05,GOOGL
2026-08-17,-0.0038652459089965063,GOOGL
2026-08-18,0.01766079284182087,GOOGL
2026-08-19,0.0009189818703640995,GOOGL
2024-01-02,,ORCL
2024-01-03,-0.004857244728760257,ORCL
2024-01-04,0.006427560369142604,ORCL
2024-01-05,0.00017850901853044832,ORCL
2024-01-08,-0.0018445191906604208,ORCL
2024-01-09,-0.011863743316161468,ORCL
2024-01-10,-9.28296082873814e-05,ORCL
2024-01-11,0.0060676503697854045,ORCL
2024-01-12,0.01680322992508021,ORCL
2024-01-16,-0.00018386442591467045,ORCL
2024-01-17,0.0043422698920965175,ORCL
2024-01-18,0.007009663510423536,ORCL
2024-01-19,-0.010752852242378097,ORCL
2024-01-22,0.002608110508723449,ORCL
2024-01-23,0.011449959844769708,ORCL
2024-01-24,0.016400542575959243,ORCL
2024-01-25,0.004797249713146101,ORCL
2024-01-26,0.0028403266153134155,ORCL
2024-01-29,-0.017982378126450982,ORCL
2024-01-30,0.010276781442470906,ORCL
2024-01-31,-0.0020038044821113488,ORCL
2024-02-01,0.02200699300312081,ORCL
2024-02-02,-0.014511250148231625,ORCL
2024-02-05,0.00647452286711836,ORCL
2024-02-06,-0.007399890343942062,ORCL
2024-02-07,0.006703741679427999,ORCL
2024-02-08,-0.006893977997428635,ORCL
2024-02-09,-0.010137662591834129,ORCL
2024-02-12,-0.002962226268341972,ORCL
2024-02-13,-0.0031024699422212976,ORCL
2024-02-14,-0.005749214751786802,ORCL
2024-02-15,-0.016010846807322565,ORCL
2024-02-16,-0.004010979607213194,ORCL
2024-02-20,-0.018452921907343267,ORCL
2024-02-21,0.0013320660649016602,ORCL
2024-02-22,-0.002846696986337882,ORCL
2024-02-23,0.011381128955223474,ORCL
2024-02-26,-0.008265653427697472,ORCL
2024-02-27,0.0012854370272741278,ORCL
2024-02-28,0.008028747936599245,ORCL
2024-02-29,-0.008532693144922554,ORCL
2024-03-01,0.0036841146000590186,ORCL
2024-03-04,0.006032382322057828,ORCL
2024-03-05,-0.009622469795211863,ORCL
2024-03-06,0.005653244765384535,ORCL
2024-03-07,0.004953277879659268,ORCL
2024-03-08,-0.0041420172229118535,ORCL
2024-03-11,0.018815702992084127,ORCL
2024-03-12,0.09685896538959682,ORCL
2024-03-13,-0.008249274006483454,ORCL
2024-03-14,0.002603931999580311,ORCL
2024-03-15,0.012037955523215516,ORCL
2024-03-18,0.008349785928003506,ORCL
2024-03-19,0.008329230428245182,ORCL
2024-03-20,-0.011399914578833048,ORCL
2024-03-21,-0.00650243086160085,ORCL
2024-03-22,-0.01064473869917748,ORCL
2024-03-25,-0.009835687663152903,ORCL
2024-03-26,0.0063312848824823575,ORCL
2024-03-27,-0.012933984004654064,ORCL
2024-03-28,0.004555430277162209,ORCL
2024-04-01,-0.0031502904874054494,ORCL
2024-04-02,-0.00045905788094735556,ORCL
2024-04-03,0.01292347064499566,ORCL
2024-04-04,-0.000963492327095139,ORCL
2024-04-05,-0.006014235744261853,ORCL
2024-04-08,-0.004708395227956963,ORCL
2024-04-09,-0.0095184308637144,ORCL
2024-04-10,-0.0033159058663132512,ORCL
2024-04-11,-0.0036782200027287715,ORCL
2024-04-12,-0.0013639593477678957,ORCL
2024-04-15,0.006379723179899877,ORCL
2024-04-16,0.00606115439877275,ORCL
2024-04-17,-0.0040223292736536465,ORCL
2024-04-18,-0.017033535676628908,ORCL
2024-04-19,0.011203970602195135,ORCL
2024-04-22,-0.013057685760188953,ORCL
2024-04-23,-0.009934960237430346,ORCL
2024-04-24,-0.001212297395953854,ORCL
2024-04-25,0.0009327268153791479,ORCL
2024-04-26,0.004678221086892975,ORCL
2024-04-29,-0.010214219529068203,ORCL
2024-04-30,-0.004765988907627694,ORCL
2024-05-01,0.014963439338003148,ORCL
2024-05-02,-0.009807945711323818,ORCL
2024-05-03,-0.012618834315291316,ORCL
2024-05-06,0.010803364089102097,ORCL
2024-05-07,-0.0036294634636941936,ORCL
2024-05-08,-0.003999005011165124,ORCL
2024-05-09,-0.008588445595732352,ORCL
2024-05-10,-0.002098382341509719,ORCL
2024-05-13,-0.004879279656086588,ORCL
2024-05-14,0.03152915030373382,ORCL
2024-05-15,-0.00924136087952565,ORCL
2024-05-16,0.006381492919079967,ORCL
2024-05-17,0.011396306445903726,ORCL
2024-05-20,0.001276673719155852,ORCL
2024-05-21,-0.0010715254873225888,ORCL
2024-05-22,-4.32692886951358e-05,ORCL
2024-05-23,0.00040706480116714516,ORCL
2024-05-24,-0.018966568469445555,ORCL
2024-05-28,0.009002440599418904,ORCL
2024-05-29,0.0010304084127819024,ORCL
2024-05-30,-0.04446858585147684,ORCL
2024-05-31,0.0027157804246700223,ORCL
2024-06-03,0.012322115723764071,ORCL
2024-06-04,0.0038684060953633193,ORCL
2024-06-05,0.0011375427277506844,ORCL
2024-06-06,0.007414756665140132,ORCL
2024-06-07,0.020290868293134423,ORCL
2024-06-10,-0.015372065447896155,ORCL
2024-06-11,-0.011831721312328014,ORCL
2024-06-12,0.11202688849325249,ORCL
2024-06-13,-0.009188178212677478,ORCL
2024-06-14,-0.017542799135108922,ORCL
2024-06-17,0.010585181466804094,ORCL
2024-06-18,0.022982751032633253,ORCL
2024-06-20,-0.004295140297562838,ORCL
2024-06-21,-0.0072324787710140725,ORCL
2024-06-24,6.63811333367903e-06,ORCL
2024-06-25,-0.01653090246254152,ORCL
2024-06-26,-0.008840399810296162,ORCL
2024-06-27,0.011430599181872836,ORCL
2024-06-28,0.012454312775953547,ORCL
2024-07-01,0.007448514252235583,ORCL
2024-07-02,-0.009117818276215495,ORCL
2024-07-03,-0.0006546314701090239,ORCL
2024-07-05,-0.007261010739425977,ORCL
2024-07-08,-0.000995471481853194,ORCL
2024-07-09,-0.03131696149892704,ORCL
2024-07-10,-0.0005403106723713691,ORCL
2024-07-11,0.029838725253465093,ORCL
2024-07-12,0.008123706656937735,ORCL
2024-07-15,-0.014496535711709058,ORCL
2024-07-16,-0.003603179990522065,ORCL
2024-07-17,0.006023277589308762,ORCL
2024-07-18,-0.004127834819334986,ORCL
2024-07-19,0.012735624266389856,ORCL
2024-07-22,-0.0032352427568866915,ORCL
2024-07-23,0.024288396808821666,ORCL
2024-07-24,0.0057335278002730306,ORCL
2024-07-25,0.004219625968202578,ORCL
2024-07-26,-0.0016064470110856988,ORCL
2024-07-29,-0.007054916457478022,ORCL
2024-07-30,-0.005445640609128333,ORCL
2024-07-31,-0.0016836176286059157,ORCL
2024-08-01,0.010510164312997006,ORCL
2024-08-02,-0.007223299749530732,ORCL
2024-08-05,-0.011246487261633575,ORCL
2024-08-06,-0.006776263393884818,ORCL
2024-08-07,-0.007292621989252623,ORCL
2024-08-08,-0.006117961015409179,ORCL
2024-08-09,0.018545286424807017,ORCL
2024-08-12,0.001778578576010048,ORCL
2024-08-13,-0.011917868413076071,ORCL
2024-08-14,0.009606652480141697,ORCL
2024-08-15,-0.015188686383088346,ORCL
2024-08-16,0.002650928352813331,ORCL
2024-08-19,-0.00978241220583076,ORCL
2024-08-20,0.011123263303440822,ORCL
2024-08-21,0.0027202373978401084,ORCL
2024-08-22,0.0007455346682219144,ORCL
2024-08-23,-0.0027806291099432556,ORCL
2024-08-26,0.007670226792896528,ORCL
2024-08-27,-0.006011231032476694,ORCL
2024-08-28,0.007070359893246447,ORCL
2024-08-29,0.01257166722600811,ORCL
2024-08-30,0.0014746362807800395,ORCL
2024-09-03,0.01808133401419454,ORCL
2024-09-04,0.011522790575583919,ORCL
2024-09-05,0.012195385832009187,ORCL
2024-09-06,0.021527006764606504,ORCL
2024-09-09,-0.02640960507703305,ORCL
2024-09-10,0.09909530273159017,ORCL
2024-09-11,-0.013242304433330077,ORCL
2024-09-12,0.016602208411719666,ORCL
2024-09-13,-0.000450407137239317,ORCL
2024-09-16,0.05438400600666338,ORCL
2024-09-17,-0.017461733012740233,ORCL
2024-09-18,-0.013372331743628507,ORCL
2024-09-19,-0.006542226939035167,ORCL
2024-09-20,0.004348713869513965,ORCL
2024-09-23,-0.014924772228004812,ORCL
2024-09-24,-0.005716147097460933,ORCL
2024-09-25,0.001963985054414863,ORCL
2024-09-26,0.0034010010338363372,ORCL
2024-09-27,0.009372507093088345,ORCL
2024-09-30,0.007081548254310732,ORCL
2024-10-01,-0.0051670077759293775,ORCL
2024-10-02,0.0018728118705206853,ORCL
2024-10-03,-0.004333835389195961,ORCL
2024-10-04,0.01186153085162811,ORCL
2024-10-07,0.0055469483872236935,ORCL
2024-10-08,0.010733349628243793,ORCL
2024-10-09,0.01439421477892644,ORCL
2024-10-10,-0.012903017882686107,ORCL
2024-10-11,0.0004883984747774406,ORCL
2024-10-14,-0.006367305681567181,ORCL
2024-10-15,0.0018637051156149553,ORCL
2024-10-16,0.0037763616352499696,ORCL
2024-10-17,0.004500893722595656,ORCL
2024-10-18,-0.012184442222589631,ORCL
2024-10-21,-0.007257292050439901,ORCL
2024-10-22,0.007791315905132379,ORCL
2024-10-23,0.002756289674294088,ORCL
2024-10-24,-0.0007088377374850907,ORCL
2024-10-25,-0.011019094277555652,ORCL
2024-10-28,-0.006521127458950282,ORCL
2024-10-29,-0.0037218134727918795,ORCL
2024-10-30,0.014080651998813032,ORCL
2024-10-31,-0.013690349434465787,ORCL
2024-11-01,0.005532940552189558,ORCL
2024-11-04,0.0003853682787484658,ORCL
2024-11-05,0.00015454724794849994,ORCL
2024-11-06,0.026806728946175085,ORCL
2024-11-07,0.012290231350848835,ORCL
2024-11-08,0.014167293864137065,ORCL
2024-11-11,-5.094411145112332e-05,ORCL
2024-11-12,0.004188394466785539,ORCL
2024-11-13,0.0015512363478666913,ORCL
2024-11-14,-0.006725030792900988,ORCL
2024-11-15,0.006260324061874378,ORCL
2024-11-18,0.003848552461080068,ORCL
2024-11-19,0.010067653468598614,ORCL
2024-11-20,0.010321959107205458,ORCL
2024-11-21,0.005178067774420647,ORCL
2024-11-22,-0.0023304368505110418,ORCL
2024-11-25,-0.024196342228793633,ORCL
2024-11-26,0.007225865724069358,ORCL
2024-11-27,-0.03321934931925252,ORCL
2024-11-29,0.0028964977518928237,ORCL
2024-12-02,-0.02955996083963175,ORCL
2024-12-03,0.005063810183554729,ORCL
2024-12-04,0.01628011564528986,ORCL
2024-12-05,-0.007641041637727497,ORCL
2024-12-06,0.019933493912117406,ORCL
2024-12-09,0.0013280350156188447,ORCL
2024-12-10,-0.0656545196625613,ORCL
2024-12-11,-0.01302904827723328,ORCL
2024-12-12,-0.011949073311829927,ORCL
2024-12-13,-0.018694911081162502,ORCL
2024-12-16,-0.026833421300413995,ORCL
2024-12-17,-0.0045030192661057455,ORCL
2024-12-18,0.011079791774386116,ORCL
2024-12-19,0.0246913701325564,ORCL
2024-12-20,-0.003553351991013365,ORCL
2024-12-23,-0.012765570625323797,ORCL
2024-12-24,-0.0001370414020076538,ORCL
2024-12-26,0.0022536082090569565,ORCL
2024-12-27,-0.002587975178554913,ORCL
2024-12-30,0.0011818349216987656,ORCL
2024-12-31,0.0069120310761583426,ORCL
2025-01-02,-0.0017092080228575668,ORCL
2025-01-03,-0.014487514725797013,ORCL
2025-01-06,-0.015222681008358663,ORCL
2025-01-07,-0.004331620330554564,ORCL
2025-01-08,0.0066526185591770925,ORCL
2025-01-10,-0.03615445782771687,ORCL
2025-01-13,-0.0005420560589373125,ORCL
2025-01-14,0.01635807604752504,ORCL
2025-01-15,-0.01003180259338965,ORCL
2025-01-16,0.014770260142890734,ORCL
2025-01-17,-0.007441721785397704,ORCL
2025-01-21,0.06336454455637597,ORCL
2025-01-22,0.05262284423079766,ORCL
2025-01-23,0.010016057436729398,ORCL
2025-01-24,-0.009843652068185271,ORCL
2025-01-27,-0.1188471354784646,ORCL
2025-01-28,0.020829072069475707,ORCL
2025-01-29,-0.010267027638454884,ORCL
2025-01-30,0.04605853269143001,ORCL
2025-01-31,-0.0004261125597224691,ORCL
2025-02-03,-0.0005866684822697366,ORCL
2025-02-04,-0.016420827409135974,ORCL
2025-02-05,0.017679105385491667,ORCL
2025-02-06,-0.0011944921122788443,ORCL
2025-02-07,0.024861636227923256,ORCL
2025-02-10,0.013210963323849967,ORCL
2025-02-11,-0.007332626169539225,ORCL
2025-02-12,-0.029036838703593304,ORCL
2025-02-13,-0.004805593277438902,ORCL
2025-02-14,-0.002465930682673978,ORCL
2025-02-18,0.029606267691473676,ORCL
2025-02-19,0.00924248515306303,ORCL
2025-02-20,-0.026628285903726123,ORCL
2025-02-21,-0.026678400185191187,ORCL
2025-02-24,0.02460540385469212,ORCL
2025-02-25,0.0042892006283139494,ORCL
2025-02-26,0.02063727621425837,ORCL
2025-02-27,-0.017569068984130354,ORCL
2025-02-28,-0.007808730515658446,ORCL
2025-03-03,-0.002503910906810347,ORCL
2025-03-04,-0.025462540713838244,ORCL
2025-03-05,0.01268983739711338,ORCL
2025-03-06,-0.040099329139724915,ORCL
2025-03-07,0.020247930422050864,ORCL
2025-03-10,-0.002393813513000609,ORCL
2025-03-11,-0.02907999087358082,ORCL
2025-03-12,0.034270987163727895,ORCL
2025-03-13,-0.0034847421330281847,ORCL
2025-03-14,-0.01303829576192772,ORCL
2025-03-17,0.024797874798306196,ORCL
2025-03-18,-0.012861076403734018,ORCL
2025-03-19,0.006582038308436289,ORCL
2025-03-20,0.005164959000861558,ORCL
2025-03-21,-0.006505080514026318,ORCL
2025-03-24,-0.004513656243035236,ORCL
2025-03-25,-0.01177841543051894,ORCL
2025-03-26,-0.02206583041026189,ORCL
2025-03-27,-0.008046998836650943,ORCL
2025-03-28,-0.007580557187786496,ORCL
2025-03-31,-0.0075105099024543875,ORCL
2025-04-01,0.007091148711450224,ORCL
2025-04-02,0.01997101767760956,ORCL
2025-04-03,-0.0059690568233454755,ORCL
2025-04-04,-0.003399695640945666,ORCL
2025-04-07,-0.01110164334338215,ORCL
2025-04-08,-0.0029676448194360106,ORCL
2025-04-09,0.0017637825157299503,ORCL
2025-04-10,0.0006007002440133746,ORCL
2025-04-11,-0.02578284517832774,ORCL
2025-04-14,0.0103993233810602,ORCL
2025-04-15,-0.0063267257959020995,ORCL
2025-04-16,-0.0010882861367553787,ORCL
2025-04-17,-0.008643916493633164,ORCL
2025-04-21,-0.02108431114827969,ORCL
2025-04-22,0.009441635042393592,ORCL
2025-04-23,0.009746476869678666,ORCL
2025-04-24,0.0177017802986974,ORCL
2025-04-25,-0.0039847144477151986,ORCL
2025-04-28,0.012161139531245979,ORCL
2025-04-29,-0.001955163563263085,ORCL
2025-04-30,-0.0003710778474630416,ORCL
2025-05-01,0.02035908722857993,ORCL
2025-05-02,0.02064797675215413,ORCL
2025-05-05,-0.0036492856369987337,ORCL
2025-05-06,-0.0013623724861222541,ORCL
2025-05-07,0.007325108773045486,ORCL
2025-05-08,-0.004065111808757571,ORCL
2025-05-09,0.0009216736219723742,ORCL
2025-05-12,0.004814552854694121,ORCL
2025-05-13,0.016489685315650426,ORCL
2025-05-14,-0.0017934670910211281,ORCL
2025-05-15,-0.02312489950213248,ORCL
2025-05-16,0.002471818051219543,ORCL
2025-05-19,-0.006268672298385347,ORCL
2025-05-20,0.007526893057275608,ORCL
2025-05-21,-0.0057235018199923715,ORCL
2025-05-22,-0.0010426948211046394,ORCL
2025-05-23,0.0007491007172175657,ORCL
2025-05-27,0.014124153851056143,ORCL
2025-05-28,0.016352745990153572,ORCL
2025-05-29,-0.0077787105957005664,ORCL
2025-05-30,0.017594256736495062,ORCL
2025-06-02,-0.0016040226926747891,ORCL
2025-06-03,0.007524639309733239,ORCL
2025-06-04,-0.00895169755988956,ORCL
2025-06-05,0.02547824136932597,ORCL
2025-06-06,0.0069605463142385915,ORCL
2025-06-09,0.016355525276306793,ORCL
2025-06-10,-0.004730991892299308,ORCL
2025-06-11,-0.0028419140953017674,ORCL
2025-06-12,0.12263137908195176,ORCL
2025-06-13,0.08667782842561156,ORCL
2025-06-16,-0.03314296096564995,ORCL
2025-06-17,-0.004129818786107187,ORCL
2025-06-18,0.01300883686716059,ORCL
2025-06-20,-0.02331132311168993,ORCL
2025-06-23,-0.0011568240679569186,ORCL
2025-06-24,0.02380476176981805,ORCL
2025-06-25,-0.023915953782969623,ORCL
2025-06-26,0.0006096841021472343,ORCL
2025-06-27,-0.015614846437538965,ORCL
2025-06-30,0.032674965966726255,ORCL
2025-07-01,0.009973435190810065,ORCL
2025-07-02,0.04216199851623337,ORCL
2025-07-03,0.02162517051567292,ORCL
2025-07-07,-0.013990848669171996,ORCL
2025-07-08,0.009036744651560902,ORCL
2025-07-09,-0.0014830970351527029,ORCL
2025-07-10,0.00012097502747732136,ORCL
2025-07-11,-0.01682141894170197,ORCL
2025-07-14,-0.009187517301174175,ORCL
2025-07-15,0.023555047721518285,ORCL
2025-07-16,0.025602309644150445,ORCL
2025-07-17,0.02234719763249693,ORCL
2025-07-18,-0.012393522535570689,ORCL
2025-07-21,-0.012983491407704939,ORCL
2025-07-22,-0.017359246944514517,ORCL
2025-07-23,0.011240830101664656,ORCL
2025-07-24,0.0017110981964965077,ORCL
2025-07-25,0.006982167724939536,ORCL
2025-07-28,0.0073904218672726785,ORCL
2025-07-29,0.010672266180739243,ORCL
2025-07-30,0.0011383649740297486,ORCL
2025-07-31,0.017883562677270426,ORCL
2025-08-01,-0.017644993710187684,ORCL
2025-08-04,0.014358585183994244,ORCL
2025-08-05,0.01917006154809009,ORCL
2025-08-06,-0.009536538484166357,ORCL
2025-08-07,-0.03121634752653435,ORCL
2025-08-08,-0.0066419634023269225,ORCL
2025-08-11,0.01342618517922034,ORCL
2025-08-12,-0.00783119088687556,ORCL
2025-08-13,-0.03937723156016837,ORCL
2025-08-14,0.003964826213781691,ORCL
2025-08-15,0.01786936809197659,ORCL
2025-08-18,0.0035754393409908047,ORCL
2025-08-19,-0.04610640239267649,ORCL
2025-08-20,0.00782854975505387,ORCL
2025-08-21,-0.0034753683927837287,ORCL
2025-08-22,-0.0016360657463572181,ORCL
2025-08-25,-0.0011809021816180376,ORCL
2025-08-26,-0.009117656678209407,ORCL
2025-08-27,0.005272415749648651,ORCL
2025-08-28,0.012704600579174219,ORCL
2025-08-29,-0.049218165451440754,ORCL
2025-09-02,0.004738055205096181,ORCL
2025-09-03,-0.016081760639985454,ORCL
2025-09-04,-0.011026728063919577,ORCL
2025-09-05,0.04156613247144314,ORCL
2025-09-08,0.019239629819096216,ORCL
2025-09-09,0.009796266377212426,ORCL
2025-09-10,0.30678104959022523,ORCL
2025-09-11,-0.07017769678006225,ORCL
2025-09-12,-0.05668243875614731,ORCL
2025-09-15,0.02500003416406482,ORCL
2025-09-16,0.015661647090720265,ORCL
2025-09-17,-0.015237371842105496,ORCL
2025-09-18,-0.024996349401495088,ORCL
2025-09-19,0.0330421704519015,ORCL
2025-09-22,0.05532773100709143,ORCL
2025-09-23,-0.03795498254426288,ORCL
2025-09-24,-0.013742453581103042,ORCL
2025-09-25,-0.052814999250871075,ORCL
2025-09-26,-0.03148814953338608,ORCL
2025-09-29,-0.007092805151385662,ORCL
2025-09-30,-0.008125677752403249,ORCL
2025-10-01,0.02246753605969154,ORCL
2025-10-02,-0.004898761402214014,ORCL
2025-10-03,-0.004965315139616067,ORCL
2025-10-06,0.011385507413310236,ORCL
2025-10-07,-0.020250421162200993,ORCL
2025-10-08,0.003928080499814968,ORCL
2025-10-09,0.031396744144623234,ORCL
2025-10-10,0.021769660631602683,ORCL
2025-10-13,0.02909692092171312,ORCL
2025-10-14,-0.023005333644896986,ORCL
2025-10-15,0.00830126945211962,ORCL
2025-10-16,0.034136130249307506,ORCL
2025-10-17,-0.07836061598817334,ORCL
2025-10-20,-0.06224274688904963,ORCL
2025-10-21,-0.007089282401248731,ORCL
2025-10-22,0.0005899825718183038,ORCL
2025-10-23,0.018442678280240266,ORCL
2025-10-24,0.0009509286002300499,ORCL
2025-10-27,-0.02448764246314994,ORCL
2025-10-28,-0.009688196159693518,ORCL
2025-10-29,-0.02438098786743037,ORCL
2025-10-30,-0.053806567718694076,ORCL
2025-10-31,0.017209628208205707,ORCL
2025-11-03,-0.023065348107503603,ORCL
2025-11-04,-0.017757260857012902,ORCL
2025-11-05,0.0020993400168389797,ORCL
2025-11-06,-0.007548864863806237,ORCL
2025-11-07,-0.01563723904216552,ORCL
2025-11-10,-0.015342459409213305,ORCL
2025-11-11,-0.016956920138092357,ORCL
2025-11-12,-0.03877260566055707,ORCL
2025-11-13,-0.021758069021629467,ORCL
2025-11-14,0.023222565401946227,ORCL
2025-11-17,-0.004930789236997413,ORCL
2025-11-18,0.015111962923566757,ORCL
2025-11-19,0.01664835548951693,ORCL
2025-11-20,-0.044108761432343435,ORCL
2025-11-21,-0.06577443696517982,ORCL
2025-11-24,-0.017633419073353807,ORCL
2025-11-25,-0.02250512163232088,ORCL
2025-11-26,0.030661938290498014,ORCL
2025-11-28,-0.022869345159119092,ORCL
2025-12-01,-0.0016490240039308546,ORCL
2025-12-02,-0.0069997344268299955,ORCL
2025-12-03,0.029996066127741194,ORCL
2025-12-04,0.032208390103686035,ORCL
2025-12-05,0.010980570048690907,ORCL
2025-12-08,0.015432710225151247,ORCL
2025-12-09,0.00324636417852453,ORCL
2025-12-10,0.002571347150206904,ORCL
2025-12-11,-0.11142605149556939,ORCL
2025-12-12,-0.026381360452507607,ORCL
2025-12-15,-0.021910820810001397,ORCL
2025-12-16,0.017990310980474433,ORCL
2025-12-17,-0.03681797257805819,ORCL
2025-12-18,-0.00562724758661215,ORCL
2025-12-19,0.051264634871744263,ORCL
2025-12-22,0.028063234247814428,ORCL
2025-12-23,-0.020115288735590653,ORCL
2025-12-24,0.008025063288657819,ORCL
2025-12-26,0.0025928056397921395,ORCL
2025-12-29,-0.008417894965906392,ORCL
2025-12-30,0.0116449200040325,ORCL
2025-12-31,-0.0034312865030292627,ORCL
2026-01-02,0.0060350512813585055,ORCL
2026-01-05,-0.023982049995954213,ORCL
2026-01-06,-0.0027430061471616085,ORCL
2026-01-07,-0.005669961605404339,ORCL
2026-01-08,-0.010975350602707934,ORCL
2026-01-09,0.03843865930591139,ORCL
2026-01-12,0.02972845271665392,ORCL
2026-01-13,-0.010261560994972996,ORCL
2026-01-14,-0.0331160809423201,ORCL
2026-01-15,-0.023204585039660053,ORCL
2026-01-16,0.0073469275866404615,ORCL
2026-01-20,-0.038756199442294026,ORCL
2026-01-21,-0.047574619159109766,ORCL
2026-01-22,0.017185659345852144,ORCL
2026-01-23,-0.008893346108380662,ORCL
2026-01-26,0.02497767646193516,ORCL
2026-01-27,-0.051231545071081186,ORCL
2026-01-28,-0.015385574573070215,ORCL
2026-01-29,-0.016173729324387764,ORCL
2026-01-30,-0.014477557236963534,ORCL
2026-02-02,-0.03469093112678312,ORCL
2026-02-03,-0.018771662848036108,ORCL
2026-02-04,-0.03548525594328744,ORCL
2026-02-05,-0.057507138503523514,ORCL
2026-02-06,0.024489493829351616,ORCL
2026-02-09,0.0844147741234842,ORCL
2026-02-10,0.025505293754437552,ORCL
2026-02-11,-0.0199001637404006,ORCL
2026-02-12,0.016212345910699533,ORCL
2026-02-13,0.020991518546720656,ORCL
2026-02-17,-0.03826001983715166,ORCL
2026-02-18,0.0067480229432534955,ORCL
2026-02-19,0.006203325706304774,ORCL
2026-02-20,-0.06436881791688087,ORCL
2026-02-23,-0.03456720792934753,ORCL
2026-02-24,0.02292483649116228,ORCL
2026-02-25,-0.002485581537531978,ORCL
2026-02-26,0.02836904509256577,ORCL
2026-02-27,-0.030005364581111138,ORCL
2026-03-02,0.024817687031687186,ORCL
2026-03-03,0.009154033578495202,ORCL
2026-03-04,0.007170128085034477,ORCL
2026-03-05,0.01877494947127545,ORCL
2026-03-06,0.0032646833066447556,ORCL
2026-03-09,-0.022462152691855586,ORCL
2026-03-10,-0.014370821159441327,ORCL
2026-03-11,0.08799052918848815,ORCL
2026-03-12,-0.007263682548888539,ORCL
2026-03-13,-0.019830703963833685,ORCL
2026-03-16,-0.005625892355891615,ORCL
2026-03-17,-0.013108905438476093,ORCL
2026-03-18,0.002398634198403471,ORCL
2026-03-19,0.020155641640621447,ORCL
2026-03-20,-0.01962014075176821,ORCL
2026-03-23,0.019244718320342358,ORCL
2026-03-24,-0.04125306120396388,ORCL
2026-03-25,-0.013855015750307231,ORCL
2026-03-26,0.0019287152435669697,ORCL
2026-03-27,-0.0025740837238501513,ORCL
2026-03-30,0.0014958918810927813,ORCL
2026-03-31,0.0248530632705517,ORCL
2026-04-01,-0.025139413423088897,ORCL
2026-04-02,0.0067413467535697436,ORCL
2026-04-06,-0.011754513918456944,ORCL
2026-04-07,-0.016571033549891645,ORCL
2026-04-08,-0.025881947825979523,ORCL
2026-04-09,-0.04446617984997392,ORCL
2026-04-10,0.00022584114283041856,ORCL
2026-04-13,0.10922210599431637,ORCL
2026-04-14,0.02833896492164989,ORCL
2026-04-15,0.027027594536925825,ORCL
2026-04-16,0.04420685969253757,ORCL
2026-04-17,-0.031562347289872505,ORCL
2026-04-20,0.017472411685040434,ORCL
2026-04-21,0.023825168850710732,ORCL
2026-04-22,0.017750878934418957,ORCL
2026-04-23,-0.05605663056985577,ORCL
2026-04-24,-0.03611168062403536,ORCL
2026-04-27,-0.002375500900676286,ORCL
2026-04-28,-0.031205836755070493,ORCL
2026-04-29,-0.01901247133833639,ORCL
2026-04-30,-0.024288609887972434,ORCL
2026-05-01,0.05312799932409451,ORCL
2026-05-04,0.04994666120692326,ORCL
2026-05-05,0.014788695191759516,ORCL
2026-05-06,0.025205310321874563,ORCL
2026-05-07,0.004075654008157237,ORCL
2026-05-08,-0.016205575612981526,ORCL
2026-05-11,-0.01371868871065729,ORCL
2026-05-12,-0.028315947076663406,ORCL
2026-05-13,0.005054071662112136,ORCL
2026-05-14,0.02328028908106905,ORCL
2026-05-15,0.0015107919130432634,ORCL
2026-05-18,-0.029098554422143152,ORCL
2026-05-19,-0.021804123410230858,ORCL
2026-05-20,0.019829322717928477,ORCL
2026-05-21,0.006614985556905317,ORCL
2026-05-22,0.007867414042580734,ORCL
2026-05-26,-0.012510388158062824,ORCL
2026-05-27,-0.009799708340730184,ORCL
2026-05-28,0.05618867532058225,ORCL
2026-05-29,0.0992354351634992,ORCL
2026-06-01,0.08849004251006054,ORCL
2026-06-02,-0.019084864256570633,ORCL
2026-06-03,-0.05741269384808234,ORCL
2026-06-04,0.03060750414254798,ORCL
2026-06-05,-0.05160065077606113,ORCL
2026-06-08,-0.024237651602557975,ORCL
2026-06-09,-0.017209475630185267,ORCL
2026-06-10,-0.0021771456025847513,ORCL
2026-06-11,-0.12233640053428374,ORCL
2026-06-12,-0.005704518720725638,ORCL
2026-06-15,0.014250695755570142,ORCL
2026-06-16,-0.003439080980299103,ORCL
2026-06-17,-0.015696127056793685,ORCL
2026-06-18,-0.02062404701662235,ORCL
2026-06-22,-0.0488113557681924,ORCL
2026-06-23,-0.02478786170176228,ORCL
2026-06-24,-0.04304391828885823,ORCL
2026-06-25,-0.040786529676443806,ORCL
2026-06-26,-0.012256131809190052,ORCL
2026-06-29,-0.02974801512394709,ORCL
2026-06-30,-0.025094177522718475,ORCL
2026-07-01,-0.012657312078954597,ORCL
2026-07-02,0.0017130710791022352,ORCL
2026-07-06,0.010336011176573123,ORCL
2026-07-07,0.0035593561415492303,ORCL
2026-07-08,-0.010699054758402049,ORCL
2026-07-09,0.009698138608572826,ORCL
2026-07-10,-0.024741947494324457,ORCL
2026-07-13,-0.047730285938826,ORCL
2026-07-14,-0.038857418397866716,ORCL
2026-07-15,0.037658983497455445,ORCL
2026-07-16,-0.047956416789810774,ORCL
2026-07-17,0.032700621201385616,ORCL
2026-07-20,-0.041653806110420355,ORCL
2026-07-21,0.027277324817780446,ORCL
2026-07-22,-0.004450431848733061,ORCL
2026-07-23,-0.028020284774875392,ORCL
2026-07-24,-0.03174578634878422,ORCL
2026-07-27,0.0449014268560779,ORCL
2026-07-28,0.010267520790985252,ORCL
2026-07-29,0.0019011899509866481,ORCL
2026-07-30,0.04766583726758444,ORCL
2026-07-31,0.011472589291879665,ORCL
2026-08-03,0.07083024000221183,ORCL
2026-08-04,-0.006349768715269377,ORCL
2026-08-05,-0.00021627342002261685,ORCL
2026-08-06,-0.002690805540331631,ORCL
2026-08-07,0.012784889311577174,ORCL
2026-08-10,0.03003421350063551,ORCL
2026-08-11,-0.03420965882878857,ORCL
2026-08-12,0.04494688743430597,ORCL
2026-08-13,0.007499782667776955,ORCL
2026-08-14,-0.03580236049450303,ORCL
2026-08-17,-0.024404445290649335,ORCL
2026-08-18,-0.00959425040797246,ORCL
2026-08-19,-0.008360353138547438,ORCL
2024-01-02,,PLTR
2024-01-03,-0.01936111984910216,PLTR
2024-01-04,0.015054629256159746,PLTR
2024-01-05,-0.01794041485403941,PLTR
2024-01-08,0.02181557473305773,PLTR
2024-01-09,-0.018912952393133953,PLTR
2024-01-10,0.017357438218627674,PLTR
2024-01-11,-0.008651531832994053,PLTR
2024-01-12,0.004271822371854306,PLTR
2024-01-16,-0.01372051105356853,PLTR
2024-01-17,-0.0028488666247139527,PLTR
2024-01-18,-0.013484567485749555,PLTR
2024-01-19,0.0032695162525380184,PLTR
2024-01-22,0.04640621801947642,PLTR
2024-01-23,-0.019600814639133102,PLTR
2024-01-24,-0.03957459945747788,PLTR
2024-01-25,-0.01868577052088538,PLTR
2024-01-26,-0.0007296809424790496,PLTR
2024-01-29,0.03407709937341208,PLTR
2024-01-30,-0.014013659378221188,PLTR
2024-01-31,-0.01982253673141532,PLTR
2024-02-01,0.003099257064550276,PLTR
2024-02-02,0.02462595471964013,PLTR
2024-02-05,-0.016477390775898826,PLTR
2024-02-06,0.2705196325056378,PLTR
2024-02-07,0.0658930848599617,PLTR
2024-02-08,0.03598429400384351,PLTR
2024-02-09,-0.015112917694953598,PLTR
2024-02-12,0.031030933103101788,PLTR
2024-02-13,-0.02668351910779787,PLTR
2024-02-14,0.03713838337169184,PLTR
2024-02-15,0.005722365278081121,PLTR
2024-02-16,-0.029812573412163257,PLTR
2024-02-20,-0.03590835149582494,PLTR
2024-02-21,-0.024600715330536538,PLTR
2024-02-22,0.007841992428713862,PLTR
2024-02-23,-0.02368486787577595,PLTR
2024-02-26,0.025888086434023627,PLTR
2024-02-27,0.03794424289109877,PLTR
2024-02-28,0.0008442707262465987,PLTR
2024-02-29,0.018135547770975258,PLTR
2024-03-01,-0.020943606467424658,PLTR
2024-03-04,-0.03277827931834132,PLTR
2024-03-05,0.008499137389632594,PLTR
2024-03-06,0.08786195488836501,PLTR
2024-03-07,-0.0036615030437028295,PLTR
2024-03-08,-0.0014600732411036432,PLTR
2024-03-11,-0.02313566060437333,PLTR
2024-03-12,-0.04020849534067317,PLTR
2024-03-13,0.019788242053379257,PLTR
2024-03-14,-0.020539547765012767,PLTR
2024-03-15,-0.027278949580239242,PLTR
2024-03-18,0.011986765466500682,PLTR
2024-03-19,-0.010856771960309874,PLTR
2024-03-20,0.02005376023914618,PLTR
2024-03-21,-0.007982431888077457,PLTR
2024-03-22,-0.01388218168667521,PLTR
2024-03-25,0.017191293738348268,PLTR
2024-03-26,0.01862769296007105,PLTR
2024-03-27,-0.018785183270368044,PLTR
2024-03-28,-0.06130723928923931,PLTR
2024-04-01,-0.008654999972055766,PLTR
2024-04-02,0.0025244754870552555,PLTR
2024-04-03,-0.0031223803752666868,PLTR
2024-04-04,0.005669893658760916,PLTR
2024-04-05,0.009412468231571047,PLTR
2024-04-08,0.0014455843669165525,PLTR
2024-04-09,-0.011987973433699839,PLTR
2024-04-10,-0.008478724898226986,PLTR
2024-04-11,0.002717890092707176,PLTR
2024-04-12,0.008599466476234774,PLTR
2024-04-15,-0.017968140662242504,PLTR
2024-04-16,-0.0010063945829603682,PLTR
2024-04-17,-0.014120209130752404,PLTR
2024-04-18,-0.002759901971670864,PLTR
2024-04-19,-0.010827222825227079,PLTR
2024-04-22,0.01412599081267496,PLTR
2024-04-23,0.01663804822767112,PLTR
2024-04-24,-0.005695264123906085,PLTR
2024-04-25,0.010384398840858289,PLTR
2024-04-26,0.02131698995812803,PLTR
2024-04-29,0.009619372620090605,PLTR
2024-04-30,-0.01936125492282237,PLTR
2024-05-01,0.014061224471606959,PLTR
2024-05-02,0.006570200743552412,PLTR
2024-05-03,0.014105901845095303,PLTR
2024-05-06,0.0666067952481022,PLTR
2024-05-07,-0.16400876392179153,PLTR
2024-05-08,0.008039409461445768,PLTR
2024-05-09,-0.021851816330699325,PLTR
2024-05-10,-0.02823142461813477,PLTR
2024-05-13,0.014065554135553882,PLTR
2024-05-14,0.01718547477528265,PLTR
2024-05-15,-0.004838978733287647,PLTR
2024-05-16,0.0011100139050479463,PLTR
2024-05-17,0.005554873616121281,PLTR
2024-05-20,-0.013403055926648033,PLTR
2024-05-21,-0.019687249658761008,PLTR
2024-05-22,-0.0031035465045943234,PLTR
2024-05-23,-0.01697713110613286,PLTR
2024-05-24,0.00448715281380041,PLTR
2024-05-28,-0.0018685037430747897,PLTR
2024-05-29,0.001833861981838325,PLTR
2024-05-30,0.04780376565409217,PLTR
2024-05-31,-0.00044146940802569645,PLTR
2024-06-03,-0.02209968343618307,PLTR
2024-06-04,0.033199311760272465,PLTR
2024-06-05,0.01821666543802447,PLTR
2024-06-06,0.03585705250002569,PLTR
2024-06-07,-0.019497742093516734,PLTR
2024-06-10,-0.011782948924298875,PLTR
2024-06-11,0.02381443724670662,PLTR
2024-06-12,-0.01637271622124814,PLTR
2024-06-13,-0.026664795604456337,PLTR
2024-06-14,0.007641835042686562,PLTR
2024-06-17,0.04752532659671749,PLTR
2024-06-18,0.031164751472788854,PLTR
2024-06-20,-0.002382898463283656,PLTR
2024-06-21,-0.06698097431001981,PLTR
2024-06-24,0.02478348368951533,PLTR
2024-06-25,0.005049998376734255,PLTR
2024-06-26,-0.020970286287131934,PLTR
2024-06-27,0.042847533174302566,PLTR
2024-06-28,0.009556548475974314,PLTR
2024-07-01,0.015633096018141668,PLTR
2024-07-02,-0.012378745732066765,PLTR
2024-07-03,-0.007528628906731338,PLTR
2024-07-05,0.041635806705457856,PLTR
2024-07-08,0.014737830050756795,PLTR
2024-07-09,-0.012118705610120184,PLTR
2024-07-10,0.0265426362899146,PLTR
2024-07-11,-0.005654929491774929,PLTR
2024-07-12,0.009579752547122844,PLTR
2024-07-15,0.018465732995603723,PLTR
2024-07-16,-0.0003829186513684135,PLTR
2024-07-17,0.013974010120501035,PLTR
2024-07-18,0.019517139703178366,PLTR
2024-07-19,0.006805971354292062,PLTR
2024-07-22,-0.018995422483210955,PLTR
2024-07-23,0.01575386209060392,PLTR
2024-07-24,-0.04328196398606865,PLTR
2024-07-25,0.012216149764953332,PLTR
2024-07-26,0.010239271550676055,PLTR
2024-07-29,-0.005692731747991786,PLTR
2024-07-30,-0.012741846524702005,PLTR
2024-07-31,-0.009636962117141934,PLTR
2024-08-01,-0.0060660013308293514,PLTR
2024-08-02,-0.02872620231964973,PLTR
2024-08-05,0.0036451935915327027,PLTR
2024-08-06,0.08922852709967799,PLTR
2024-08-07,0.000682851182771671,PLTR
2024-08-08,0.07644325365631888,PLTR
2024-08-09,0.019417099599788656,PLTR
2024-08-12,-0.023367728750481653,PLTR
2024-08-13,0.00928953089822171,PLTR
2024-08-14,0.01954928116426613,PLTR
2024-08-15,-0.01787756174412003,PLTR
2024-08-16,0.02588892939934251,PLTR
2024-08-19,-4.315562532264394e-05,PLTR
2024-08-20,-0.0034529943030507937,PLTR
2024-08-21,0.002130515042018999,PLTR
2024-08-22,-0.0032553067547698156,PLTR
2024-08-23,-0.015182746352461862,PLTR
2024-08-26,-0.0199447243711095,PLTR
2024-08-27,-0.0033071142017901956,PLTR
2024-08-28,-0.004274151375843971,PLTR
2024-08-29,0.02232610204825436,PLTR
2024-08-30,0.0035162246741080594,PLTR
2024-09-03,-0.00046658091206452923,PLTR
2024-09-04,0.005220677099400994,PLTR
2024-09-05,-0.01508980088786771,PLTR
2024-09-06,0.03277337730301255,PLTR
2024-09-09,0.11893858154045978,PLTR
2024-09-10,-0.004585595086522343,PLTR
2024-09-11,-0.018897166417893185,PLTR
2024-09-12,-0.008047940871892756,PLTR
2024-09-13,0.01482132818141757,PLTR
2024-09-16,0.02445635195310647,PLTR
2024-09-17,0.0033200559154260567,PLTR
2024-09-18,0.0024165298744938113,PLTR
2024-09-19,-0.01267624730069894,PLTR
2024-09-20,0.01190124255368774,PLTR
2024-09-23,0.01731348147557732,PLTR
2024-09-24,-0.03286987431527866,PLTR
2024-09-25,0.0050174660922581715,PLTR
2024-09-26,-0.008023860837286012,PLTR
2024-09-27,-0.001460240221803577,PLTR
2024-09-30,0.007016561989708681,PLTR
2024-10-01,-0.006062750552037421,PLTR
2024-10-02,0.0264465345828091,PLTR
2024-10-03,0.04636968130682151,PLTR
2024-10-04,0.00760484700465458,PLTR
2024-10-07,-0.01762279317213178,PLTR
2024-10-08,0.048926537249319946,PLTR
2024-10-09,0.03189334155293366,PLTR
2024-10-10,0.010138032983575851,PLTR
2024-10-11,-0.0017918265573371173,PLTR
2024-10-14,-0.010887693471214543,PLTR
2024-10-15,-0.009146877939273157,PLTR
2024-10-16,-0.011976239012982504,PLTR
2024-10-17,0.0009756345882414585,PLTR
2024-10-18,0.016299265855566958,PLTR
2024-10-21,-0.008222705528139862,PLTR
2024-10-22,0.004515474124012986,PLTR
2024-10-23,0.007258198604341182,PLTR
2024-10-24,0.014443769269528062,PLTR
2024-10-25,0.023332010228578337,PLTR
2024-10-28,0.0022875790016190223,PLTR
2024-10-29,-0.010452378771959037,PLTR
2024-10-30,-0.020400343900435214,PLTR
2024-10-31,-0.024414053079751863,PLTR
2024-11-01,0.0012529897766762055,PLTR
2024-11-04,-0.009323134213426343,PLTR
2024-11-05,0.19817282045222262,PLTR
2024-11-06,0.05575110367150149,PLTR
2024-11-07,-0.009338479990356419,PLTR
2024-11-08,0.042770465002911706,PLTR
2024-11-11,0.03177552587048815,PLTR
2024-11-12,-0.004683563746548991,PLTR
2024-11-13,0.01538987806316161,PLTR
2024-11-14,-0.018386102342613064,PLTR
2024-11-15,0.12969451899276851,PLTR
2024-11-18,-0.07796028697168911,PLTR
2024-11-19,0.02083401514668548,PLTR
2024-11-20,-0.013173188762017674,PLTR
2024-11-21,-0.015900552624462883,PLTR
2024-11-22,0.04597603645839676,PLTR
2024-11-25,0.0030707711480868483,PLTR
2024-11-26,0.01136458992314271,PLTR
2024-11-27,0.012609117269294146,PLTR
2024-11-29,0.0067253636951507545,PLTR
2024-12-02,-0.021168596851296684,PLTR
2024-12-03,0.06350853355977826,PLTR
2024-12-04,-0.028053486148599482,PLTR
2024-12-05,0.03128380866673819,PLTR
2024-12-06,0.051428291590357667,PLTR
2024-12-09,-0.04434446843797435,PLTR
2024-12-10,-0.018491931544127205,PLTR
2024-12-11,0.004851251541394319,PLTR
2024-12-12,0.015945392950025727,PLTR
2024-12-13,0.03083330367107706,PLTR
2024-12-16,-0.01851319536526841,PLTR
2024-12-17,-0.013703398926521615,PLTR
2024-12-18,-0.002740517210969351,PLTR
2024-12-19,0.041524822276922,PLTR
2024-12-20,0.07328475117028255,PLTR
2024-12-23,-0.007959168057595,PLTR
2024-12-24,0.0072592094037915444,PLTR
2024-12-26,-0.002237870898248673,PLTR
2024-12-27,-0.02458288373371964,PLTR
2024-12-30,-0.010930556433742744,PLTR
2024-12-31,-0.011756301199300268,PLTR
2025-01-02,-0.0038767263986922984,PLTR
2025-01-03,0.04439969394793053,PLTR
2025-01-06,-0.06239792736947525,PLTR
2025-01-07,-0.06332239050766031,PLTR
2025-01-08,-0.025642605639814242,PLTR
2025-01-10,0.001486634408043308,PLTR
2025-01-13,-0.03126726419010861,PLTR
2025-01-14,0.0151606387665284,PLTR
2025-01-15,0.01052847291859127,PLTR
2025-01-16,0.023045037762583043,PLTR
2025-01-17,0.019150146902751963,PLTR
2025-01-21,0.012103573686109037,PLTR
2025-01-22,0.03799297329880602,PLTR
2025-01-23,0.024955230054912292,PLTR
2025-01-24,0.005667309135671594,PLTR
2025-01-27,-0.016310272963033334,PLTR
2025-01-28,0.04688811398583681,PLTR
2025-01-29,-0.003995751913863366,PLTR
2025-01-30,0.013886215958354597,PLTR
2025-01-31,0.016969486397679034,PLTR
2025-02-03,0.02307521603055651,PLTR
2025-02-04,0.20283759862441997,PLTR
2025-02-05,-0.02860409907303829,PLTR
2025-02-06,0.08816487309141952,PLTR
2025-02-07,0.008821861836707967,PLTR
2025-02-10,0.03896782110310415,PLTR
2025-02-11,-0.032775250867832284,PLTR
2025-02-12,0.040895474436247525,PLTR
2025-02-13,-0.009863313442204813,PLTR
2025-02-14,0.006355588369946652,PLTR
2025-02-18,0.04253748432586146,PLTR
2025-02-19,-0.10651283630222519,PLTR
2025-02-20,-0.04879777701042798,PLTR
2025-02-21,-0.02642996008626408,PLTR
2025-02-24,-0.09936848803064358,PLTR
2025-02-25,-0.019140562769336178,PLTR
2025-02-26,0.014183530151758994,PLTR
2025-02-27,-0.02400746139693677,PLTR
2025-02-28,-0.013900061854963397,PLTR
2025-03-03,0.004303960168300591,PLTR
2025-03-04,0.01470161086969135,PLTR
2025-03-05,0.05273383892913941,PLTR
2025-03-06,-0.08559813039782238,PLTR
2025-03-07,0.0465052354058928,PLTR
2025-03-10,-0.06634378538474017,PLTR
2025-03-11,0.024022254099359763,PLTR
2025-03-12,0.05807407043279422,PLTR
2025-03-13,-0.03122191232904914,PLTR
2025-03-14,0.055985716570797095,PLTR
2025-03-17,0.006326196024404318,PLTR
2025-03-18,-0.023222092686143725,PLTR
2025-03-19,0.012710224993928598,PLTR
2025-03-20,0.018266884415373497,PLTR
2025-03-21,0.03674764970812028,PLTR
2025-03-24,0.04000337214357508,PLTR
2025-03-25,-0.008277627256313203,PLTR
2025-03-26,-0.02614351784599922,PLTR
2025-03-27,-0.018304002783061435,PLTR
2025-03-28,-0.0215270215876453,PLTR
2025-03-31,-0.016991466024143698,PLTR
2025-04-01,-0.0047167900926075035,PLTR
2025-04-02,0.024915822816589994,PLTR
2025-04-03,0.009996070425382975,PLTR
2025-04-04,-0.057721899264472576,PLTR
2025-04-07,0.048044808540963935,PLTR
2025-04-08,0.01146995596846434,PLTR
2025-04-09,0.06058843814692505,PLTR
2025-04-10,0.005584915825205705,PLTR
2025-04-11,-0.01870707637999569,PLTR
2025-04-14,0.03818250000696466,PLTR
2025-04-15,0.05942156869993642,PLTR
2025-04-16,-0.02894708015763392,PLTR
2025-04-17,0.011655326726713433,PLTR
2025-04-21,-0.007234127779236488,PLTR
2025-04-22,0.008615549364318298,PLTR
2025-04-23,0.04772361996686225,PLTR
2025-04-24,0.039006832412155745,PLTR
2025-04-25,0.03426058548679656,PLTR
2025-04-28,0.0167624754809097,PLTR
2025-04-29,0.005812947023455806,PLTR
2025-04-30,0.020253117243619556,PLTR
2025-05-01,-0.032069927091975536,PLTR
2025-05-02,0.052489508722323386,PLTR
2025-05-05,0.001838000304330123,PLTR
2025-05-06,-0.1190171056552618,PLTR
2025-05-07,0.01085376110510694,PLTR
2025-05-08,0.06527670267787311,PLTR
2025-05-09,-0.014992921519112024,PLTR
2025-05-12,-0.030091564775507784,PLTR
2025-05-13,0.06311001725254073,PLTR
2025-05-14,0.010131712642111879,PLTR
2025-05-15,-0.01704914187373152,PLTR
2025-05-16,0.0065249535717990526,PLTR
2025-05-19,-0.025896022727368795,PLTR
2025-05-20,-0.0025361857477204097,PLTR
2025-05-21,-0.026714860560224096,PLTR
2025-05-22,0.012212284997055178,PLTR
2025-05-23,0.01761006059347192,PLTR
2025-05-27,-0.02260423616474405,PLTR
2025-05-28,0.0074361088350105575,PLTR
2025-05-29,-0.013667521513829328,PLTR
2025-05-30,0.07607162007556312,PLTR
2025-06-02,-0.005896173322164522,PLTR
2025-06-03,0.0007350861585866397,PLTR
2025-06-04,-0.026799172425241657,PLTR
2025-06-05,-0.07331434347090315,PLTR
2025-06-06,0.05337104084534072,PLTR
2025-06-09,0.0319448990463691,PLTR
2025-06-10,-0.0009288446819848417,PLTR
2025-06-11,0.029974067620212708,PLTR
2025-06-12,-0.011182161103659993,PLTR
2025-06-13,0.028849283419090987,PLTR
2025-06-16,0.014953045655150987,PLTR
2025-06-17,-0.013162517939555585,PLTR
2025-06-18,0.01282496516250653,PLTR
2025-06-20,-0.015096803583158014,PLTR
2025-06-23,0.008672574674890576,PLTR
2025-06-24,0.00820455098663242,PLTR
2025-06-25,-0.004859816717418752,PLTR
2025-06-26,9.59845724528563e-05,PLTR
2025-06-27,-0.10175501383279162,PLTR
2025-06-30,0.03533835053175949,PLTR
2025-07-01,-0.03378849562010178,PLTR
2025-07-02,0.004017880324818535,PLTR
2025-07-03,0.0070201435665282474,PLTR
2025-07-07,0.042375360522425964,PLTR
2025-07-08,0.0036706189414150714,PLTR
2025-07-09,0.017130457095914764,PLTR
2025-07-10,-0.002972036300904257,PLTR
2025-07-11,-0.0005579399943220764,PLTR
2025-07-14,0.044800992593435396,PLTR
2025-07-15,-0.0047452265358485235,PLTR
2025-07-16,0.014536793461926933,PLTR
2025-07-17,0.012143842829453355,PLTR
2025-07-18,-0.002095267094889941,PLTR
2025-07-21,-0.016504314371184492,PLTR
2025-07-22,-0.0128927105069776,PLTR
2025-07-23,0.03206827872677831,PLTR
2025-07-24,-0.0006397647508098459,PLTR
2025-07-25,0.022719983761520623,PLTR
2025-07-28,-0.008930721294393429,PLTR
2025-07-29,-0.008891825080951321,PLTR
2025-07-30,0.013716181069378663,PLTR
2025-07-31,0.0036727061736669953,PLTR
2025-08-01,-0.00620819273425699,PLTR
2025-08-04,0.022302626634245648,PLTR
2025-08-05,0.08237336945859308,PLTR
2025-08-06,0.023042244075212714,PLTR
2025-08-07,0.011328415793808944,PLTR
2025-08-08,0.016504667572429632,PLTR
2025-08-11,-0.020195479571864183,PLTR
2025-08-12,0.01072197578149403,PLTR
2025-08-13,-0.014503582566830708,PLTR
2025-08-14,-0.01756148182411188,PLTR
2025-08-15,-0.01709063884452089,PLTR
2025-08-18,-0.017483485156708944,PLTR
2025-08-19,-0.08455568514101408,PLTR
2025-08-20,-0.005136569250999479,PLTR
2025-08-21,0.005729576379291501,PLTR
2025-08-22,0.0009490006222359071,PLTR
2025-08-25,-0.007050842253900846,PLTR
2025-08-26,0.019261351230507096,PLTR
2025-08-27,-0.02767154344302547,PLTR
2025-08-28,0.0026530890716118805,PLTR
2025-08-29,0.0026858838456513823,PLTR
2025-09-02,0.010837130042187226,PLTR
2025-09-03,-0.021875698632785934,PLTR
2025-09-04,-0.0010375546290521953,PLTR
2025-09-05,-0.021038219022426752,PLTR
2025-09-08,0.014474179184719382,PLTR
2025-09-09,0.036490020053172145,PLTR
2025-09-10,0.02629240950909395,PLTR
2025-09-11,-0.020180128914274675,PLTR
2025-09-12,0.037708364998515265,PLTR
2025-09-15,-0.009804634348067331,PLTR
2025-09-16,-0.004718931808205262,PLTR
2025-09-17,-0.009402239578960803,PLTR
2025-09-18,0.041077252116613394,PLTR
2025-09-19,0.02342056567646189,PLTR
2025-09-22,-0.022822173212828645,PLTR
2025-09-23,0.0244608504032513,PLTR
2025-09-24,-0.012997932629676967,PLTR
2025-09-25,0.0018671569888644157,PLTR
2025-09-26,-0.012793527992345233,PLTR
2025-09-29,0.0026180539944400394,PLTR
2025-09-30,0.016972838650417543,PLTR
2025-10-01,0.008988339740378493,PLTR
2025-10-02,0.007187882192594586,PLTR
2025-10-03,-0.07346123155413853,PLTR
2025-10-06,0.029164045044169917,PLTR
2025-10-07,0.019877571917213288,PLTR
2025-10-08,-0.0037974597293395362,PLTR
2025-10-09,0.011562661611733915,PLTR
2025-10-10,-0.020264983603867748,PLTR
2025-10-13,-0.010960854175030121,PLTR
2025-10-14,0.02085921504433408,PLTR
2025-10-15,-0.007699898717603126,PLTR
2025-10-16,-0.004676224570925314,PLTR
2025-10-17,-0.00637700348203829,PLTR
2025-10-20,0.006603599250560421,PLTR
2025-10-21,-0.00017918155545171288,PLTR
2025-10-22,-0.024047931299810976,PLTR
2025-10-23,0.019666579956497898,PLTR
2025-10-24,0.012112233808815098,PLTR
2025-10-27,0.00669255824271886,PLTR
2025-10-28,-0.0054428728778281865,PLTR
2025-10-29,0.04294007780667375,PLTR
2025-10-30,-0.006253638247862625,PLTR
2025-10-31,0.025163063777874584,PLTR
2025-11-03,0.0281499344288747,PLTR
2025-11-04,-0.06216984070498199,PLTR
2025-11-05,-0.02148826300140616,PLTR
2025-11-06,-0.05203517286238046,PLTR
2025-11-07,0.01947878918664525,PLTR
2025-11-10,0.06257264007170082,PLTR
2025-11-11,-0.011114662371904949,PLTR
2025-11-12,-0.03541614011067207,PLTR
2025-11-13,-0.04692390524903889,PLTR
2025-11-14,0.010048967678016218,PLTR
2025-11-17,-0.007411103831775456,PLTR
2025-11-18,-0.010906008037824044,PLTR
2025-11-19,-0.01743266360719442,PLTR
2025-11-20,-0.03631109249232445,PLTR
2025-11-21,-0.01324773552183256,PLTR
2025-11-24,0.02142967439122323,PLTR
2025-11-25,0.0018356662396774581,PLTR
2025-11-26,0.004685607303994033,PLTR
2025-11-28,0.007963081000969652,PLTR
2025-12-01,-0.0023505858365160393,PLTR
2025-12-02,0.011129672354987186,PLTR
2025-12-03,0.028648643298751608,PLTR
2025-12-04,0.011326175378210124,PLTR
2025-12-05,0.01728404443192222,PLTR
2025-12-08,0.0004337277587254107,PLTR
2025-12-09,0.0006939877492433411,PLTR
2025-12-10,0.028748715378512202,PLTR
2025-12-11,0.0012686644456723073,PLTR
2025-12-12,-0.002092688310217028,PLTR
2025-12-15,0.0032873606080068285,PLTR
2025-12-16,0.022280108087164407,PLTR
2025-12-17,-0.038613608999450655,PLTR
2025-12-18,0.03190564034020582,PLTR
2025-12-19,0.027627529288428043,PLTR
2025-12-22,-0.0016842287472700335,PLTR
2025-12-23,-0.0038993637870756714,PLTR
2025-12-24,-0.002715398823410986,PLTR
2025-12-26,-0.028458345964754272,PLTR
2025-12-29,-0.019445641441767414,PLTR
2025-12-30,-0.015978777383506504,PLTR
2025-12-31,-0.008934606048869753,PLTR
2026-01-02,-0.05530885783395334,PLTR
2026-01-05,0.02824332756529291,PLTR
2026-01-06,0.0233111408106641,PLTR
2026-01-07,0.009940335138055367,PLTR
2026-01-08,-0.021183151236011888,PLTR
2026-01-09,-0.006355117233987961,PLTR
2026-01-12,0.009930003951207134,PLTR
2026-01-13,-0.0010274251408946,PLTR
2026-01-14,0.007606131585159659,PLTR
2026-01-15,-0.011076008035394658,PLTR
2026-01-16,-0.03427882879557398,PLTR
2026-01-20,0.007160196366214677,PLTR
2026-01-21,-0.03259810222103443,PLTR
2026-01-22,-0.0038014146193701137,PLTR
2026-01-23,0.018905152387620916,PLTR
2026-01-26,-0.01702897877270715,PLTR
2026-01-27,-0.01964977325016548,PLTR
2026-01-28,-0.05501230346278696,PLTR
2026-01-29,-0.029510357378247143,PLTR
2026-01-30,-0.02323594366484283,PLTR
2026-02-02,0.0011068170123857968,PLTR
2026-02-03,0.08172922805812455,PLTR
2026-02-04,-0.10586062878029523,PLTR
2026-02-05,-0.05624002111167581,PLTR
2026-02-06,0.023390392577575803,PLTR
2026-02-09,0.042664871854957376,PLTR
2026-02-10,-0.019428712726758057,PLTR
2026-02-11,-0.030515650475119394,PLTR
2026-02-12,-0.028930839469216707,PLTR
2026-02-13,0.015373767158504137,PLTR
2026-02-17,0.013207944908948832,PLTR
2026-02-18,0.010146722799938779,PLTR
2026-02-19,0.00021097980965922858,PLTR
2026-02-20,-0.006218565877279758,PLTR
2026-02-23,-0.022682318943259894,PLTR
2026-02-24,-0.02425218248284189,PLTR
2026-02-25,0.026296222095561816,PLTR
2026-02-26,0.025094896805090805,PLTR
2026-02-27,0.012359103102736135,PLTR
2026-03-02,0.0552220836962487,PLTR
2026-03-03,0.024785928691733794,PLTR
2026-03-04,0.024622776148048864,PLTR
2026-03-05,-0.0003828968860517534,PLTR
2026-03-06,0.04414318211938184,PLTR
2026-03-09,-0.017923036384798863,PLTR
2026-03-10,-0.03441853188328903,PLTR
2026-03-11,0.0031706323251192714,PLTR
2026-03-12,0.029767349080381145,PLTR
2026-03-13,-0.010807099140571985,PLTR
2026-03-16,0.0005025287579005777,PLTR
2026-03-17,0.010466568058008718,PLTR
2026-03-18,-0.0009698252680543362,PLTR
2026-03-19,0.022034285696062028,PLTR
2026-03-20,-0.013989609027357908,PLTR
2026-03-23,0.05383813744351329,PLTR
2026-03-24,-0.03154503636176198,PLTR
2026-03-25,-0.0053917789721733556,PLTR
2026-03-26,-0.024774817328863108,PLTR
2026-03-27,-0.011240731119984915,PLTR
2026-03-30,-0.031603863914990704,PLTR
2026-03-31,0.028241600634948405,PLTR
2026-04-01,-0.010842901771878743,PLTR
2026-04-02,0.012212431971480697,PLTR
2026-04-06,-0.009575801011549423,PLTR
2026-04-07,0.01420983574650947,PLTR
2026-04-08,-0.09334424383347173,PLTR
2026-04-09,-0.08250156396039898,PLTR
2026-04-10,-0.02023887799628188,PLTR
2026-04-13,0.02281273520166227,PLTR
2026-04-14,0.006851440070656523,PLTR
2026-04-15,0.03253386942708225,PLTR
2026-04-16,-0.0005227513047820764,PLTR
2026-04-17,0.012110164117593136,PLTR
2026-04-20,-0.00024148067481188917,PLTR
2026-04-21,0.0043588329029660144,PLTR
2026-04-22,0.02795783300471033,PLTR
2026-04-23,-0.0695081907302244,PLTR
2026-04-24,-0.008267426164539238,PLTR
2026-04-27,-0.0004571032195030966,PLTR
2026-04-28,-0.0034004388988062573,PLTR
2026-04-29,-0.029094297263389635,PLTR
2026-04-30,-0.0010543376232892143,PLTR
2026-05-01,0.0254805128575617,PLTR
2026-05-04,0.015398373325207437,PLTR
2026-05-05,-0.08470975422220395,PLTR
2026-05-06,-0.03628309266144125,PLTR
2026-05-07,0.025268142036140695,PLTR
2026-05-08,-0.01771278683974664,PLTR
2026-05-11,-0.009517906868912185,PLTR
2026-05-12,0.0019951724725588704,PLTR
2026-05-13,-0.05524274018637865,PLTR
2026-05-14,0.020821273167356935,PLTR
2026-05-15,0.0171450347841402,PLTR
2026-05-18,0.012857658624914059,PLTR
2026-05-19,0.007069024038850458,PLTR
2026-05-20,-0.002551742707652238,PLTR
2026-05-21,2.517309459193484e-05,PLTR
2026-05-22,-0.008132530125507742,PLTR
2026-05-26,-0.019647082140630268,PLTR
2026-05-27,-0.029261704937602495,PLTR
2026-05-28,0.07016574765488581,PLTR
2026-05-29,0.08441481418193408,PLTR
2026-06-01,0.019934216110629066,PLTR
2026-06-02,-0.058823683148959915,PLTR
2026-06-03,-0.06514706735516285,PLTR
2026-06-04,0.0013267399233498622,PLTR
2026-06-05,0.004672165227678882,PLTR
2026-06-08,-0.008583227431343765,PLTR
2026-06-09,-0.02119869950382114,PLTR
2026-06-10,0.005995180700379521,PLTR
2026-06-11,-0.02655869880095718,PLTR
2026-06-12,-0.02972315704426176,PLTR
2026-06-15,0.020241800047520186,PLTR
2026-06-16,0.0082910395244582,PLTR
2026-06-17,-0.009736669139391196,PLTR
2026-06-18,-0.041429965525317414,PLTR
2026-06-22,-0.06986578973289159,PLTR
2026-06-23,0.009773549654179092,PLTR
2026-06-24,-0.0235488174837295,PLTR
2026-06-25,-0.06452678530553602,PLTR
2026-06-26,0.06527839243950151,PLTR
2026-06-29,-0.00031792180428791283,PLTR
2026-06-30,-0.008522762072819212,PLTR
2026-07-01,0.09015475211552015,PLTR
2026-07-02,0.045484399723972224,PLTR
2026-07-06,0.010509106896253506,PLTR
2026-07-07,0.0324111348039402,PLTR
2026-07-08,-0.018959209554190615,PLTR
2026-07-09,-0.040850203761856996,PLTR
2026-07-10,-0.020668606379367738,PLTR
2026-07-13,0.04447206887130406,PLTR
2026-07-14,0.016798122204656707,PLTR
2026-07-15,0.0030122318492544764,PLTR
2026-07-16,0.021648034113540326,PLTR
2026-07-17,-0.00029773553200129754,PLTR
2026-07-20,0.01743720085904954,PLTR
2026-07-21,-0.03475091433339639,PLTR
2026-07-22,-0.05780261496560435,PLTR
2026-07-23,0.009486104572983933,PLTR
2026-07-24,0.007579822386826862,PLTR
2026-07-27,0.07078973241330733,PLTR
2026-07-28,-0.052983672231157186,PLTR
2026-07-29,0.016281074448897037,PLTR
2026-07-30,-0.03847661357749477,PLTR
2026-07-31,4.757916991682265e-05,PLTR
2026-08-03,0.003422202903993643,PLTR
2026-08-04,0.22475806475291282,PLTR
2026-08-05,-0.01725933733794438,PLTR
2026-08-06,-0.01226856610422633,PLTR
2026-08-07,0.08655173019135187,PLTR
2026-08-10,0.021538736085829235,PLTR
2026-08-11,0.0017063780658377325,PLTR
2026-08-12,-0.029826491997460458,PLTR
2026-08-13,0.03404504242251072,PLTR
2026-08-14,-0.026789596848104225,PLTR
2026-08-17,-0.006955257030258899,PLTR
2026-08-18,0.011208900166098879,PLTR
2026-08-19,0.016525108413878442,PLTR
2024-01-04,,9984.T
2024-01-05,0.0022724603825796663,9984.T
2024-01-09,0.014804668357862205,9984.T
2024-01-10,-0.00906261460097646,9984.T
2024-01-11,0.0014913386730990297,9984.T
2024-01-12,-0.011825686121895274,9984.T
2024-01-15,-0.01405753844932267,9984.T
2024-01-16,0.0027486929114166614,9984.T
2024-01-17,0.02566449671822202,9984.T
2024-01-18,-0.007055868668298437,9984.T
2024-01-19,-0.0005781208205988264,9984.T
2024-01-22,0.007682338853720161,9984.T
2024-01-23,-0.002324327166881801,9984.T
2024-01-24,0.011577776408675078,9984.T
2024-01-25,-0.009086211356313711,9984.T
2024-01-26,-0.008809873784962896,9984.T
2024-01-29,-0.0038596775581947185,9984.T
2024-01-30,-0.005673908223823965,9984.T
2024-01-31,-0.01458273468378124,9984.T
2024-02-01,-0.0018732763974522726,9984.T
2024-02-02,0.004961555955613761,9984.T
2024-02-05,0.025394600958941638,9984.T
2024-02-06,0.005186607661589626,9984.T
2024-02-07,-0.004898628908386549,9984.T
2024-02-08,0.08453568877941553,9984.T
2024-02-09,0.0826898671491394,9984.T
2024-02-13,0.03231287192310717,9984.T
2024-02-14,-0.027247802386720643,9984.T
2024-02-15,0.023328207187005567,9984.T
2024-02-16,-0.030833147792912463,9984.T
2024-02-19,0.02807438501742432,9984.T
2024-02-20,0.0017258290615513872,9984.T
2024-02-21,-0.017342070336947124,9984.T
2024-02-22,0.028470598918037382,9984.T
2024-02-26,-0.005836941013385832,9984.T
2024-02-27,0.023935980121573053,9984.T
2024-02-28,-0.007347776611146273,9984.T
2024-02-29,-0.01361349788254973,9984.T
2024-03-01,-0.005610872602066941,9984.T
2024-03-04,-0.0019322675498170128,9984.T
2024-03-05,0.008538196750667915,9984.T
2024-03-06,-0.014816547336938157,9984.T
2024-03-07,0.02800298008485491,9984.T
2024-03-08,0.01586321141752922,9984.T
2024-03-11,-0.04012870002685709,9984.T
2024-03-12,-0.006038761182376007,9984.T
2024-03-13,0.0007515722415298853,9984.T
2024-03-14,0.0016751163788457646,9984.T
2024-03-15,0.0079135471295535,9984.T
2024-03-18,-0.008772909186990141,9984.T
2024-03-19,-0.003079638240026661,9984.T
2024-03-21,0.028796306562697715,9984.T
2024-03-22,-0.0035100481758911783,9984.T
2024-03-25,0.004613766053215507,9984.T
2024-03-26,-0.011433720075624265,9984.T
2024-03-27,-0.011745994604415166,9984.T
2024-03-28,0.007469089399800843,9984.T
2024-03-29,-0.007234920172235704,9984.T
2024-04-01,0.0015244542431087638,9984.T
2024-04-02,-0.004757590723107441,9984.T
2024-04-03,-0.0027062877521579765,9984.T
2024-04-04,0.0025379773129445837,9984.T
2024-04-05,-0.008233417432999879,9984.T
2024-04-08,-0.0017097539927872774,9984.T
2024-04-09,-0.013682079252677504,9984.T
2024-04-10,0.0001462962251750355,9984.T
2024-04-11,-0.00684154740535714,9984.T
2024-04-12,0.0024389940870861437,9984.T
2024-04-15,-0.012013555997079983,9984.T
2024-04-16,-0.00644825372047908,9984.T
2024-04-17,-8.01797468126253e-05,9984.T
2024-04-18,-0.01872232198860946,9984.T
2024-04-19,-0.0024581353074069057,9984.T
2024-04-22,-0.028014598402134716,9984.T
2024-04-23,-0.002096850917375548,9984.T
2024-04-24,0.007147758972655183,9984.T
2024-04-25,0.0020646298038737854,9984.T
2024-04-26,0.01516382459414789,9984.T
2024-04-30,0.004609397110807656,9984.T
2024-05-01,-0.012614468270363943,9984.T
2024-05-02,0.0015062058663444233,9984.T
2024-05-07,0.02037316637213671,9984.T
2024-05-08,-0.0006781213098632222,9984.T
2024-05-09,-0.02278801023814747,9984.T
2024-05-10,0.013996214734111057,9984.T
2024-05-13,0.016794021290300165,9984.T
2024-05-14,0.03784590526112641,9984.T
2024-05-15,0.0006632368548462608,9984.T
2024-05-16,0.007475862346452367,9984.T
2024-05-17,0.004707494064066786,9984.T
2024-05-20,-0.03548274303177745,9984.T
2024-05-21,-0.013350587933048885,9984.T
2024-05-22,0.0321945698138828,9984.T
2024-05-23,0.029363038912012307,9984.T
2024-05-24,-0.013177558784740029,9984.T
2024-05-27,0.0044305027273505715,9984.T
2024-05-28,0.014188660231221562,9984.T
2024-05-29,0.035079985013827475,9984.T
2024-05-30,-0.01012426679356171,9984.T
2024-05-31,0.020578501533845106,9984.T
2024-06-03,-0.005397747974171807,9984.T
2024-06-04,-0.007966052301467741,9984.T
2024-06-05,0.05425955590409792,9984.T
2024-06-06,0.00828330751727524,9984.T
2024-06-07,-0.005269107457272604,9984.T
2024-06-10,0.014611108936330552,9984.T
2024-06-11,-0.008144533718299485,9984.T
2024-06-12,0.01012686770667326,9984.T
2024-06-13,0.01111284857656969,9984.T
2024-06-14,0.030587247934845685,9984.T
2024-06-17,0.020495360999248646,9984.T
2024-06-18,-0.009421161710726267,9984.T
2024-06-19,0.007527031038267573,9984.T
2024-06-20,-0.003080804229086631,9984.T
2024-06-21,-0.030998195177627252,9984.T
2024-06-24,0.0028786223219050555,9984.T
2024-06-25,-0.012766574644878403,9984.T
2024-06-26,0.0031445948610651087,9984.T
2024-06-27,0.012194944094786386,9984.T
2024-06-28,0.018728279259281777,9984.T
2024-07-01,0.009796057214264131,9984.T
2024-07-02,-0.006857315963338273,9984.T
2024-07-03,0.0020359600028347913,9984.T
2024-07-04,0.03614008332050478,9984.T
2024-07-05,0.003154130195629712,9984.T
2024-07-08,0.007224507123799739,9984.T
2024-07-09,0.02059077834332612,9984.T
2024-07-10,0.0020284133445178654,9984.T
2024-07-11,-0.0013263217657151216,9984.T
2024-07-12,-0.020265653746336376,9984.T
2024-07-16,0.0005823377589670997,9984.T
2024-07-17,-0.0027198318009391542,9984.T
2024-07-18,-0.03929852373068865,9984.T
2024-07-19,-0.011672437532562974,9984.T
2024-07-22,0.010717077710642009,9984.T
2024-07-23,-0.0113779783960819,9984.T
2024-07-24,0.0068184924011926995,9984.T
2024-07-25,-0.06517886492343017,9984.T
2024-07-26,-0.015254749116786925,9984.T
2024-07-29,0.0014782230326799706,9984.T
2024-07-30,-0.010804282904844698,9984.T
2024-07-31,-0.029356733772996968,9984.T
2024-08-01,-0.043284516811858964,9984.T
2024-08-02,-0.0238143998764917,9984.T
2024-08-05,-0.07416516573152698,9984.T
2024-08-06,0.016521028169520946,9984.T
2024-08-07,0.0386947888278133,9984.T
2024-08-08,-0.03442886958240621,9984.T
2024-08-09,0.042087669940979566,9984.T
2024-08-13,0.0036112428334824642,9984.T
2024-08-14,0.011339048490631498,9984.T
2024-08-15,0.013588931148221128,9984.T
2024-08-16,-0.004112722086758502,9984.T
2024-08-19,-0.0030598532129806344,9984.T
2024-08-20,0.012241651872370696,9984.T
2024-08-21,0.0030409222629419475,9984.T
2024-08-22,-0.019669042786180313,9984.T
2024-08-23,0.0023900031226737894,9984.T
2024-08-26,0.010883371574580636,9984.T
2024-08-27,-0.0010341195125773694,9984.T
2024-08-28,-0.025384682620431143,9984.T
2024-08-29,-0.024017726172785636,9984.T
2024-08-30,0.024015257078420227,9984.T
2024-09-02,0.007628120708701225,9984.T
2024-09-03,-0.005299574964417353,9984.T
2024-09-04,-0.03718576769774096,9984.T
2024-09-05,0.01891598232675129,9984.T
2024-09-06,-0.010472615488757775,9984.T
2024-09-09,0.0027623326356156497,9984.T
2024-09-10,0.021004418498751676,9984.T
2024-09-11,0.01897430608091799,9984.T
2024-09-12,0.04299919592032175,9984.T
2024-09-13,-0.0015361962979332233,9984.T
2024-09-17,-0.02105239542206494,9984.T
2024-09-18,-0.00145373154854056,9984.T
2024-09-19,0.004097301021632305,9984.T
2024-09-20,0.003436766363710042,9984.T
2024-09-24,0.007382768860346722,9984.T
2024-09-25,-0.01371009069554141,9984.T
2024-09-26,0.012670075396581382,9984.T
2024-09-27,0.0018736637868288497,9984.T
2024-09-30,-0.026921578399830004,9984.T
2024-10-01,0.010680157934148227,9984.T
2024-10-02,-0.0019564275089312133,9984.T
2024-10-03,0.004314382464023936,9984.T
2024-10-04,-0.01596984064467133,9984.T
2024-10-07,0.0033825361792612085,9984.T
2024-10-08,-0.008833157003611092,9984.T
2024-10-09,0.0046079826458846895,9984.T
2024-10-10,0.03628947670332838,9984.T
2024-10-11,-0.015364409736095652,9984.T
2024-10-15,0.048363506134942114,9984.T
2024-10-16,-0.022047497018082396,9984.T
2024-10-17,0.018698242799992215,9984.T
2024-10-18,-0.015488874242076456,9984.T
2024-10-21,0.007066182783458608,9984.T
2024-10-22,0.0006937379420604017,9984.T
2024-10-23,0.00302234055498829,9984.T
2024-10-24,-0.020939954615428746,9984.T
2024-10-25,0.0013571847494961986,9984.T
2024-10-28,0.010978901661935936,9984.T
2024-10-29,0.021081753778469547,9984.T
2024-10-30,0.019248624792862934,9984.T
2024-10-31,0.0002795881383166332,9984.T
2024-11-01,-0.03121950613149238,9984.T
2024-11-05,-0.01301846590907818,9984.T
2024-11-06,0.024229737927301542,9984.T
2024-11-07,-0.01713220426983053,9984.T
2024-11-08,0.012691573704914916,9984.T
2024-11-11,0.014525876771220858,9984.T
2024-11-12,-0.007007501901759916,9984.T
2024-11-13,-0.012575021588054902,9984.T
2024-11-14,-0.027891856879488586,9984.T
2024-11-15,0.005891559555950998,9984.T
2024-11-18,-0.01009044661375924,9984.T
2024-11-19,-0.010908253775300913,9984.T
2024-11-20,-0.0026527516340877355,9984.T
2024-11-21,-0.0026245664154158632,9984.T
2024-11-22,-0.0025518116016165493,9984.T
2024-11-25,0.020112535468677528,9984.T
2024-11-26,0.005371311489457575,9984.T
2024-11-27,0.023390888496114037,9984.T
2024-11-28,0.0018342310773444837,9984.T
2024-11-29,-0.008771462963668597,9984.T
2024-12-02,-0.011313435869014121,9984.T
2024-12-03,0.008102641391638521,9984.T
2024-12-04,-0.018119868864673983,9984.T
2024-12-05,0.008468869222135744,9984.T
2024-12-06,0.0026875805868877833,9984.T
2024-12-09,0.01792236099111033,9984.T
2024-12-10,-0.001057502293484447,9984.T
2024-12-11,-0.011183702346679425,9984.T
2024-12-12,0.007084340731045913,9984.T
2024-12-13,0.007942133835365794,9984.T
2024-12-16,0.010141621594493166,9984.T
2024-12-17,0.04556449412976438,9984.T
2024-12-18,-0.034616258874407,9984.T
2024-12-19,-0.037437280196176204,9984.T
2024-12-20,-0.02692110196929942,9984.T
2024-12-23,0.008090811915275609,9984.T
2024-12-24,-0.011130172150326523,9984.T
2024-12-25,0.010239846353271354,9984.T
2024-12-26,0.009733042605401643,9984.T
2024-12-27,-0.002068807630019265,9984.T
2024-12-30,0.0021603418113045336,9984.T
2025-01-06,0.020156108662027883,9984.T
2025-01-07,-0.007606794427037933,9984.T
2025-01-08,0.005332476880312242,9984.T
2025-01-09,0.004956102834273501,9984.T
2025-01-10,0.0021296961272234682,9984.T
2025-01-14,-0.008288327856351252,9984.T
2025-01-15,0.00010651172086628691,9984.T
2025-01-16,0.018760606439641947,9984.T
2025-01-17,-0.010201183178826234,9984.T
2025-01-20,0.009155297615174085,9984.T
2025-01-21,-0.005704332703357906,9984.T
2025-01-22,0.08519979124995558,9984.T
2025-01-23,0.042191809662277535,9984.T
2025-01-24,-0.017624329633050273,9984.T
2025-01-27,-0.07769559315533048,9984.T
2025-01-28,-0.03960285337159153,9984.T
2025-01-29,0.013865173888362392,9984.T
2025-01-30,-0.013209799009230139,9984.T
2025-01-31,0.01049249114196904,9984.T
2025-02-03,0.03161865677246034,9984.T
2025-02-04,0.00017782793603871028,9984.T
2025-02-05,0.01435885378595092,9984.T
2025-02-06,0.00374030602766684,9984.T
2025-02-07,-0.001354618082288539,9984.T
2025-02-10,-0.019865912621352066,9984.T
2025-02-12,0.033029769836590006,9984.T
2025-02-13,-0.04906200092427149,9984.T
2025-02-14,0.021835975132295182,9984.T
2025-02-17,0.01675083204542993,9984.T
2025-02-18,0.0009082581158272873,9984.T
2025-02-19,-0.016491427492813848,9984.T
2025-02-20,-0.008543031050995076,9984.T
2025-02-21,-0.009029039708139841,9984.T
2025-02-25,-0.029419752236570673,9984.T
2025-02-26,-0.02604433235532877,9984.T
2025-02-27,0.0049999934154518755,9984.T
2025-02-28,-0.03347008449190447,9984.T
2025-03-03,-0.009946650333036544,9984.T
2025-03-04,-0.03686241650169819,9984.T
2025-03-05,0.005831906685322075,9984.T
2025-03-06,0.01572621318968448,9984.T
2025-03-07,-0.0069490822842466216,9984.T
2025-03-10,0.01041464721987051,9984.T
2025-03-11,-0.02153422539618699,9984.T
2025-03-12,-0.00889739752544827,9984.T
2025-03-13,-0.00242859606180712,9984.T
2025-03-14,0.0031366539334225507,9984.T
2025-03-17,0.008858994583020419,9984.T
2025-03-18,-0.013814062081443979,9984.T
2025-03-19,-0.017435881385723384,9984.T
2025-03-21,0.021392106089860086,9984.T
2025-03-24,0.03140472883146472,9984.T
2025-03-25,-0.0004260384023000441,9984.T
2025-03-26,0.007481335619133667,9984.T
2025-03-27,-0.03395819088184471,9984.T
2025-03-28,0.008093231539064938,9984.T
2025-03-31,-0.01596608347030415,9984.T
2025-04-01,0.0016757982412851646,9984.T
2025-04-02,-0.006585857551304031,9984.T
2025-04-03,-0.011940352199746762,9984.T
2025-04-04,-0.046777281512393465,9984.T
2025-04-07,-0.050141808207950334,9984.T
2025-04-08,0.0558634458188596,9984.T
2025-04-09,-0.0347549252061814,9984.T
2025-04-10,0.02178797562918433,9984.T
2025-04-11,0.0212638756791641,9984.T
2025-04-14,0.010797597060276942,9984.T
2025-04-15,-0.0012436503144428457,9984.T
2025-04-16,-0.015458611698567992,9984.T
2025-04-17,-0.002319259789688388,9984.T
2025-04-18,-0.010647141909770674,9984.T
2025-04-21,-0.01057278579916332,9984.T
2025-04-22,0.0029340662870271927,9984.T
2025-04-23,0.0026347378825679613,9984.T
2025-04-24,0.02652106862978254,9984.T
2025-04-25,0.009661721035866044,9984.T
2025-04-28,-0.011117629963892206,9984.T
2025-04-30,-0.006551541718246234,9984.T
2025-05-01,0.009632678787056648,9984.T
2025-05-02,0.0019014733598563538,9984.T
2025-05-07,0.002736079560203386,9984.T
2025-05-08,-0.028202228280993502,9984.T
2025-05-09,0.009256761976810246,9984.T
2025-05-12,0.008040808748145167,9984.T
2025-05-13,-0.0019044161165941986,9984.T
2025-05-14,0.03965303940504228,9984.T
2025-05-15,-0.0008744167180241291,9984.T
2025-05-16,-0.010634103279977047,9984.T
2025-05-19,-0.012818567841707207,9984.T
2025-05-20,0.0018127762097162048,9984.T
2025-05-21,-0.0008380417467197532,9984.T
2025-05-22,-0.00276415255117346,9984.T
2025-05-23,-0.004441530358041845,9984.T
2025-05-26,0.012191511985739645,9984.T
2025-05-27,0.016915058482714684,9984.T
2025-05-28,0.0011983367154764224,9984.T
2025-05-29,-0.004928160405371251,9984.T
2025-05-30,-0.02690142732777545,9984.T
2025-06-02,-0.021499469241374136,9984.T
2025-06-03,0.0036237744818299333,9984.T
2025-06-04,0.002655618557837691,9984.T
2025-06-05,-0.004984952457644631,9984.T
2025-06-06,-0.007411979618979991,9984.T
2025-06-09,0.039490393698439874,9984.T
2025-06-10,0.019669866998678565,9984.T
2025-06-11,0.01591820136394162,9984.T
2025-06-12,0.004000047654546535,9984.T
2025-06-13,0.03729356357995517,9984.T
2025-06-16,0.012126530959114312,9984.T
2025-06-17,0.014630448592414247,9984.T
2025-06-18,-0.007157800395968472,9984.T
2025-06-19,0.016565630726268488,9984.T
2025-06-20,0.02850578167515483,9984.T
2025-06-23,0.0012804155099122028,9984.T
2025-06-24,0.042980096990962835,9984.T
2025-06-25,-0.021349336255722662,9984.T
2025-06-26,0.037341269398885046,9984.T
2025-06-27,0.010911762631276467,9984.T
2025-06-30,0.03390107038851653,9984.T
2025-07-01,0.03826993436790005,9984.T
2025-07-02,-0.00042842377760976547,9984.T
2025-07-03,-0.007606306457765832,9984.T
2025-07-04,0.004056086705520379,9984.T
2025-07-07,-0.005183612122381831,9984.T
2025-07-08,-0.011566686677300098,9984.T
2025-07-09,0.0042651220180847105,9984.T
2025-07-10,0.0203575993803371,9984.T
2025-07-11,-0.012128979638206694,9984.T
2025-07-14,-0.028871957307621265,9984.T
2025-07-15,0.014263978370678387,9984.T
2025-07-16,-0.0010657518933090415,9984.T
2025-07-17,0.017196910348445726,9984.T
2025-07-18,0.050871699613441734,9984.T
2025-07-22,0.0292070517251668,9984.T
2025-07-23,-0.0109748172940769,9984.T
2025-07-24,0.01132876416584061,9984.T
2025-07-25,0.013404724735764262,9984.T
2025-07-28,-0.02901407128746225,9984.T
2025-07-29,-0.006245239888725607,9984.T
2025-07-30,-0.0047155872853057446,9984.T
2025-07-31,0.016440431543871092,9984.T
2025-08-01,-0.01263421199881698,9984.T
2025-08-04,0.012119967430556322,9984.T
2025-08-05,0.020014438155302905,9984.T
2025-08-06,0.03556383920908779,9984.T
2025-08-07,0.006766359394950072,9984.T
2025-08-08,0.08047796677699637,9984.T
2025-08-12,0.04570912859961851,9984.T
2025-08-13,-0.009912306261067982,9984.T
2025-08-14,0.05766340629868694,9984.T
2025-08-15,0.045170642603956423,9984.T
2025-08-18,0.0034202796556961346,9984.T
2025-08-19,-0.037083259835288374,9984.T
2025-08-20,-0.05886441070769877,9984.T
2025-08-21,-0.013841530028956939,9984.T
2025-08-22,0.0191392261583605,9984.T
2025-08-25,0.030588683427129837,9984.T
2025-08-26,0.000575124127601967,9984.T
2025-08-27,0.006813729616538922,9984.T
2025-08-28,0.024377180151695654,9984.T
2025-08-29,0.02249269012290611,9984.T
2025-09-01,-0.0367755129900047,9984.T
2025-09-02,-0.007421550563574186,9984.T
2025-09-03,-0.04528191302968487,9984.T
2025-09-04,0.04734292489486336,9984.T
2025-09-05,-0.008312733247521464,9984.T
2025-09-08,0.0062727071548440705,9984.T
2025-09-09,-0.04022924363214386,9984.T
2025-09-10,0.0616191174534908,9984.T
2025-09-11,0.08301622369305228,9984.T
2025-09-12,0.0091122890077866,9984.T
2025-09-16,0.0008404062039542026,9984.T
2025-09-17,-0.010706588002447504,9984.T
2025-09-18,-0.0006498540880919279,9984.T
2025-09-19,0.01225475043109192,9984.T
2025-09-22,-0.03440870688002029,9984.T
2025-09-24,0.05496443222817149,9984.T
2025-09-25,0.027342387695036052,9984.T
2025-09-26,-0.029481761629018166,9984.T
2025-09-29,0.01834851753148037,9984.T
2025-09-30,-0.016350993704426386,9984.T
2025-10-01,-0.015571067199685373,9984.T
2025-10-02,0.047604752197214495,9984.T
2025-10-03,0.01652334096127106,9984.T
2025-10-06,-0.0062103914568822915,9984.T
2025-10-07,0.010869434939325018,9984.T
2025-10-08,-0.015661167516853425,9984.T
2025-10-09,0.0906386009433291,9984.T
2025-10-10,-0.021682431946517866,9984.T
2025-10-14,-0.0371699109966972,9984.T
2025-10-15,0.03228305167384704,9984.T
2025-10-16,0.06979366518508456,9984.T
2025-10-17,-0.019634678497434166,9984.T
2025-10-20,0.04833673657068438,9984.T
2025-10-21,-0.0052557981940051235,9984.T
2025-10-22,-0.05002799657771462,9984.T
2025-10-23,-0.03414363003210674,9984.T
2025-10-24,0.04187501931627402,9984.T
2025-10-27,0.04015964960754026,9984.T
2025-10-28,0.037507616407911115,9984.T
2025-10-29,0.01680451008571815,9984.T
2025-10-30,-0.0382170160031734,9984.T
2025-10-31,0.007739293358147492,9984.T
2025-11-04,-0.055390427352490335,9984.T
2025-11-05,-0.08026911045364749,9984.T
2025-11-06,0.015452277944829618,9984.T
2025-11-07,-0.05913413911535592,9984.T
2025-11-10,0.012695683397005553,9984.T
2025-11-11,0.020930835066426567,9984.T
2025-11-12,-0.03952654893092422,9984.T
2025-11-13,-0.03862832842062147,9984.T
2025-11-14,-0.050102705017765814,9984.T
2025-11-17,0.028963129125573417,9984.T
2025-11-18,-0.04492913892131689,9984.T
2025-11-19,0.003665023974061654,9984.T
2025-11-20,-0.007472490017725875,9984.T
2025-11-21,-0.09103488007940719,9984.T
2025-11-25,-0.10546709460610693,9984.T
2025-11-26,0.036672302944749546,9984.T
2025-11-27,0.02285478452020051,9984.T
2025-11-28,-0.0026201085819685943,9984.T
2025-12-01,0.001711198478153264,9984.T
2025-12-02,-0.05373467152536726,9984.T
2025-12-03,0.0505437672636031,9984.T
2025-12-04,0.06474104060534813,9984.T
2025-12-05,0.06847644072038683,9984.T
2025-12-08,-0.03499571381009936,9984.T
2025-12-09,0.006297388807999127,9984.T
2025-12-10,-0.006441643285581833,9984.T
2025-12-11,-0.07100844707333387,9984.T
2025-12-12,0.024538932096781707,9984.T
2025-12-15,-0.04812228902036253,9984.T
2025-12-16,-0.0016138476783318367,9984.T
2025-12-17,0.01030630845671432,9984.T
2025-12-18,-0.027955974016137475,9984.T
2025-12-19,0.049316924867978784,9984.T
2025-12-22,0.02216531495151486,9984.T
2025-12-23,-0.004708634973814796,9984.T
2025-12-24,-0.010546581910910291,9984.T
2025-12-25,-0.003549367731626063,9984.T
2025-12-26,0.011081567412388083,9984.T
2025-12-29,0.012247403068325724,9984.T
2025-12-30,-0.015417392505792549,9984.T
2026-01-05,0.018473904711967748,9984.T
2026-01-06,0.009150742923008437,9984.T
2026-01-07,-0.0034396318045946117,9984.T
2026-01-08,-0.0625070457046899,9984.T
2026-01-09,-0.02460681283788624,9984.T
2026-01-13,0.011743587102762021,9984.T
2026-01-14,-0.05740896417958474,9984.T
2026-01-15,-0.04628510793342855,9984.T
2026-01-16,-0.00694562009641686,9984.T
2026-01-19,-0.000448178485568107,9984.T
2026-01-20,-0.022332849971311575,9984.T
2026-01-21,0.010306029107578496,9984.T
2026-01-22,0.09269110393712054,9984.T
2026-01-23,-0.014800131952608098,9984.T
2026-01-26,-0.03211659820229684,9984.T
2026-01-27,-0.01189088626855117,9984.T
2026-01-28,0.035886930304210196,9984.T
2026-01-29,0.014803169556763862,9984.T
2026-01-30,-0.0018288258014393932,9984.T
2026-02-02,-0.0264793185689971,9984.T
2026-02-03,0.011593379671607451,9984.T
2026-02-04,-0.014025858504258082,9984.T
2026-02-05,-0.06390784834685803,9984.T
2026-02-06,0.013933511046586133,9984.T
2026-02-09,0.022951158063882815,9984.T
2026-02-10,0.07890153240911246,9984.T
2026-02-12,0.023711128255445857,9984.T
2026-02-13,-0.08064074955449563,9984.T
2026-02-16,0.06806026883663385,9984.T
2026-02-17,-0.048094281617919066,9984.T
2026-02-18,-0.03819090216750887,9984.T
2026-02-19,0.02035741047351891,9984.T
2026-02-20,-0.014081185128921092,9984.T
2026-02-24,-0.06400563330986664,9984.T
2026-02-25,-0.03628703862217897,9984.T
2026-02-26,0.036204142688783136,9984.T
2026-02-27,-0.027955345765056094,9984.T
2026-03-02,0.002995290834592268,9984.T
2026-03-03,0.01767068784788073,9984.T
2026-03-04,-0.03753760780455906,9984.T
2026-03-05,0.02289442555250787,9984.T
2026-03-06,0.009736350558364748,9984.T
2026-03-09,-0.049814292306816554,9984.T
2026-03-10,-0.0030387478565092607,9984.T
2026-03-11,0.053890348878665506,9984.T
2026-03-12,-0.026215330344815158,9984.T
2026-03-13,-0.03471907483999814,9984.T
2026-03-16,0.009899593491986991,9984.T
2026-03-17,-0.01722994169194436,9984.T
2026-03-18,0.028243649107260183,9984.T
2026-03-19,-0.018177039463466826,9984.T
2026-03-23,0.020976151935771625,9984.T
2026-03-24,-0.0076641928172502816,9984.T
2026-03-25,0.047815738201647306,9984.T
2026-03-26,0.006126656234169303,9984.T
2026-03-27,0.03623937310861258,9984.T
2026-03-30,-0.03687912809285976,9984.T
2026-03-31,-0.021841350108495305,9984.T
2026-04-01,0.006049755854032668,9984.T
2026-04-02,-0.01939953598622246,9984.T
2026-04-03,-0.01111948827526632,9984.T
2026-04-06,0.005300630426349429,9984.T
2026-04-07,-0.023312255805533866,9984.T
2026-04-08,0.01712980328168001,9984.T
2026-04-09,-0.005010011221646238,9984.T
2026-04-10,-0.017443918545943404,9984.T
2026-04-13,0.003716763681673285,9984.T
2026-04-14,0.0955154713738473,9984.T
2026-04-15,0.04209204443342429,9984.T
2026-04-16,0.026502665473053355,9984.T
2026-04-17,-0.013857956170591379,9984.T
2026-04-20,0.04717466100384371,9984.T
2026-04-21,0.0729404674843348,9984.T
2026-04-22,0.07735345667555293,9984.T
2026-04-23,0.045392178008697215,9984.T
2026-04-24,0.01166515511768118,9984.T
2026-04-27,-0.033815900817595335,9984.T
2026-04-28,-0.09347198932496958,9984.T
2026-04-30,0.0012679877619135027,9984.T
2026-05-01,0.03468593227493599,9984.T
2026-05-07,0.11491045746924833,9984.T
2026-05-08,-0.0447684308820957,9984.T
2026-05-11,-0.060648799788593166,9984.T
2026-05-12,0.03642031572317528,9984.T
2026-05-13,-0.004237432308379141,9984.T
2026-05-14,-0.03126910608166433,9984.T
2026-05-15,0.01572505598188023,9984.T
2026-05-18,-0.017105061336481597,9984.T
2026-05-19,-0.03799242513005119,9984.T
2026-05-20,-0.04954307043216488,9984.T
2026-05-21,0.1500833345394632,9984.T
2026-05-22,0.08586506373020875,9984.T
2026-05-25,0.01696581145757925,9984.T
2026-05-26,0.10599681265647476,9984.T
2026-05-27,-0.07538610387266331,9984.T
2026-05-28,-0.015698311204934257,9984.T
2026-05-29,0.025112704188922308,9984.T
2026-06-01,0.12209858097575932,9984.T
2026-06-02,0.013591895142564425,9984.T
2026-06-03,-0.062100923609037295,9984.T
2026-06-04,-0.10598329943242035,9984.T
2026-06-05,0.019787407134703727,9984.T
2026-06-08,-0.02325293704003073,9984.T
2026-06-09,-0.011240879826535988,9984.T
2026-06-10,-0.06786354734627587,9984.T
2026-06-11,-0.014148804864406728,9984.T
2026-06-12,-0.012428184003699272,9984.T
2026-06-15,0.04934844929652016,9984.T
2026-06-16,-0.006450583339377758,9984.T
2026-06-17,-0.03890391322936182,9984.T
2026-06-18,0.027598261158200188,9984.T
2026-06-19,-0.013671890980511137,9984.T
2026-06-22,0.003156156992089265,9984.T
2026-06-23,-0.07027072255327305,9984.T
2026-06-24,0.02164330732180808,9984.T
2026-06-25,0.030909534790557913,9984.T
2026-06-26,-0.09147444946029637,9984.T
2026-06-29,-0.05634391668497685,9984.T
2026-06-30,0.0031214790203435427,9984.T
2026-07-01,0.00031341251631999967,9984.T
2026-07-02,0.05700893571344956,9984.T
2026-07-03,-0.018806575635311518,9984.T
2026-07-06,-0.03119189850388082,9984.T
2026-07-07,-0.013946492970529079,9984.T
2026-07-08,0.01990404458897288,9984.T
2026-07-09,-0.014787197798218799,9984.T
2026-07-10,0.08924055377077877,9984.T
2026-07-13,0.018424897379389904,9984.T
2026-07-14,0.025045707997007227,9984.T
2026-07-15,-0.04786425181658771,9984.T
2026-07-16,-0.03652641795271805,9984.T
2026-07-17,-0.053255413603958246,9984.T
2026-07-21,0.026459314270283585,9984.T
2026-07-22,-0.006619588463751214,9984.T
2026-07-23,0.03237356695852078,9984.T
2026-07-24,-0.0456000505284635,9984.T
2026-07-27,-0.03615039750648741,9984.T
2026-07-28,-0.004954023597447232,9984.T
2026-07-29,-0.056975158339906073,9984.T
2026-07-30,-0.03244789353036914,9984.T
2026-07-31,0.08977367951360726,9984.T
2026-08-03,0.03444847058618805,9984.T
2026-08-04,-0.03424629014929437,9984.T
2026-08-05,0.09472885144381138,9984.T
2026-08-06,-0.03579382662914732,9984.T
2026-08-07,-0.024264300088221447,9984.T
2026-08-10,-0.032893494214805585,9984.T
2026-08-12,-0.0016928929420423344,9984.T
2026-08-13,-0.001637109341380949,9984.T
2026-08-14,0.023078237074237506,9984.T
2026-08-17,0.017948227751356072,9984.T
2026-08-18,0.01618820057794501,9984.T
2026-08-19,,9984.T
2024-01-02,,9988.HK
2024-01-03,-0.010416922135195072,9988.HK
2024-01-04,0.010205721516798327,9988.HK
2024-01-05,-0.02627793061841288,9988.HK
2024-01-08,0.0006693930752632582,9988.HK
2024-01-09,-0.00644085513058279,9988.HK
2024-01-10,-0.0007279010537120101,9988.HK
2024-01-11,0.00948022451821462,9988.HK
2024-01-12,-0.0007124072329984799,9988.HK
2024-01-15,-0.006085856161536896,9988.HK
2024-01-16,-0.0012770687976946249,9988.HK
2024-01-17,-0.0032037101833433113,9988.HK
2024-01-18,0.007625106926514746,9988.HK
2024-01-19,-0.011228316441033392,9988.HK
2024-01-22,0.021435183729583862,9988.HK
2024-01-23,0.007144943959283445,9988.HK
2024-01-24,0.0356812702221001,9988.HK
2024-01-25,-0.009160633025530274,9988.HK
2024-01-26,-0.01782142332430059,9988.HK
2024-01-29,0.015888375006608335,9988.HK
2024-01-30,0.0033496509207688874,9988.HK
2024-01-31,-0.008740212105746714,9988.HK
2024-02-01,0.016111704625840773,9988.HK
2024-02-02,-0.0028386446192776305,9988.HK
2024-02-05,0.0008098275810413114,9988.HK
2024-02-06,0.03337411059295459,9988.HK
2024-02-07,-0.011166554574700172,9988.HK
2024-02-08,-0.05062716529390787,9988.HK
2024-02-09,-0.006011279514869017,9988.HK
2024-02-14,0.01301595585853832,9988.HK
2024-02-15,0.0029365919590329526,9988.HK
2024-02-16,-0.0009283759115916723,9988.HK
2024-02-19,-0.00941579221040012,9988.HK
2024-02-20,0.0033775931901844913,9988.HK
2024-02-21,-0.005267130226119576,9988.HK
2024-02-22,0.011968341428414853,9988.HK
2024-02-23,-0.0029946766468667008,9988.HK
2024-02-26,8.261623223670966e-05,9988.HK
2024-02-27,0.008704698121809962,9988.HK
2024-02-28,-0.0014548435821462036,9988.HK
2024-02-29,-0.016811358050216718,9988.HK
2024-03-01,-0.0026572959985262656,9988.HK
2024-03-04,-0.013483797942890341,9988.HK
2024-03-05,-0.007396182851303834,9988.HK
2024-03-06,0.013481360483732274,9988.HK
2024-03-07,-0.0033816688123078364,9988.HK
2024-03-08,0.0001618715842965912,9988.HK
2024-03-11,0.007302778991638448,9988.HK
2024-03-12,-0.0022745483303694414,9988.HK
2024-03-13,-0.010754350447525596,9988.HK
2024-03-14,-0.0003841029850200073,9988.HK
2024-03-15,-0.007031980792967296,9988.HK
2024-03-18,0.0004197188894137227,9988.HK
2024-03-19,-9.525946886235204e-05,9988.HK
2024-03-20,0.0012856360438284753,9988.HK
2024-03-21,-0.0010791516449035754,9988.HK
2024-03-22,0.0002032892974144218,9988.HK
2024-03-25,-0.008341290676963098,9988.HK
2024-03-26,-0.008744154486684863,9988.HK
2024-03-27,-0.007906928562500859,9988.HK
2024-03-28,0.011833596876535957,9988.HK
2024-04-02,-0.012689867239787489,9988.HK
2024-04-03,0.003069151321821728,9988.HK
2024-04-05,-0.004202921534290915,9988.HK
2024-04-08,0.004450269648764937,9988.HK
2024-04-09,-0.00425512153184382,9988.HK
2024-04-10,0.029458384382913927,9988.HK
2024-04-11,0.005953733854740406,9988.HK
2024-04-12,-0.01288988970443583,9988.HK
2024-04-15,-0.010323739492184458,9988.HK
2024-04-16,-0.006688735742858221,9988.HK
2024-04-17,-0.006772495012446811,9988.HK
2024-04-18,-0.009684816713604327,9988.HK
2024-04-19,-0.007912226112328113,9988.HK
2024-04-22,0.008330461384228549,9988.HK
2024-04-23,0.0004996076197754107,9988.HK
2024-04-24,0.016068731061169572,9988.HK
2024-04-25,0.0020437193349716054,9988.HK
2024-04-26,0.010032201169385857,9988.HK
2024-04-29,-0.018107008445268136,9988.HK
2024-04-30,-0.0009078664723389807,9988.HK
2024-05-02,-0.001429557660197922,9988.HK
2024-05-03,0.025273164587432895,9988.HK
2024-05-06,-0.0017452440575320693,9988.HK
2024-05-07,-0.013067960426178082,9988.HK
2024-05-08,-0.015647812645968706,9988.HK
2024-05-09,-0.003654755011560873,9988.HK
2024-05-10,-0.00785025795848604,9988.HK
2024-05-13,0.0322808292265071,9988.HK
2024-05-14,0.020481027854041933,9988.HK
2024-05-16,-0.05209683090907191,9988.HK
2024-05-17,0.0634859711248934,9988.HK
2024-05-20,-0.00830840878953687,9988.HK
2024-05-21,0.010199301204722566,9988.HK
2024-05-22,-0.01542434025481132,9988.HK
2024-05-23,-0.03665685526511897,9988.HK
2024-05-24,0.007485339771821309,9988.HK
2024-05-27,0.0023089106174740692,9988.HK
2024-05-28,0.0041071932981742165,9988.HK
2024-05-29,-0.01672666413838364,9988.HK
2024-05-30,0.006916508760926199,9988.HK
2024-05-31,-0.010224822694739899,9988.HK
2024-06-03,0.00536473002849025,9988.HK
2024-06-04,-0.005496162183527886,9988.HK
2024-06-05,0.008211867779685633,9988.HK
2024-06-06,-0.0008622193085638941,9988.HK
2024-06-07,0.005963121995771203,9988.HK
2024-06-11,0.0019656953258229137,9988.HK
2024-06-12,-0.014620660123304319,9988.HK
2024-06-13,-0.004987969165677342,9988.HK
2024-06-14,-0.013605641526218015,9988.HK
2024-06-17,-0.003813989110855509,9988.HK
2024-06-18,-0.0043850157273270796,9988.HK
2024-06-19,0.0003782237712304237,9988.HK
2024-06-20,-0.005668555384351848,9988.HK
2024-06-21,-0.002383532547940881,9988.HK
2024-06-24,0.0007392169575615171,9988.HK
2024-06-25,0.005789459252321549,9988.HK
2024-06-26,0.0018073394885709249,9988.HK
2024-06-27,0.002854570725455474,9988.HK
2024-06-28,-0.01490450138854893,9988.HK
2024-07-02,-0.0035572351463732943,9988.HK
2024-07-03,0.012819498401245966,9988.HK
2024-07-04,0.010311091287824148,9988.HK
2024-07-05,0.009341638011949982,9988.HK
2024-07-08,0.0003975805810760846,9988.HK
2024-07-09,0.009749274569892386,9988.HK
2024-07-10,0.01118858107106746,9988.HK
2024-07-11,0.011209473295193284,9988.HK
2024-07-12,0.012827533363108046,9988.HK
2024-07-15,-0.007291846516761069,9988.HK
2024-07-16,0.0009956331923479667,9988.HK
2024-07-17,0.009895798996421235,9988.HK
2024-07-18,-0.008770749069751282,9988.HK
2024-07-19,-0.00624039972636492,9988.HK
2024-07-22,0.0003406203558480314,9988.HK
2024-07-23,0.0007534009558378685,9988.HK
2024-07-24,0.010452004736438703,9988.HK
2024-07-25,0.004640246722916075,9988.HK
2024-07-26,-0.002697129340055504,9988.HK
2024-07-29,0.03344591312613687,9988.HK
2024-07-30,0.009168824192248515,9988.HK
2024-07-31,-0.0055642401130482355,9988.HK
2024-08-01,0.004871965898138875,9988.HK
2024-08-02,-0.007143724669411711,9988.HK
2024-08-05,-0.0006872583382548925,9988.HK
2024-08-06,0.0171117877186866,9988.HK
2024-08-07,0.002722608861243536,9988.HK
2024-08-08,-0.0001740774276086654,9988.HK
2024-08-09,0.0051629271933002485,9988.HK
2024-08-12,0.00642495023493872,9988.HK
2024-08-13,-0.0010943406216670226,9988.HK
2024-08-14,-0.00091926295507605,9988.HK
2024-08-15,-0.024318438723583746,9988.HK
2024-08-16,0.028703931641574698,9988.HK
2024-08-19,0.008747091298775267,9988.HK
2024-08-20,-0.009640536576900338,9988.HK
2024-08-21,0.001267727547556774,9988.HK
2024-08-22,0.006768103148890425,9988.HK
2024-08-23,0.013812546042002438,9988.HK
2024-08-26,-0.00270719262731145,9988.HK
2024-08-27,-0.04530468650525421,9988.HK
2024-08-28,-0.00044187986637300725,9988.HK
2024-08-29,-0.005923954100103934,9988.HK
2024-08-30,0.018573950477494883,9988.HK
2024-09-02,-0.007578786252575576,9988.HK
2024-09-03,0.0098094530858166,9988.HK
2024-09-04,0.011060030727188419,9988.HK
2024-09-05,-0.003005077154228708,9988.HK
2024-09-09,-0.004695552198997532,9988.HK
2024-09-10,0.03912479658610568,9988.HK
2024-09-11,0.00546175846590824,9988.HK
2024-09-12,0.013590767264780368,9988.HK
2024-09-13,-0.012860563498780841,9988.HK
2024-09-16,-0.012153184382108329,9988.HK
2024-09-17,-0.003250109969888726,9988.HK
2024-09-19,0.01402174741440998,9988.HK
2024-09-20,0.0038195089671875238,9988.HK
2024-09-23,-0.004545986384599132,9988.HK
2024-09-24,0.018296334915460122,9988.HK
2024-09-25,-0.014379965331511535,9988.HK
2024-09-26,0.027518919017577304,9988.HK
2024-09-27,0.012545944390335073,9988.HK
2024-09-30,0.04660739812485026,9988.HK
2024-10-02,-0.01482238219357157,9988.HK
2024-10-03,-0.03049837953421175,9988.HK
2024-10-04,0.007041477057545542,9988.HK
2024-10-07,-0.009708377950873981,9988.HK
2024-10-08,0.006532262293546864,9988.HK
2024-10-09,-0.001496590387346508,9988.HK
2024-10-10,-0.0015599714699492395,9988.HK
2024-10-14,0.0018278235147786148,9988.HK
2024-10-15,-0.014805151083742807,9988.HK
2024-10-16,-0.007481340883573218,9988.HK
2024-10-17,0.00573531960176954,9988.HK
2024-10-18,-0.015369909995684772,9988.HK
2024-10-21,-0.011456200958599894,9988.HK
2024-10-22,-0.006639553176932544,9988.HK
2024-10-23,-0.012147706272946479,9988.HK
2024-10-24,-0.01979279466754047,9988.HK
2024-10-25,0.007770587537218709,9988.HK
2024-10-28,0.013094766479923692,9988.HK
2024-10-29,0.0043400673372442355,9988.HK
2024-10-30,-0.0019773152240469827,9988.HK
2024-10-31,-0.010544397979314724,9988.HK
2024-11-01,-0.004516188235331953,9988.HK
2024-11-04,0.008017444153228581,9988.HK
2024-11-05,0.003030664031890673,9988.HK
2024-11-06,-0.018940840104463952,9988.HK
2024-11-07,-0.0068480545078646315,9988.HK
2024-11-08,-0.006597460963577717,9988.HK
2024-11-11,0.015703738021203506,9988.HK
2024-11-12,-0.009648527896435333,9988.HK
2024-11-13,0.0011813182952487011,9988.HK
2024-11-14,-0.009385537368129526,9988.HK
2024-11-15,-0.00807672533940984,9988.HK
2024-11-18,-0.01808026415271602,9988.HK
2024-11-19,-0.016678789891584778,9988.HK
2024-11-20,-0.007982528701825586,9988.HK
2024-11-21,0.0011484278533036019,9988.HK
2024-11-22,-0.025712751866880268,9988.HK
2024-11-25,0.019486346293444257,9988.HK
2024-11-26,0.016510714284515338,9988.HK
2024-11-27,-0.0033035565802261857,9988.HK
2024-11-28,-0.00688228789564338,9988.HK
2024-11-29,7.243923011213127e-05,9988.HK
2024-12-02,-0.0023255196178997295,9988.HK
2024-12-03,-0.004634271511450905,9988.HK
2024-12-04,-0.005147350149028895,9988.HK
2024-12-05,-0.015444875386740442,9988.HK
2024-12-06,0.008619039921613059,9988.HK
2024-12-09,0.007313534135075628,9988.HK
2024-12-10,0.0015906625497752458,9988.HK
2024-12-11,0.003091881338574076,9988.HK
2024-12-12,0.008731212281294809,9988.HK
2024-12-13,-0.004803610789195112,9988.HK
2024-12-16,-0.007622226570592083,9988.HK
2024-12-17,-0.006515370372997431,9988.HK
2024-12-18,-0.0005301291350408022,9988.HK
2024-12-19,-0.007517762944281081,9988.HK
2024-12-20,-0.03335038493392961,9988.HK
2024-12-23,0.0029704669204440037,9988.HK
2024-12-24,0.019035441505178774,9988.HK
2024-12-27,-0.012879577276184051,9988.HK
2024-12-30,-0.001815276013302558,9988.HK
2024-12-31,0.009388454304936289,9988.HK
2025-01-02,0.0031208374558993057,9988.HK
2025-01-03,0.008908961530401882,9988.HK
2025-01-06,-0.001813470406795581,9988.HK
2025-01-07,0.003129795465875773,9988.HK
2025-01-08,0.00250128778543246,9988.HK
2025-01-09,-0.0016930336469789253,9988.HK
2025-01-10,-0.0032637663934984573,9988.HK
2025-01-13,-0.008999864513698164,9988.HK
2025-01-14,0.005264255483859337,9988.HK
2025-01-15,-0.0034431693776291183,9988.HK
2025-01-16,-0.005970110771708725,9988.HK
2025-01-17,0.0005937582021928733,9988.HK
2025-01-20,0.028685263921087056,9988.HK
2025-01-21,-0.00607733594319626,9988.HK
2025-01-22,-0.014703788567882903,9988.HK
2025-01-23,0.012441815426229574,9988.HK
2025-01-24,0.0036815190554477795,9988.HK
2025-01-27,0.022535924442894206,9988.HK
2025-01-28,0.01117590023276449,9988.HK
2025-02-03,0.06237676783712054,9988.HK
2025-02-04,0.01016134272616842,9988.HK
2025-02-05,0.00829591165934751,9988.HK
2025-02-06,-0.003999362494124803,9988.HK
2025-02-07,0.0030929349282367014,9988.HK
2025-02-10,0.035327268128688694,9988.HK
2025-02-11,0.0049056769485185114,9988.HK
2025-02-12,0.05533737004776906,9988.HK
2025-02-13,0.027158404457463092,9988.HK
2025-02-14,0.0252009920036258,9988.HK
2025-02-17,-0.015247382584038682,9988.HK
2025-02-18,0.017183370414874943,9988.HK
2025-02-19,-0.01615385976464001,9988.HK
2025-02-20,-0.00998784846581735,9988.HK
2025-02-21,0.09677708499300941,9988.HK
2025-02-24,-0.01460100238131723,9988.HK
2025-02-25,-0.02504195931537989,9988.HK
2025-02-26,0.014905435890902652,9988.HK
2025-02-27,-0.0058723395230009245,9988.HK
2025-02-28,-0.0290234002794163,9988.HK
2025-03-03,0.019663080213159212,9988.HK
2025-03-04,-0.017332476133256947,9988.HK
2025-03-05,-0.01174381944737135,9988.HK
2025-03-06,0.04823599349159302,9988.HK
2025-03-07,-2.251720930601664e-06,9988.HK
2025-03-10,-0.021424621190083926,9988.HK
2025-03-11,-0.006657155249826907,9988.HK
2025-03-12,0.016616886746899873,9988.HK
2025-03-13,-0.018935312310635055,9988.HK
2025-03-14,0.011201265832710305,9988.HK
2025-03-17,-0.009927506830105237,9988.HK
2025-03-18,0.0323226120161717,9988.HK
2025-03-19,-0.017403834399540408,9988.HK
2025-03-20,-0.017994479712085898,9988.HK
2025-03-21,-0.013931724929040712,9988.HK
2025-03-24,0.006869749268120451,9988.HK
2025-03-25,-0.015400038067864052,9988.HK
2025-03-26,0.008057351620750275,9988.HK
2025-03-27,0.0005648787585874615,9988.HK
2025-03-28,0.013369826443670796,9988.HK
2025-03-31,-0.009974728030820224,9988.HK
2025-04-01,0.010197351846352731,9988.HK
2025-04-02,0.0017254131914654636,9988.HK
2025-04-03,-0.035974875962270225,9988.HK
2025-04-07,-0.05632207053056604,9988.HK
2025-04-08,-0.0032093663636967307,9988.HK
2025-04-09,0.0039003540807023285,9988.HK
2025-04-10,-0.008866500523712517,9988.HK
2025-04-11,-0.02852343807976876,9988.HK
2025-04-14,0.02550031509523265,9988.HK
2025-04-15,0.013310397351922632,9988.HK
2025-04-16,-0.02255742487221113,9988.HK
2025-04-17,0.014897342214080567,9988.HK
2025-04-22,0.004105072830554057,9988.HK
2025-04-23,0.029719340053018684,9988.HK
2025-04-24,-0.011741967408861242,9988.HK
2025-04-25,0.012458916346015592,9988.HK
2025-04-28,-0.0030666648663846274,9988.HK
2025-04-29,-0.003381481421785182,9988.HK
2025-04-30,0.016461693611084627,9988.HK
2025-05-02,0.020314945184937372,9988.HK
2025-05-06,0.007648691917691686,9988.HK
2025-05-07,-0.021686792208506667,9988.HK
2025-05-08,-0.0020491927238541763,9988.HK
2025-05-09,0.013112916057267832,9988.HK
2025-05-12,0.030296610504067623,9988.HK
2025-05-13,-0.02073531672866391,9988.HK
2025-05-14,0.010754177894645167,9988.HK
2025-05-15,-0.003607262604593764,9988.HK
2025-05-16,-0.038985457622567665,9988.HK
2025-05-19,-0.034100102243371566,9988.HK
2025-05-20,0.0059196206600775625,9988.HK
2025-05-21,0.005279301583195561,9988.HK
2025-05-22,-0.021065706769134884,9988.HK
2025-05-23,-0.004937903041263958,9988.HK
2025-05-26,-0.002517142995485777,9988.HK
2025-05-27,0.005094350833166672,9988.HK
2025-05-28,-0.014380422986950414,9988.HK
2025-05-29,0.007075456701935323,9988.HK
2025-05-30,-0.024106882716943723,9988.HK
2025-06-02,-0.0004896325263628043,9988.HK
2025-06-03,-0.009027958525529733,9988.HK
2025-06-04,0.00012519405346722579,9988.HK
2025-06-05,0.021139465906276023,9988.HK
2025-06-06,-0.00967657900824026,9988.HK
2025-06-09,0.006679207417813693,9988.HK
2025-06-10,-0.003432087483144386,9988.HK
2025-06-11,-0.009676256607686007,9988.HK
2025-06-12,-0.018920570939152448,9988.HK
2025-06-13,-0.016989106553557676,9988.HK
2025-06-16,0.0009788303171855972,9988.HK
2025-06-17,0.020048209406983375,9988.HK
2025-06-18,-0.011601829162740884,9988.HK
2025-06-19,0.00034567197788248905,9988.HK
2025-06-20,0.002817434232819771,9988.HK
2025-06-23,-0.014809599493177394,9988.HK
2025-06-24,-0.0033857456035457645,9988.HK
2025-06-25,0.012307067565874519,9988.HK
2025-06-26,-0.022869938428452308,9988.HK
2025-06-27,0.000805569345199153,9988.HK
2025-06-30,-0.011967804243915303,9988.HK
2025-07-02,-0.009825653953060787,9988.HK
2025-07-03,-0.023413609174077088,9988.HK
2025-07-04,-0.003998346807511766,9988.HK
2025-07-07,0.004031487863864314,9988.HK
2025-07-08,0.004230843438532972,9988.HK
2025-07-09,-0.028423737713191954,9988.HK
2025-07-10,-0.002767001200631114,9988.HK
2025-07-11,0.013626214576722973,9988.HK
2025-07-14,0.0068323508652961,9988.HK
2025-07-15,0.05156594414775384,9988.HK
2025-07-16,0.005586674606028907,9988.HK
2025-07-17,-0.01072181049990295,9988.HK
2025-07-18,0.015663783719026547,9988.HK
2025-07-21,0.011208642624179532,9988.HK
2025-07-22,-0.004574310987847774,9988.HK
2025-07-23,0.008172374335567056,9988.HK
2025-07-24,-0.010017959893392714,9988.HK
2025-07-25,-0.008381289078432275,9988.HK
2025-07-28,0.014973044886845699,9988.HK
2025-07-29,0.0023040189269218914,9988.HK
2025-07-30,-0.016571139920500855,9988.HK
2025-07-31,0.0041327832665549735,9988.HK
2025-08-01,0.021094103038849177,9988.HK
2025-08-04,-0.015170735104344857,9988.HK
2025-08-05,-0.008535481789397004,9988.HK
2025-08-06,0.005691033511188159,9988.HK
2025-08-07,0.014355148895563552,9988.HK
2025-08-08,-0.01570653806847222,9988.HK
2025-08-11,0.01681123795591688,9988.HK
2025-08-12,-0.0186847026886241,9988.HK
2025-08-13,0.033646084781203456,9988.HK
2025-08-14,-0.011788516962330853,9988.HK
2025-08-15,-0.021033586718543162,9988.HK
2025-08-18,0.007920590826116403,9988.HK
2025-08-19,-0.0003875720188109,9988.HK
2025-08-20,-0.008497107706451068,9988.HK
2025-08-21,-0.01299775323023411,9988.HK
2025-08-22,0.010385219577184301,9988.HK
2025-08-25,0.03443822003456187,9988.HK
2025-08-26,-0.014160980933723089,9988.HK
2025-08-27,0.014388848496695417,9988.HK
2025-08-28,-0.03996451033663728,9988.HK
2025-08-29,-0.004011107783372658,9988.HK
2025-09-01,0.1484132164994234,9988.HK
2025-09-02,-0.012931197914216597,9988.HK
2025-09-03,0.0015594335092758982,9988.HK
2025-09-04,-0.021284962267148266,9988.HK
2025-09-05,0.00104747296360852,9988.HK
2025-09-08,0.03242341860709619,9988.HK
2025-09-09,0.02115616727773517,9988.HK
2025-09-10,-0.003732663044038631,9988.HK
2025-09-11,0.007853637107453793,9988.HK
2025-09-12,0.04149716819222782,9988.HK
2025-09-15,0.020688591795069655,9988.HK
2025-09-16,-0.006836224919777756,9988.HK
2025-09-17,0.03380711218590271,9988.HK
2025-09-18,-0.006398333183952332,9988.HK
2025-09-19,0.004400155457244814,9988.HK
2025-09-22,0.00822758905409593,9988.HK
2025-09-23,0.00830347324598435,9988.HK
2025-09-24,0.07398810473956807,9988.HK
2025-09-25,-0.010278982293867145,9988.HK
2025-09-26,-0.01894788990139684,9988.HK
2025-09-29,0.02184992855079404,9988.HK
2025-09-30,0.011846787283588789,9988.HK
2025-10-02,0.01794089185035741,9988.HK
2025-10-03,0.016235975698338123,9988.HK
2025-10-06,-0.018394467613034315,9988.HK
2025-10-08,-0.011425937354601956,9988.HK
2025-10-09,-0.021640351590027862,9988.HK
2025-10-10,-0.02922703418817374,9988.HK
2025-10-13,-0.0017093854003702447,9988.HK
2025-10-14,-0.026543663813319185,9988.HK
2025-10-15,0.019559160262655695,9988.HK
2025-10-16,-0.0016254099363006702,9988.HK
2025-10-17,-0.018011312496582832,9988.HK
2025-10-20,0.023491369628165337,9988.HK
2025-10-21,0.013069080633445473,9988.HK
2025-10-22,-0.010084583758602328,9988.HK
2025-10-23,0.009342910096655999,9988.HK
2025-10-24,0.014856758154779826,9988.HK
2025-10-27,0.020603340688952088,9988.HK
2025-10-28,-0.011772396406387386,9988.HK
2025-10-30,0.008823436259556061,9988.HK
2025-10-31,-0.027113550192757963,9988.HK
2025-11-03,-0.021244026002371186,9988.HK
2025-11-04,-0.01816756737632641,9988.HK
2025-11-05,-0.0024946993579462173,9988.HK
2025-11-06,0.0191876161805542,9988.HK
2025-11-07,-0.02088898360110747,9988.HK
2025-11-10,0.005003237638107727,9988.HK
2025-11-11,-0.020305730070208305,9988.HK
2025-11-12,-0.03114130031939144,9988.HK
2025-11-13,0.027058130642602762,9988.HK
2025-11-14,-0.026153955179804456,9988.HK
2025-11-17,0.007107024785749871,9988.HK
2025-11-18,0.01542808633841819,9988.HK
2025-11-19,0.01541547986454006,9988.HK
2025-11-20,-0.010473212449968017,9988.HK
2025-11-21,-0.023513883580355,9988.HK
2025-11-24,0.026193422831061852,9988.HK
2025-11-25,0.01423453113121731,9988.HK
2025-11-26,-0.020488388012809722,9988.HK
2025-11-27,-0.028194868116914407,9988.HK
2025-11-28,0.009318552490729104,9988.HK
2025-12-01,0.01547368883879141,9988.HK
2025-12-02,0.011095295858113197,9988.HK
2025-12-03,-0.00899950734129007,9988.HK
2025-12-04,-0.0015821525293846506,9988.HK
2025-12-05,-0.001856855651142908,9988.HK
2025-12-08,0.001956355188464265,9988.HK
2025-12-09,-0.0034965814920457916,9988.HK
2025-12-10,0.010946467785288405,9988.HK
2025-12-11,-0.016714716329575552,9988.HK
2025-12-12,0.005645224203041366,9988.HK
2025-12-15,-0.022860074201714653,9988.HK
2025-12-16,-0.014585291945076406,9988.HK
2025-12-17,0.0032002543692755125,9988.HK
2025-12-18,-0.01425082001686917,9988.HK
2025-12-19,0.0007757973710651456,9988.HK
2025-12-22,0.0032212854384789935,9988.HK
2025-12-23,0.006520989492151408,9988.HK
2025-12-24,-0.009237048213214472,9988.HK
2025-12-29,-0.012210634008836152,9988.HK
2025-12-30,-0.00018186310819867657,9988.HK
2025-12-31,-0.00313047657863752,9988.HK
2026-01-02,0.01525521846662059,9988.HK
2026-01-05,0.024850704400304124,9988.HK
2026-01-06,-0.026866722666985865,9988.HK
2026-01-07,-0.023572655235545525,9988.HK
2026-01-08,-0.011106284634204044,9988.HK
2026-01-09,0.023832754569872883,9988.HK
2026-01-12,0.03761536352301409,9988.HK
2026-01-13,0.02667085711137851,9988.HK
2026-01-14,0.04972918900214207,9988.HK
2026-01-15,-0.023554495688920873,9988.HK
2026-01-16,0.012599303132004636,9988.HK
2026-01-19,-0.024996250126561037,9988.HK
2026-01-20,-0.0014936923656669876,9988.HK
2026-01-21,0.01800326470879643,9988.HK
2026-01-22,0.008068660056265387,9988.HK
2026-01-23,0.01772388171331496,9988.HK
2026-01-26,-0.020377181210148088,9988.HK
2026-01-27,0.014639976786254394,9988.HK
2026-01-28,-0.004508316665877032,9988.HK
2026-01-29,-0.006214025972470338,9988.HK
2026-01-30,-0.0029510307897622212,9988.HK
2026-02-02,-0.012909922116065786,9988.HK
2026-02-03,-0.01639315062602531,9988.HK
2026-02-04,-0.00982796173424294,9988.HK
2026-02-05,-0.0007846935902255936,9988.HK
2026-02-06,-0.017072564301269466,9988.HK
2026-02-09,0.001098888945670673,9988.HK
2026-02-10,0.01057704079138766,9988.HK
2026-02-11,-0.005552388085474647,9988.HK
2026-02-12,-0.0008001457883004548,9988.HK
2026-02-13,-0.0030159924612620514,9988.HK
2026-02-16,-0.009726365620019273,9988.HK
2026-02-20,-0.03935865535790484,9988.HK
2026-02-23,0.009086387446947342,9988.HK
2026-02-24,-0.009664473207839919,9988.HK
2026-02-25,-0.004549739143346443,9988.HK
2026-02-26,-0.02191537218958839,9988.HK
2026-02-27,-0.010113472882038899,9988.HK
2026-03-02,-0.024890552674464494,9988.HK
2026-03-03,-0.0005401459009046761,9988.HK
2026-03-04,-0.01669639768446185,9988.HK
2026-03-05,-0.03094674852881507,9988.HK
2026-03-06,0.017174364276893783,9988.HK
2026-03-09,-0.0017850653833937358,9988.HK
2026-03-10,0.01514651236948339,9988.HK
2026-03-11,0.00010834036576490291,9988.HK
2026-03-12,-0.005032559101575629,9988.HK
2026-03-13,0.01662999682510069,9988.HK
2026-03-16,-0.0031065277635606847,9988.HK
2026-03-17,0.0031323584565488005,9988.HK
2026-03-18,0.01672366135507275,9988.HK
2026-03-19,-0.021902877041581448,9988.HK
2026-03-20,-0.05614905251275637,9988.HK
2026-03-23,0.0031723940751318125,9988.HK
2026-03-24,0.0012638920146086363,9988.HK
2026-03-25,0.03442451748878472,9988.HK
2026-03-26,-0.027744588517581548,9988.HK
2026-03-27,-0.00709013742812914,9988.HK
2026-03-30,-0.009185393339542713,9988.HK
2026-03-31,-0.01403425189426244,9988.HK
2026-04-01,0.010415836855787397,9988.HK
2026-04-02,-0.027787163385562863,9988.HK
2026-04-08,0.03488205570151237,9988.HK
2026-04-09,-0.02342569863194921,9988.HK
2026-04-10,0.015469089759803545,9988.HK
2026-04-13,-0.00946971490444426,9988.HK
2026-04-14,0.002289474489128196,9988.HK
2026-04-15,0.029506447686400428,9988.HK
2026-04-16,0.03739826857306028,9988.HK
2026-04-17,0.013310768293501418,9988.HK
2026-04-20,-0.003254934578268198,9988.HK
2026-04-21,-0.009906373666503931,9988.HK
2026-04-22,-0.023534772553689187,9988.HK
2026-04-23,0.0011255158181580072,9988.HK
2026-04-24,0.00825593071024322,9988.HK
2026-04-27,-0.01019399305415547,9988.HK
2026-04-28,-0.019300476156133506,9988.HK
2026-04-29,0.015212074079101967,9988.HK
2026-04-30,-0.0229329187520646,9988.HK
2026-05-04,0.03193158225058479,9988.HK
2026-05-05,0.0037843881928338874,9988.HK
2026-05-06,0.010512467229988331,9988.HK
2026-05-07,0.033105719994231286,9988.HK
2026-05-08,-0.004803592851651217,9988.HK
2026-05-11,-0.03787798781018825,9988.HK
2026-05-12,-0.002256864815305626,9988.HK
2026-05-13,-0.005295012763631313,9988.HK
2026-05-14,0.037661716982118065,9988.HK
2026-05-15,-0.02516990283454401,9988.HK
2026-05-18,0.006591794740224977,9988.HK
2026-05-19,0.007309224779610268,9988.HK
2026-05-20,-0.00485428027288215,9988.HK
2026-05-21,-0.035393198135865944,9988.HK
2026-05-22,-0.000704362884815346,9988.HK
2026-05-26,0.004970288144201085,9988.HK
2026-05-27,-0.015551090291404002,9988.HK
2026-05-28,-0.007520258392667678,9988.HK
2026-05-29,-0.014439388874121661,9988.HK
2026-06-01,0.007060738849363979,9988.HK
2026-06-02,0.03898472182009538,9988.HK
2026-06-03,-0.017720555711534303,9988.HK
2026-06-04,-0.009863370534472615,9988.HK
2026-06-05,0.00266143248490458,9988.HK
2026-06-08,-0.0175635995939718,9988.HK
2026-06-09,-0.01070925084284724,9988.HK
2026-06-10,-0.023653931630049918,9988.HK
2026-06-11,-0.04872059356700742,9988.HK
2026-06-12,0.0065882196962157025,9988.HK
2026-06-15,-0.013227428998343171,9988.HK
2026-06-16,-0.007130968959878636,9988.HK
2026-06-17,0.006514471096252805,9988.HK
2026-06-18,-0.0028256779064852466,9988.HK
2026-06-22,-0.012695849952797822,9988.HK
2026-06-23,-0.020790221098616612,9988.HK
2026-06-24,0.0012903023816948078,9988.HK
2026-06-25,-0.03085140829494737,9988.HK
2026-06-26,-0.04193018936546,9988.HK
2026-06-29,0.02283181813906765,9988.HK
2026-06-30,0.004731582838346071,9988.HK
2026-07-02,0.010038352189562616,9988.HK
2026-07-03,-0.016956106525827686,9988.HK
2026-07-06,0.008129387376307307,9988.HK
2026-07-07,0.003505439312381675,9988.HK
2026-07-08,0.08576587169684746,9988.HK
2026-07-09,0.011660209808581179,9988.HK
2026-07-10,0.01415219966952641,9988.HK
2026-07-13,0.002931469006862031,9988.HK
2026-07-14,-0.00432866474249316,9988.HK
2026-07-15,0.009307948324309478,9988.HK
2026-07-16,0.01721547940686019,9988.HK
2026-07-17,-0.019467743156282857,9988.HK
2026-07-20,0.013250160761564267,9988.HK
2026-07-21,0.002138949510530175,9988.HK
2026-07-22,-0.019909992872775284,9988.HK
2026-07-23,-0.001321200027855518,9988.HK
2026-07-24,-0.03371290081725942,9988.HK
2026-07-27,-0.0006750656951872713,9988.HK
2026-07-28,0.00486439003180017,9988.HK
2026-07-29,-0.005263654853120414,9988.HK
2026-07-30,-0.017944581808159832,9988.HK
2026-07-31,0.044474824724426654,9988.HK
2026-08-03,0.062922090894169,9988.HK
2026-08-04,0.010815409462407999,9988.HK
2026-08-05,0.015687833852604527,9988.HK
2026-08-06,-0.0143206300142662,9988.HK
2026-08-07,-0.010215857793142824,9988.HK
2026-08-10,0.012711478119593167,9988.HK
2026-08-11,0.008665332752781474,9988.HK
2026-08-12,-0.022200381221050947,9988.HK
2026-08-13,-0.0040082980634217336,9988.HK
2026-08-14,-0.00547014055988182,9988.HK
2026-08-17,0.005697198219618116,9988.HK
2026-08-18,0.03545925589049048,9988.HK
2026-08-19,-0.020867576243281505,9988.HK
2024-01-02,,3067.HK
2024-01-03,-0.008370055849692637,3067.HK
2024-01-04,0.0006802023083154474,3067.HK
2024-01-05,-0.009816333333938498,3067.HK
2024-01-08,-0.014142302697522924,3067.HK
2024-01-09,-0.001317949382196204,3067.HK
2024-01-10,-0.00465408466807693,3067.HK
2024-01-11,0.011457543019373295,3067.HK
2024-01-12,-0.006725452707613266,3067.HK
2024-01-15,-0.00032344620042068506,3067.HK
2024-01-16,-0.018202213113130528,3067.HK
2024-01-17,-0.0174311517532999,3067.HK
2024-01-18,0.001557423124576962,3067.HK
2024-01-19,-0.0036361830672555495,3067.HK
2024-01-22,-0.012508364429877128,3067.HK
2024-01-23,0.011068272481983277,3067.HK
2024-01-24,0.005825304358628713,3067.HK
2024-01-25,-0.012202362215787188,3067.HK
2024-01-26,-0.022810638434865194,3067.HK
2024-01-29,0.0004061500945247154,3067.HK
2024-01-30,-0.012815946640670983,3067.HK
2024-01-31,-0.017321871557607782,3067.HK
2024-02-01,0.01680466491577226,3067.HK
2024-02-02,-0.005712910996462206,3067.HK
2024-02-05,-0.0024120760526855634,3067.HK
2024-02-06,0.03105021939469732,3067.HK
2024-02-07,-0.014352213797908853,3067.HK
2024-02-08,0.004505778946763073,3067.HK
2024-02-09,-0.004568130918258584,3067.HK
2024-02-14,0.01497271024468061,3067.HK
2024-02-15,0.0025833221169671017,3067.HK
2024-02-16,0.011135670671819753,3067.HK
2024-02-19,-0.015437793627819829,3067.HK
2024-02-20,-0.004938835803958819,3067.HK
2024-02-21,0.014718574168548715,3067.HK
2024-02-22,0.0010970792369489057,3067.HK
2024-02-23,-0.0003802910645951396,3067.HK
2024-02-26,0.0012462075219217272,3067.HK
2024-02-27,0.023906268384716878,3067.HK
2024-02-28,-0.003323807255588118,3067.HK
2024-02-29,0.00014901530893163262,3067.HK
2024-03-01,0.007718196107768582,3067.HK
2024-03-04,-0.004520210027398441,3067.HK
2024-03-05,-0.015772596068470035,3067.HK
2024-03-06,0.010053247103452678,3067.HK
2024-03-07,0.0007856477111312099,3067.HK
2024-03-08,-0.0019376613262960252,3067.HK
2024-03-11,0.012190317429151776,3067.HK
2024-03-12,0.016849325153101002,3067.HK
2024-03-13,0.00523740726054811,3067.HK
2024-03-14,-0.008020914489773379,3067.HK
2024-03-15,-0.0023760049580119347,3067.HK
2024-03-18,0.011726443388125452,3067.HK
2024-03-19,-0.004256153089020831,3067.HK
2024-03-20,-0.00014693160163803398,3067.HK
2024-03-21,-0.006421386733442613,3067.HK
2024-03-22,-0.01139013386281107,3067.HK
2024-03-25,-0.006037972472381803,3067.HK
2024-03-26,0.00023693986084194485,3067.HK
2024-03-27,-0.01000038668313441,3067.HK
2024-03-28,0.020125646100679795,3067.HK
2024-04-02,-0.012424968646240542,3067.HK
2024-04-03,-0.00479308843308246,3067.HK
2024-04-05,-0.0006178931999809567,3067.HK
2024-04-08,-0.003292472592508533,3067.HK
2024-04-09,0.0025785649790304177,3067.HK
2024-04-10,0.004033068700344256,3067.HK
2024-04-11,-0.006166715521414234,3067.HK
2024-04-12,0.0077902165715848515,3067.HK
2024-04-15,-0.00029176722035506586,3067.HK
2024-04-16,-0.010882505518049701,3067.HK
2024-04-17,0.00267236480296118,3067.HK
2024-04-18,-0.009636610172768512,3067.HK
2024-04-19,-0.007322861789362367,3067.HK
2024-04-22,-0.0031795103514864476,3067.HK
2024-04-23,0.01398936701093656,3067.HK
2024-04-24,0.011418627132487424,3067.HK
2024-04-25,-0.0028259229993194968,3067.HK
2024-04-26,0.02018037587317023,3067.HK
2024-04-29,-0.011833046074981812,3067.HK
2024-04-30,0.0016660555334189198,3067.HK
2024-05-02,0.018079762369440644,3067.HK
2024-05-03,0.01207815745150409,3067.HK
2024-05-06,0.0052076293575002985,3067.HK
2024-05-07,-0.016850559335513715,3067.HK
2024-05-08,-0.006895879930958859,3067.HK
2024-05-09,0.008577889702950703,3067.HK
2024-05-10,-0.017896745693115168,3067.HK
2024-05-13,0.004583035626287479,3067.HK
2024-05-14,0.008668586408251855,3067.HK
2024-05-16,-0.008705143247998315,3067.HK
2024-05-17,0.0031156631483599817,3067.HK
2024-05-20,-0.0007538381216907197,3067.HK
2024-05-21,-0.0161708034777992,3067.HK
2024-05-22,0.003692019802013835,3067.HK
2024-05-23,-0.005758113590263125,3067.HK
2024-05-24,-0.013993809872307139,3067.HK
2024-05-27,0.00822025453571662,3067.HK
2024-05-28,-0.002752751396697839,3067.HK
2024-05-29,-0.002126287297965934,3067.HK
2024-05-30,0.008394534119637864,3067.HK
2024-05-31,-0.0038116205034675055,3067.HK
2024-06-03,0.0025741650987525233,3067.HK
2024-06-04,0.0009065005625723543,3067.HK
2024-06-05,0.0029155628514847542,3067.HK
2024-06-06,0.005282462743951388,3067.HK
2024-06-07,-0.012810874704434205,3067.HK
2024-06-11,0.009164617565643685,3067.HK
2024-06-12,-0.0034161039687568007,3067.HK
2024-06-13,0.003751752904974648,3067.HK
2024-06-14,0.001814651139093737,3067.HK
2024-06-17,-0.0022519262441287324,3067.HK
2024-06-18,0.0011474144259633334,3067.HK
2024-06-19,0.005162545044047562,3067.HK
2024-06-20,-0.0130163468401574,3067.HK
2024-06-21,0.0015679737870617494,3067.HK
2024-06-24,-0.007697161190415969,3067.HK
2024-06-25,-0.011612186973986915,3067.HK
2024-06-26,0.010108068267142833,3067.HK
2024-06-27,-0.005999780329326576,3067.HK
2024-06-28,-0.009460404707349435,3067.HK
2024-07-02,-0.006877391274686451,3067.HK
2024-07-03,0.016154462606653208,3067.HK
2024-07-04,0.0018097000551131615,3067.HK
2024-07-05,-0.001010114197429246,3067.HK
2024-07-08,0.004977385503860177,3067.HK
2024-07-09,0.0053736611045134275,3067.HK
2024-07-10,0.009564790387368127,3067.HK
2024-07-11,0.00496795517048243,3067.HK
2024-07-12,-0.003896880142294723,3067.HK
2024-07-15,-0.01409391548504324,3067.HK
2024-07-16,0.0010943789305213336,3067.HK
2024-07-17,0.012427649964977139,3067.HK
2024-07-18,-0.013296469002278322,3067.HK
2024-07-19,-0.0054418542542096215,3067.HK
2024-07-22,0.010861308533231417,3067.HK
2024-07-23,-0.008447656980063334,3067.HK
2024-07-24,-0.007794584875235655,3067.HK
2024-07-25,0.00034855585595128247,3067.HK
2024-07-26,0.009690410667800187,3067.HK
2024-07-29,-0.009928246073127145,3067.HK
2024-07-30,-0.002812160136917763,3067.HK
2024-07-31,0.012286941135921658,3067.HK
2024-08-01,-0.010598001415698555,3067.HK
2024-08-02,-0.006693081171443849,3067.HK
2024-08-05,0.0005580148982795574,3067.HK
2024-08-06,0.005902960374737587,3067.HK
2024-08-07,-0.0073851077994224745,3067.HK
2024-08-08,-0.0022388053739115232,3067.HK
2024-08-09,0.01136077654496681,3067.HK
2024-08-12,-0.005401895622344943,3067.HK
2024-08-13,-0.003640596824460829,3067.HK
2024-08-14,-0.002715872817621534,3067.HK
2024-08-15,-0.006049445398330633,3067.HK
2024-08-16,0.0029320003403809913,3067.HK
2024-08-19,0.007706837354812146,3067.HK
2024-08-20,-0.0054939514250242905,3067.HK
2024-08-21,-0.006856068772327362,3067.HK
2024-08-22,0.008292728034606567,3067.HK
2024-08-23,-0.011290229259403262,3067.HK
2024-08-26,-0.002355297748880991,3067.HK
2024-08-27,-0.0035784237436884414,3067.HK
2024-08-28,-0.00549084464276306,3067.HK
2024-08-29,-0.0011623418318738032,3067.HK
2024-08-30,0.019769942222342074,3067.HK
2024-09-02,-0.007606540425900032,3067.HK
2024-09-03,0.0029726017532198945,3067.HK
2024-09-04,0.01037812068198063,3067.HK
2024-09-05,-0.001985044646145573,3067.HK
2024-09-09,0.003276043637603143,3067.HK
2024-09-10,0.0019841018894766194,3067.HK
2024-09-11,0.00867806996519982,3067.HK
2024-09-12,-0.0028643889863959604,3067.HK
2024-09-13,-0.004020780937400659,3067.HK
2024-09-16,-0.0003237097796706667,3067.HK
2024-09-17,-0.0007202590845434287,3067.HK
2024-09-19,0.011928368615041984,3067.HK
2024-09-20,-0.0018888263570993047,3067.HK
2024-09-23,0.0006278988899630633,3067.HK
2024-09-24,0.017018046200588,3067.HK
2024-09-25,-0.006135241120722501,3067.HK
2024-09-26,0.032367232701518756,3067.HK
2024-09-27,0.022098065958851443,3067.HK
2024-09-30,0.03846172586467844,3067.HK
2024-10-02,0.021515105029077386,3067.HK
2024-10-03,-0.02181856977768648,3067.HK
2024-10-04,0.028934062149671647,3067.HK
2024-10-07,0.008283718802398088,3067.HK
2024-10-08,-0.04220537446789674,3067.HK
2024-10-09,0.002177215349527639,3067.HK
2024-10-10,-0.006480411090634686,3067.HK
2024-10-14,-0.006655124295241954,3067.HK
2024-10-15,-0.009568066823427479,3067.HK
2024-10-16,-0.007010667936024895,3067.HK
2024-10-17,-0.004907538510974696,3067.HK
2024-10-18,0.02244681839601892,3067.HK
2024-10-21,-0.008786784134208858,3067.HK
2024-10-22,0.003750621910310059,3067.HK
2024-10-23,0.009729333224357983,3067.HK
2024-10-24,-0.015083363398487926,3067.HK
2024-10-25,0.008260043897749814,3067.HK
2024-10-28,0.008400247080821543,3067.HK
2024-10-29,0.0017843848931917705,3067.HK
2024-10-30,-0.0088834394928341,3067.HK
2024-10-31,0.0031112410201679097,3067.HK
2024-11-01,-0.015082863470422314,3067.HK
2024-11-04,0.008628917185959928,3067.HK
2024-11-05,0.013895803580332267,3067.HK
2024-11-06,-0.0036031558698934596,3067.HK
2024-11-07,0.0015920482581956996,3067.HK
2024-11-08,0.011311998636702292,3067.HK
2024-11-11,0.014131941747263177,3067.HK
2024-11-12,-0.02018641870286242,3067.HK
2024-11-13,0.0027826334553515686,3067.HK
2024-11-14,-0.012224048917736763,3067.HK
2024-11-15,0.003785776056311807,3067.HK
2024-11-18,-0.0038708281862489535,3067.HK
2024-11-19,0.007519184367657861,3067.HK
2024-11-20,0.0016746508293521423,3067.HK
2024-11-21,-0.006624648515106468,3067.HK
2024-11-22,-0.007375618691811692,3067.HK
2024-11-25,-0.0003686866708458858,3067.HK
2024-11-26,-0.0026782123087123466,3067.HK
2024-11-27,0.014667211360196664,3067.HK
2024-11-28,-0.003180129063150794,3067.HK
2024-11-29,0.006396938803542529,3067.HK
2024-12-02,0.004351229528141154,3067.HK
2024-12-03,-0.004058402474993006,3067.HK
2024-12-04,-0.005183688004692932,3067.HK
2024-12-05,5.0812120166110475e-05,3067.HK
2024-12-06,0.007112949096967469,3067.HK
2024-12-09,0.015670327401750228,3067.HK
2024-12-10,-0.00783432759519087,3067.HK
2024-12-11,-0.004804868617992231,3067.HK
2024-12-12,0.0005909098958380987,3067.HK
2024-12-13,-0.008378911968853764,3067.HK
2024-12-16,-0.004064254978660031,3067.HK
2024-12-17,-0.0006148699188610607,3067.HK
2024-12-18,0.009501275218816385,3067.HK
2024-12-19,0.0008344025472468708,3067.HK
2024-12-20,0.0032216097870025884,3067.HK
2024-12-23,-0.0060603173899478335,3067.HK
2024-12-24,0.0009392142274093906,3067.HK
2024-12-27,0.006189675469851608,3067.HK
2024-12-30,-0.004943918664181091,3067.HK
2024-12-31,-0.006234748702941939,3067.HK
2025-01-02,-0.00716888266685034,3067.HK
2025-01-03,0.003408110200607606,3067.HK
2025-01-06,0.003106602749154419,3067.HK
2025-01-07,0.0024813131369474384,3067.HK
2025-01-08,-0.0023627856084265098,3067.HK
2025-01-09,0.004790000542117756,3067.HK
2025-01-10,-0.0030151032205258943,3067.HK
2025-01-13,-0.0006651177281304932,3067.HK
2025-01-14,0.01358381931468644,3067.HK
2025-01-15,-0.0023478916877328615,3067.HK
2025-01-16,-0.0002349241607100261,3067.HK
2025-01-17,0.011368594333445614,3067.HK
2025-01-20,0.009003555855544132,3067.HK
2025-01-21,0.013050758546970354,3067.HK
2025-01-22,-0.010849645033471411,3067.HK
2025-01-23,-0.008114741679433823,3067.HK
2025-01-24,0.010764319138011569,3067.HK
2025-01-27,-0.00039774303340900374,3067.HK
2025-01-28,0.007784516606907932,3067.HK
2025-02-03,0.002407250001010386,3067.HK
2025-02-04,0.021744729191021772,3067.HK
2025-02-05,0.0016133487428016124,3067.HK
2025-02-06,0.010635744085187415,3067.HK
2025-02-07,0.0071789596410645196,3067.HK
2025-02-10,0.00828417201113707,3067.HK
2025-02-11,-0.01774211136058268,3067.HK
2025-02-12,0.0013514383006354436,3067.HK
2025-02-13,-0.007982942852474917,3067.HK
2025-02-14,0.01524098908111915,3067.HK
2025-02-17,-0.0015518306040260832,3067.HK
2025-02-18,0.00902297802827734,3067.HK
2025-02-19,0.005639764342559417,3067.HK
2025-02-20,-0.013793424338659044,3067.HK
2025-02-21,0.023943021765689743,3067.HK
2025-02-24,-0.006477469507858213,3067.HK
2025-02-25,-0.0033739412200728403,3067.HK
2025-02-26,0.01209974851388651,3067.HK
2025-02-27,-0.015699726707133266,3067.HK
2025-02-28,-0.016137641484605503,3067.HK
2025-03-03,-0.010589182992254642,3067.HK
2025-03-04,0.0062647843546388415,3067.HK
2025-03-05,0.01253817767761145,3067.HK
2025-03-06,0.016174395774274153,3067.HK
2025-03-07,0.001741620664794219,3067.HK
2025-03-10,-0.007030040323099396,3067.HK
2025-03-11,0.019380952093962733,3067.HK
2025-03-12,-0.009213143785453237,3067.HK
2025-03-13,-0.017950779949482687,3067.HK
2025-03-14,0.004446497558186824,3067.HK
2025-03-17,-0.010148135974554773,3067.HK
2025-03-18,0.012314046879646323,3067.HK
2025-03-19,-0.007514405961975168,3067.HK
2025-03-20,-0.01439002709083459,3067.HK
2025-03-21,-0.01193519225279216,3067.HK
2025-03-24,0.005198106257663593,3067.HK
2025-03-25,-0.010141095824022894,3067.HK
2025-03-26,7.658457967618659e-05,3067.HK
2025-03-27,-0.0006358671943615946,3067.HK
2025-03-28,-0.00901490523906423,3067.HK
2025-03-31,-0.007842733908448807,3067.HK
2025-04-01,-0.0011135111852973445,3067.HK
2025-04-02,0.0072280478249555635,3067.HK
2025-04-03,-0.01315321945472947,3067.HK
2025-04-07,-0.043019207896680456,3067.HK
2025-04-08,0.024923757131037227,3067.HK
2025-04-09,0.015408912204283087,3067.HK
2025-04-10,0.010759597115729047,3067.HK
2025-04-11,0.0025540316467251856,3067.HK
2025-04-14,0.00034570576343950776,3067.HK
2025-04-15,-0.006095996082523314,3067.HK
2025-04-16,-0.019740586003311744,3067.HK
2025-04-17,0.003754026933620924,3067.HK
2025-04-22,0.0019157462906780331,3067.HK
2025-04-23,-0.0004887502217978401,3067.HK
2025-04-24,-0.0020729358596174308,3067.HK
2025-04-25,-0.006095727808997697,3067.HK
2025-04-28,0.00039948839355474774,3067.HK
2025-04-29,0.006915481025366432,3067.HK
2025-04-30,0.008125793626722722,3067.HK
2025-05-02,0.014918994124733853,3067.HK
2025-05-06,-0.013352703225789408,3067.HK
2025-05-07,-0.003109351342799105,3067.HK
2025-05-08,-0.0009631896292234821,3067.HK
2025-05-09,-0.01408285855619118,3067.HK
2025-05-12,0.017311355899602976,3067.HK
2025-05-13,-0.007755806480224781,3067.HK
2025-05-14,-0.004034941344809084,3067.HK
2025-05-15,-0.008979604442335809,3067.HK
2025-05-16,0.00282008394595179,3067.HK
2025-05-19,-0.006705001360554963,3067.HK
2025-05-20,0.0013652436585944727,3067.HK
2025-05-21,-0.0017043848796851613,3067.HK
2025-05-22,-0.005969769455695051,3067.HK
2025-05-23,-0.006042324837538082,3067.HK
2025-05-26,-0.00011235788692109949,3067.HK
2025-05-27,-0.0005948501651804605,3067.HK
2025-05-28,0.002547422296926616,3067.HK
2025-05-29,0.012873666861779487,3067.HK
2025-05-30,-0.012386952984555055,3067.HK
2025-06-02,-0.004477270712851755,3067.HK
2025-06-03,-0.0032055667898807094,3067.HK
2025-06-04,0.000393869633231958,3067.HK
2025-06-05,0.0074145650123012,3067.HK
2025-06-06,-0.003284714568647207,3067.HK
2025-06-09,0.01403851137284029,3067.HK
2025-06-10,-0.007151292059200731,3067.HK
2025-06-11,0.0038815638021274523,3067.HK
2025-06-12,-0.007464532315680117,3067.HK
2025-06-13,-0.009307670370797272,3067.HK
2025-06-16,0.0037764361213357134,3067.HK
2025-06-17,0.0006698646379708073,3067.HK
2025-06-18,-0.0040712545486476515,3067.HK
2025-06-19,-0.002904797472616405,3067.HK
2025-06-20,-0.008794597782986191,3067.HK
2025-06-23,0.005289749174168801,3067.HK
2025-06-24,-0.0012882315952653656,3067.HK
2025-06-25,0.0029652027261248826,3067.HK
2025-06-26,0.002562032589073393,3067.HK
2025-06-27,0.0016971977415423112,3067.HK
2025-06-30,0.0034057592811480575,3067.HK
2025-07-02,-0.012462475323864908,3067.HK
2025-07-03,-0.0018678984595785764,3067.HK
2025-07-04,0.006413513679410343,3067.HK
2025-07-07,0.0011810951645436774,3067.HK
2025-07-08,0.008949423237890386,3067.HK
2025-07-09,-0.007322570365247749,3067.HK
2025-07-10,-0.007492905180364495,3067.HK
2025-07-11,0.002622572895183861,3067.HK
2025-07-14,0.0009629752400233116,3067.HK
2025-07-15,0.009867153980043675,3067.HK
2025-07-16,0.0011940982380567178,3067.HK
2025-07-17,0.006016904199873885,3067.HK
2025-07-18,0.004053837015585593,3067.HK
2025-07-21,0.0009254870976174168,3067.HK
2025-07-22,-0.0037214037527761867,3067.HK
2025-07-23,0.010717973727296215,3067.HK
2025-07-24,-0.0066985477377281555,3067.HK
2025-07-25,0.0009309892861972813,3067.HK
2025-07-28,-0.008496573398034002,3067.HK
2025-07-29,-0.0027247409312254334,3067.HK
2025-07-30,-0.0101425014226737,3067.HK
2025-07-31,0.0066323465917323965,3067.HK
2025-08-01,0.0011561704489015945,3067.HK
2025-08-04,0.003930221226004171,3067.HK
2025-08-05,0.0009625533347126236,3067.HK
2025-08-06,0.0031111730040453978,3067.HK
2025-08-07,-0.006841085441099182,3067.HK
2025-08-08,-0.003156326949721233,3067.HK
2025-08-11,-0.0027971714511951795,3067.HK
2025-08-12,-0.005130842469004637,3067.HK
2025-08-13,0.00625759646379942,3067.HK
2025-08-14,-0.003083541513596355,3067.HK
2025-08-15,0.0029949326100613405,3067.HK
2025-08-18,0.009666001934300006,3067.HK
2025-08-19,-0.00468089785268111,3067.HK
2025-08-20,-0.004283488370874,3067.HK
2025-08-21,-0.002723470778738246,3067.HK
2025-08-22,0.014572745252310781,3067.HK
2025-08-25,0.013960228278685705,3067.HK
2025-08-26,0.004515859985660509,3067.HK
2025-08-27,-0.0021472231174479717,3067.HK
2025-08-28,-0.00028311423207627584,3067.HK
2025-08-29,0.0027180117862957154,3067.HK
2025-09-01,-0.001444992290030811,3067.HK
2025-09-02,-0.005974756118307667,3067.HK
2025-09-03,-0.003123983448409362,3067.HK
2025-09-04,-0.005543510084248471,3067.HK
2025-09-05,0.0034412848761768977,3067.HK
2025-09-08,0.001507647428706349,3067.HK
2025-09-09,0.0021537840596992375,3067.HK
2025-09-10,0.0029004436729818117,3067.HK
2025-09-11,0.002747880983266615,3067.HK
2025-09-12,0.005275906392439023,3067.HK
2025-09-15,0.008037719627420614,3067.HK
2025-09-16,0.0034368267928868157,3067.HK
2025-09-17,0.025236308187264633,3067.HK
2025-09-18,0.0030600848428847804,3067.HK
2025-09-19,0.0007473026309838815,3067.HK
2025-09-22,0.005327393537060576,3067.HK
2025-09-23,-0.007461524085097704,3067.HK
2025-09-24,0.009164253584067694,3067.HK
2025-09-25,0.009518474390287412,3067.HK
2025-09-26,0.001548132279384884,3067.HK
2025-09-29,-0.012736320614876728,3067.HK
2025-09-30,0.0135543113811889,3067.HK
2025-10-02,0.01866859068988802,3067.HK
2025-10-03,-0.0067491527518339645,3067.HK
2025-10-06,-0.0033228080325637954,3067.HK
2025-10-08,0.004770977647080343,3067.HK
2025-10-09,-0.008792585321916402,3067.HK
2025-10-10,-0.017634749025448926,3067.HK
2025-10-13,-0.0014815901190341485,3067.HK
2025-10-14,-0.016307467389499397,3067.HK
2025-10-15,0.004622392408796028,3067.HK
2025-10-16,-0.01013621011165089,3067.HK
2025-10-17,-0.020117536474157482,3067.HK
2025-10-20,0.00695595377365521,3067.HK
2025-10-21,0.005434571812637845,3067.HK
2025-10-22,-0.0024500749377946995,3067.HK
2025-10-23,-0.00399923567962146,3067.HK
2025-10-27,0.02565165629372501,3067.HK
2025-10-28,-0.00907569757509652,3067.HK
2025-10-30,-0.0038436742932064227,3067.HK
2025-10-31,-0.006993147657703869,3067.HK
2025-11-03,-0.010470633450365696,3067.HK
2025-11-04,-0.01071181762802409,3067.HK
2025-11-05,0.0006548834804611658,3067.HK
2025-11-06,0.0016148439248433455,3067.HK
2025-11-07,-0.007657628207955902,3067.HK
2025-11-10,-0.004090517218947376,3067.HK
2025-11-11,0.0006314713939685745,3067.HK
2025-11-12,-0.006840455221694963,3067.HK
2025-11-13,0.00477920531033682,3067.HK
2025-11-14,-0.01025499884119574,3067.HK
2025-11-17,-0.0035445143903811704,3067.HK
2025-11-18,-0.002600808553956835,3067.HK
2025-11-19,-0.002059735335718571,3067.HK
2025-11-20,-0.005275157318616941,3067.HK
2025-11-21,-0.013103556897051671,3067.HK
2025-11-24,0.00919045633420712,3067.HK
2025-11-25,0.00756244904416592,3067.HK
2025-11-26,-0.0004497589063299223,3067.HK
2025-11-27,-0.0006881908747793375,3067.HK
2025-11-28,0.0016710719111929784,3067.HK
2025-12-01,-0.0008207908316091306,3067.HK
2025-12-02,-0.004894855463236425,3067.HK
2025-12-03,-0.0040983731809887125,3067.HK
2025-12-04,0.006840368231677996,3067.HK
2025-12-05,0.0010042848452598285,3067.HK
2025-12-08,0.014018956179464581,3067.HK
2025-12-09,-0.006631720314422385,3067.HK
2025-12-10,0.00010582785365453873,3067.HK
2025-12-11,-0.006464808884589779,3067.HK
2025-12-12,0.0005970074559500382,3067.HK
2025-12-15,-0.011357138263245137,3067.HK
2025-12-16,-0.0029095642708001357,3067.HK
2025-12-17,0.0013397158361487804,3067.HK
2025-12-18,-0.008169355299193715,3067.HK
2025-12-19,0.0038614245796071422,3067.HK
2025-12-22,0.004344936653893239,3067.HK
2025-12-23,-0.005855039770772397,3067.HK
2025-12-24,-0.0008677913966796957,3067.HK
2025-12-29,0.005402676488459157,3067.HK
2025-12-30,0.007865780084059804,3067.HK
2025-12-31,-0.004210534725964443,3067.HK
2026-01-02,0.01350664728908102,3067.HK
2026-01-05,0.0021598087741909744,3067.HK
2026-01-06,-0.0013200504498338539,3067.HK
2026-01-07,-0.003741099872056175,3067.HK
2026-01-08,0.0009155548329320418,3067.HK
2026-01-09,-0.0023098759564130766,3067.HK
2026-01-12,0.01549625162628665,3067.HK
2026-01-13,-0.007351505776660439,3067.HK
2026-01-14,-0.0007548405502650901,3067.HK
2026-01-15,-0.007747599113864467,3067.HK
2026-01-16,0.0004698314029618622,3067.HK
2026-01-19,-0.0018462974623223438,3067.HK
2026-01-20,-0.0079671341268015,3067.HK
2026-01-21,0.007170875573680124,3067.HK
2026-01-22,0.0007990018978900615,3067.HK
2026-01-23,0.00047541402939188515,3067.HK
2026-01-26,-0.011364486608100854,3067.HK
2026-01-27,-0.009258624432880058,3067.HK
2026-01-28,-0.0025240690999370763,3067.HK
2026-01-29,-0.013197440575263286,3067.HK
2026-01-30,0.0003554614837431025,3067.HK
2026-02-02,-0.012210958761098567,3067.HK
2026-02-03,-0.011753012068645763,3067.HK
2026-02-04,-0.01894590798832496,3067.HK
2026-02-05,0.0039029707599764762,3067.HK
2026-02-06,0.0015157486436758738,3067.HK
2026-02-09,-0.004133863179351938,3067.HK
2026-02-10,0.0003934150608948528,3067.HK
2026-02-11,0.006528937674902036,3067.HK
2026-02-12,-0.008002817266910878,3067.HK
2026-02-13,0.00850947457834117,3067.HK
2026-02-16,-0.004322358922302261,3067.HK
2026-02-20,-0.016012247078737385,3067.HK
2026-02-23,0.004695349836794982,3067.HK
2026-02-24,-0.002282045622579165,3067.HK
2026-02-25,-0.008386375190782225,3067.HK
2026-02-26,-0.014963724907216314,3067.HK
2026-02-27,-0.0038272022189564936,3067.HK
2026-03-02,-0.006587641729652649,3067.HK
2026-03-03,-0.014867067734936956,3067.HK
2026-03-04,0.012456890627380535,3067.HK
2026-03-05,-0.006802329757685577,3067.HK
2026-03-06,0.011293610985835478,3067.HK
2026-03-09,0.007832758632398296,3067.HK
2026-03-10,0.006268869913303998,3067.HK
2026-03-11,0.0014141096500126515,3067.HK
2026-03-12,0.0023195372194555475,3067.HK
2026-03-13,-0.000676837378600581,3067.HK
2026-03-16,0.012127886382045094,3067.HK
2026-03-17,0.0005303134593694914,3067.HK
2026-03-18,-0.0069785607878305456,3067.HK
2026-03-19,-0.004180168638285409,3067.HK
2026-03-20,-0.0075922794410856476,3067.HK
2026-03-23,-0.003605262736410708,3067.HK
2026-03-24,-0.003579411088791229,3067.HK
2026-03-25,0.0077791166098193365,3067.HK
2026-03-26,-0.012390791580660476,3067.HK
2026-03-27,0.00015927198340648374,3067.HK
2026-03-30,-0.01101378187032731,3067.HK
2026-03-31,-0.0076180096380853435,3067.HK
2026-04-01,-0.0019838754082401877,3067.HK
2026-04-02,-0.006082679595892593,3067.HK
2026-04-08,0.022014035544100974,3067.HK
2026-04-09,-0.017970107254836165,3067.HK
2026-04-10,0.0014207333118512189,3067.HK
2026-04-13,0.0011529625963881962,3067.HK
2026-04-14,-0.0003331654774165749,3067.HK
2026-04-15,0.008801371519613355,3067.HK
2026-04-16,0.02001594494173098,3067.HK
2026-04-17,-0.002365304784202049,3067.HK
2026-04-20,-0.003874139198416504,3067.HK
2026-04-21,-0.004783873747175704,3067.HK
2026-04-22,-0.004761437832005999,3067.HK
2026-04-23,-0.012729607169641,3067.HK
2026-04-24,0.005374209254942475,3067.HK
2026-04-27,0.011681747120152686,3067.HK
2026-04-28,-0.01480314479692968,3067.HK
2026-04-29,-0.0010442900774232378,3067.HK
2026-04-30,0.008063007941637057,3067.HK
2026-05-04,0.006992480547664659,3067.HK
2026-05-05,-0.0049179813232700376,3067.HK
2026-05-06,-0.003421156797074776,3067.HK
2026-05-07,0.016495060651250615,3067.HK
2026-05-08,0.005980849851096703,3067.HK
2026-05-11,-0.0004973018775871196,3067.HK
2026-05-12,-0.004311008854686271,3067.HK
2026-05-13,0.004075722268814808,3067.HK
2026-05-14,-0.00657404638369341,3067.HK
2026-05-15,-0.010356174368122861,3067.HK
2026-05-18,-0.008337481824035375,3067.HK
2026-05-19,0.0011159320035298848,3067.HK
2026-05-20,0.006681000144910243,3067.HK
2026-05-21,-0.010352126053236432,3067.HK
2026-05-22,0.01015649841129962,3067.HK
2026-05-26,0.01771616536678655,3067.HK
2026-05-27,0.002929194912494104,3067.HK
2026-05-28,0.008913905267739164,3067.HK
2026-05-29,-0.009945293233183161,3067.HK
2026-06-01,0.008876052609085416,3067.HK
2026-06-02,0.022847654843832554,3067.HK
2026-06-03,-0.012124744287476119,3067.HK
2026-06-04,-0.001178468421882517,3067.HK
2026-06-05,-0.007678800435291677,3067.HK
2026-06-08,-0.01335310956573954,3067.HK
2026-06-09,0.0076920103450972555,3067.HK
2026-06-10,-0.0055621733666191275,3067.HK
2026-06-11,-0.0071664025319662095,3067.HK
2026-06-12,-0.008990886916419694,3067.HK
2026-06-15,0.009520502071580506,3067.HK
2026-06-16,-0.010058085643176895,3067.HK
2026-06-17,0.00948815940341241,3067.HK
2026-06-18,0.0011847917907519268,3067.HK
2026-06-22,-0.003313652284422819,3067.HK
2026-06-23,-0.01508089186270567,3067.HK
2026-06-24,0.014405046789819131,3067.HK
2026-06-25,-0.00161078186620367,3067.HK
2026-06-26,-0.01571046419124933,3067.HK
2026-06-29,0.015191931779456436,3067.HK
2026-06-30,0.02560806953091621,3067.HK
2026-07-02,-0.013422659021558925,3067.HK
2026-07-03,-0.002109809640995497,3067.HK
2026-07-06,-0.0018908672994184528,3067.HK
2026-07-07,-0.002797928236515368,3067.HK
2026-07-08,0.020355453205228802,3067.HK
2026-07-09,0.005515754773950832,3067.HK
2026-07-10,-0.007017481357027844,3067.HK
2026-07-13,-0.011184270171482158,3067.HK
2026-07-14,-0.0026993084695994263,3067.HK
2026-07-15,-0.0038212018620535915,3067.HK
2026-07-16,0.005176287703759996,3067.HK
2026-07-17,-0.024678460126031254,3067.HK
2026-07-20,0.003459061370117311,3067.HK
2026-07-21,0.014317162947087958,3067.HK
2026-07-22,-0.02042172492272032,3067.HK
2026-07-23,-0.0076366806112480035,3067.HK
2026-07-24,-0.004885801276565349,3067.HK
2026-07-27,0.00553476616982973,3067.HK
2026-07-28,0.00243667761449462,3067.HK
2026-07-29,0.007272710089598178,3067.HK
2026-07-30,-0.011786242209044673,3067.HK
2026-07-31,0.0039312519783223365,3067.HK
2026-08-03,0.0039770193970745105,3067.HK
2026-08-04,0.007978154930281978,3067.HK
2026-08-05,0.007231801542578076,3067.HK
2026-08-06,-0.0063922944032670515,3067.HK
2026-08-07,0.0004955060359073116,3067.HK
2026-08-10,0.005060971988116059,3067.HK
2026-08-11,-0.008382165668010977,3067.HK
2026-08-12,-0.0035103450089342125,3067.HK
2026-08-13,0.004689407987276795,3067.HK
2026-08-14,-0.005885186935051134,3067.HK
2026-08-17,0.0026647343782935096,3067.HK
2026-08-19,-0.021949939198475654,3067.HK
2024-01-02,,0981.HK
2024-01-03,-0.015494364433783936,0981.HK
2024-01-04,-0.0052680257523394225,0981.HK
2024-01-05,-0.013706632399461238,0981.HK
2024-01-08,-0.01630484168608337,0981.HK
2024-01-09,-0.009162335097116614,0981.HK
2024-01-10,-0.017218565551655463,0981.HK
2024-01-11,0.017110579707563467,0981.HK
2024-01-12,-0.01812228332379906,0981.HK
2024-01-15,-0.001721731531984183,0981.HK
2024-01-16,-0.009865992375525323,0981.HK
2024-01-17,-0.014844524905661682,0981.HK
2024-01-18,-0.011273032988011522,0981.HK
2024-01-19,-0.008572675104069116,0981.HK
2024-01-22,-0.01754009244972199,0981.HK
2024-01-23,-0.012670714586907383,0981.HK
2024-01-24,-0.015391577498917286,0981.HK
2024-01-25,0.014807337008041266,0981.HK
2024-01-26,-0.014231535507776893,0981.HK
2024-01-29,-0.01814202211986604,0981.HK
2024-01-30,-0.04222717156977884,0981.HK
2024-01-31,-0.009856700061441792,0981.HK
2024-02-01,0.008878410121489821,0981.HK
2024-02-02,-0.012004872991919768,0981.HK
2024-02-05,0.004354088796386435,0981.HK
2024-02-06,0.04325046557977519,0981.HK
2024-02-07,-0.07945863105393247,0981.HK
2024-02-08,0.035164721151518474,0981.HK
2024-02-09,-0.008444425437007297,0981.HK
2024-02-14,0.016637919354368425,0981.HK
2024-02-15,-0.0027280334615982227,0981.HK
2024-02-16,0.01187609085372765,0981.HK
2024-02-19,-0.02639403206863511,0981.HK
2024-02-20,-0.02089749808407726,0981.HK
2024-02-21,0.032051903635719636,0981.HK
2024-02-22,-0.006481954944528745,0981.HK
2024-02-23,-0.010923182487374117,0981.HK
2024-02-26,0.012116103603352801,0981.HK
2024-02-27,0.08789961225154874,0981.HK
2024-02-28,-0.032828480447769426,0981.HK
2024-02-29,0.05918710550220707,0981.HK
2024-03-01,0.010662958651023402,0981.HK
2024-03-04,-0.0074608382207048685,0981.HK
2024-03-05,-0.005977778661004685,0981.HK
2024-03-06,-0.0035571178364519618,0981.HK
2024-03-07,0.0006319434140662494,0981.HK
2024-03-08,0.005738177687495849,0981.HK
2024-03-11,0.011911226105242978,0981.HK
2024-03-12,-0.019548894552268603,0981.HK
2024-03-13,-0.0028197237952323206,0981.HK
2024-03-14,-0.016482024062312917,0981.HK
2024-03-15,0.01905288567649066,0981.HK
2024-03-18,0.00847507864533581,0981.HK
2024-03-19,-0.01129883595545289,0981.HK
2024-03-20,0.00158196749540096,0981.HK
2024-03-21,-0.015565538736438622,0981.HK
2024-03-22,-0.034796136629115626,0981.HK
2024-03-25,-0.017603191989466804,0981.HK
2024-03-26,-0.015216693763064004,0981.HK
2024-03-27,-0.01800380927110634,0981.HK
2024-03-28,0.006934881195193032,0981.HK
2024-04-02,-0.0180462471256968,0981.HK
2024-04-03,0.007003219077929224,0981.HK
2024-04-05,-0.01588723381268453,0981.HK
2024-04-08,-0.027709363504717643,0981.HK
2024-04-09,0.025514392389573537,0981.HK
2024-04-10,-0.037186605399047945,0981.HK
2024-04-11,-0.0152666305612299,0981.HK
2024-04-12,0.003911528679476639,0981.HK
2024-04-15,0.030970682400417893,0981.HK
2024-04-16,-0.013641169693081157,0981.HK
2024-04-17,0.011171010171261653,0981.HK
2024-04-18,0.015481296177894954,0981.HK
2024-04-19,-0.003950809955300727,0981.HK
2024-04-22,-0.023170597194544396,0981.HK
2024-04-23,-0.012032872987312704,0981.HK
2024-04-24,0.013736389988090014,0981.HK
2024-04-25,0.011192537839667338,0981.HK
2024-04-26,0.007734020316852774,0981.HK
2024-04-29,0.006105995633028272,0981.HK
2024-04-30,-0.013712126209810549,0981.HK
2024-05-02,-0.004285179501394065,0981.HK
2024-05-03,-0.004604609361335665,0981.HK
2024-05-06,-0.00552601662993446,0981.HK
2024-05-07,-0.01104414699181655,0981.HK
2024-05-08,-0.01935557546847999,0981.HK
2024-05-09,0.03383078577032261,0981.HK
2024-05-10,-0.007842946676307694,0981.HK
2024-05-13,0.0006222130659541136,0981.HK
2024-05-14,-0.003950712163965253,0981.HK
2024-05-16,0.003690271589999572,0981.HK
2024-05-17,0.004052789375789789,0981.HK
2024-05-20,-0.01256421646645478,0981.HK
2024-05-21,-0.018930866115080214,0981.HK
2024-05-22,0.0037931501106642784,0981.HK
2024-05-23,-0.013129298791774158,0981.HK
2024-05-24,-0.002944169593370294,0981.HK
2024-05-27,0.060015192693593455,0981.HK
2024-05-28,-0.011881291924784598,0981.HK
2024-05-29,0.004848805727953653,0981.HK
2024-05-30,0.06087360549345622,0981.HK
2024-05-31,-0.009681041274310687,0981.HK
2024-06-03,-0.008104047891251298,0981.HK
2024-06-04,0.0013571165796979479,0981.HK
2024-06-05,0.021122103554321647,0981.HK
2024-06-06,0.051811417263321946,0981.HK
2024-06-07,0.023526674845627316,0981.HK
2024-06-11,0.024478776825908266,0981.HK
2024-06-12,-0.029537866470726648,0981.HK
2024-06-13,0.003651256627364763,0981.HK
2024-06-14,-0.017399790919327085,0981.HK
2024-06-17,0.026087205897742827,0981.HK
2024-06-18,0.032723250923656355,0981.HK
2024-06-19,-0.01767074977059302,0981.HK
2024-06-20,0.019908739714575407,0981.HK
2024-06-21,-0.010669688274425049,0981.HK
2024-06-24,-0.03493146151828608,0981.HK
2024-06-25,-0.046854105129880086,0981.HK
2024-06-26,0.02771344225997563,0981.HK
2024-06-27,-0.0230263044370127,0981.HK
2024-06-28,0.010448989682677379,0981.HK
2024-07-02,-0.006358724582216979,0981.HK
2024-07-03,0.016030297929012338,0981.HK
2024-07-04,-0.006187781755074173,0981.HK
2024-07-05,0.003569626744556409,0981.HK
2024-07-08,0.022506250392771765,0981.HK
2024-07-09,0.03387248531294551,0981.HK
2024-07-10,-0.01269606648608601,0981.HK
2024-07-11,0.0029409562841800074,0981.HK
2024-07-12,-0.02993633258232542,0981.HK
2024-07-15,0.018591806943655698,0981.HK
2024-07-16,0.012803276953748721,0981.HK
2024-07-17,-0.05397539229588233,0981.HK
2024-07-18,0.005929290644231422,0981.HK
2024-07-19,0.03882725492750749,0981.HK
2024-07-22,0.009997861869293967,0981.HK
2024-07-23,-0.023228770010437216,0981.HK
2024-07-24,-0.008248189133115869,0981.HK
2024-07-25,-0.01156052586749512,0981.HK
2024-07-26,0.008403439776451638,0981.HK
2024-07-29,-0.037987657054166846,0981.HK
2024-07-30,0.01008175241187903,0981.HK
2024-07-31,0.020925332053743695,0981.HK
2024-08-01,0.005811143146864595,0981.HK
2024-08-02,-0.00033741401083631217,0981.HK
2024-08-05,-0.03944140748862468,0981.HK
2024-08-06,-0.0007398050353915053,0981.HK
2024-08-07,-0.011217379179034204,0981.HK
2024-08-08,-0.0008274108615307085,0981.HK
2024-08-09,0.03651028808375889,0981.HK
2024-08-12,-0.0036679584461714043,0981.HK
2024-08-13,0.011956499223826356,0981.HK
2024-08-14,0.0071058770275027605,0981.HK
2024-08-15,0.00024654832471959764,0981.HK
2024-08-16,-0.012675600255302122,0981.HK
2024-08-19,-0.005610630447909326,0981.HK
2024-08-20,-0.0025651264455324174,0981.HK
2024-08-21,-0.009826324095278949,0981.HK
2024-08-22,-0.023946046050573155,0981.HK
2024-08-23,-0.005677446188034452,0981.HK
2024-08-26,-0.002009591195037963,0981.HK
2024-08-27,-0.00912367486091581,0981.HK
2024-08-28,0.010246671750167025,0981.HK
2024-08-29,0.005624144221966443,0981.HK
2024-08-30,0.018376310240590055,0981.HK
2024-09-02,-0.023973407777822864,0981.HK
2024-09-03,0.0010704073278806625,0981.HK
2024-09-04,-0.004940207322377432,0981.HK
2024-09-05,-0.004227940502024019,0981.HK
2024-09-09,0.00928024887641099,0981.HK
2024-09-10,-0.0249713671481544,0981.HK
2024-09-11,-0.006901322569871304,0981.HK
2024-09-12,0.00010487471761466693,0981.HK
2024-09-13,-0.0010063428830657806,0981.HK
2024-09-16,-0.003048433181229271,0981.HK
2024-09-17,0.0004413170946007128,0981.HK
2024-09-19,-0.004742577199243758,0981.HK
2024-09-20,-0.004852351343814121,0981.HK
2024-09-23,0.004324727752635926,0981.HK
2024-09-24,0.004043421734277519,0981.HK
2024-09-25,0.0002918414751817977,0981.HK
2024-09-26,-0.0029165849570267355,0981.HK
2024-09-27,0.008030732349084246,0981.HK
2024-09-30,0.09233515317642604,0981.HK
2024-10-02,0.002595009582605723,0981.HK
2024-10-03,-0.033629850395216376,0981.HK
2024-10-04,0.2292775805945504,0981.HK
2024-10-07,0.18100556615756735,0981.HK
2024-10-08,-0.10354742101581893,0981.HK
2024-10-09,0.013932889427396233,0981.HK
2024-10-10,-0.0938914166453535,0981.HK
2024-10-14,0.051625745748933305,0981.HK
2024-10-15,0.018449040013370777,0981.HK
2024-10-16,-0.011901559652488736,0981.HK
2024-10-17,0.018015495656800162,0981.HK
2024-10-18,0.11592856680354968,0981.HK
2024-10-21,-0.005944924771222659,0981.HK
2024-10-22,0.0023727178819572536,0981.HK
2024-10-23,-0.031353847099302445,0981.HK
2024-10-24,-0.009433884419099314,0981.HK
2024-10-25,0.005576822806731663,0981.HK
2024-10-28,-0.0004471519365409904,0981.HK
2024-10-29,-0.008407035701346821,0981.HK
2024-10-30,-0.06038257911444456,0981.HK
2024-10-31,0.019886987979252257,0981.HK
2024-11-01,-0.05851660995493102,0981.HK
2024-11-04,0.0009013591854012404,0981.HK
2024-11-05,0.040734177750490375,0981.HK
2024-11-06,0.0004992159066237178,0981.HK
2024-11-07,0.02896450448988741,0981.HK
2024-11-08,0.021366922018532186,0981.HK
2024-11-11,0.04737382411875757,0981.HK
2024-11-12,-0.054205977226929214,0981.HK
2024-11-13,0.0011813182952487011,0981.HK
2024-11-14,-0.0025990413938496992,0981.HK
2024-11-15,-0.005178323390233164,0981.HK
2024-11-18,-0.0058133937873598995,0981.HK
2024-11-19,0.019840242373720507,0981.HK
2024-11-20,-0.009507609000067418,0981.HK
2024-11-21,0.0034263035736001868,0981.HK
2024-11-22,-0.05027590878917643,0981.HK
2024-11-25,0.006109676706000933,0981.HK
2024-11-26,-0.018519529906674492,0981.HK
2024-11-27,0.01880782261211289,0981.HK
2024-11-28,-0.009512418788313326,0981.HK
2024-11-29,0.03031792218075946,0981.HK
2024-12-02,0.008766689797960137,0981.HK
2024-12-03,-0.02524454625099848,0981.HK
2024-12-04,0.011667839062472929,0981.HK
2024-12-05,0.0016289812749294974,0981.HK
2024-12-06,-0.002172168025041721,0981.HK
2024-12-09,0.013523137213030001,0981.HK
2024-12-10,-0.015116662975293682,0981.HK
2024-12-11,0.0002864390728047894,0981.HK
2024-12-12,-0.0008035218372590691,0981.HK
2024-12-13,-0.02419371750803956,0981.HK
2024-12-16,-0.012625104333496395,0981.HK
2024-12-17,0.0008585317301155193,0981.HK
2024-12-18,0.019051732582358927,0981.HK
2024-12-19,0.013333752328557047,0981.HK
2024-12-20,0.08062435589493733,0981.HK
2024-12-23,0.019673538757690512,0981.HK
2024-12-24,-0.010763013448714887,0981.HK
2024-12-27,0.05228403063089404,0981.HK
2024-12-30,0.0641235857310547,0981.HK
2024-12-31,-0.028919659586732926,0981.HK
2025-01-02,-0.06701429473529696,0981.HK
2025-01-03,0.011833226408434872,0981.HK
2025-01-06,0.007027731868828546,0981.HK
2025-01-07,0.061653470810214994,0981.HK
2025-01-08,-0.010786909884739071,0981.HK
2025-01-09,0.03105659460271415,0981.HK
2025-01-10,0.037435798397917885,0981.HK
2025-01-13,0.07001213859328592,0981.HK
2025-01-14,0.003451956566649983,0981.HK
2025-01-15,0.05466452541111089,0981.HK
2025-01-16,-0.04499440878977934,0981.HK
2025-01-17,0.08838678551850165,0981.HK
2025-01-20,-0.01856811736652464,0981.HK
2025-01-21,0.05249024057270946,0981.HK
2025-01-22,0.021198396044779244,0981.HK
2025-01-23,-0.0712428206540725,0981.HK
2025-01-24,0.037630432282753645,0981.HK
2025-01-27,-0.08587258087388916,0981.HK
2025-01-28,-0.005292329776382054,0981.HK
2025-02-03,0.09808789103915361,0981.HK
2025-02-04,0.05339343452520051,0981.HK
2025-02-05,-0.007318891857441834,0981.HK
2025-02-06,0.054943733186689325,0981.HK
2025-02-07,-0.037955803322913706,0981.HK
2025-02-10,0.0061392108040307924,0981.HK
2025-02-11,-0.04310954730365513,0981.HK
2025-02-12,0.03075417759770227,0981.HK
2025-02-13,-0.03952298461722803,0981.HK
2025-02-14,-0.0461109648752438,0981.HK
2025-02-17,0.04210035612170726,0981.HK
2025-02-18,-0.009521746870963632,0981.HK
2025-02-19,0.08178304639585576,0981.HK
2025-02-20,-0.014243476629614449,0981.HK
2025-02-21,0.036540797765580724,0981.HK
2025-02-24,0.020475086393651143,0981.HK
2025-02-25,-0.0013869178936638527,0981.HK
2025-02-26,0.02515734452153895,0981.HK
2025-02-27,0.00987628767086246,0981.HK
2025-02-28,-0.042132947007705646,0981.HK
2025-03-03,-0.04473793948043925,0981.HK
2025-03-04,0.005721514518908677,0981.HK
2025-03-05,0.03582936248410862,0981.HK
2025-03-06,-0.008068796616550244,0981.HK
2025-03-07,-0.024964878758115816,0981.HK
2025-03-10,-0.02917550860728424,0981.HK
2025-03-11,0.023788283704682556,0981.HK
2025-03-12,-0.008400933096844643,0981.HK
2025-03-13,-0.044991824600619346,0981.HK
2025-03-14,-0.008020275881758465,0981.HK
2025-03-17,-0.026707072177766467,0981.HK
2025-03-18,0.018132071312141562,0981.HK
2025-03-19,-0.01388713875234826,0981.HK
2025-03-20,0.016608737888017533,0981.HK
2025-03-21,-0.055692983009203445,0981.HK
2025-03-24,0.01927846066510286,0981.HK
2025-03-25,0.007058555806490396,0981.HK
2025-03-26,0.010762139729991738,0981.HK
2025-03-27,0.037509402839031925,0981.HK
2025-03-28,-0.04132165380114827,0981.HK
2025-03-31,-0.027195862720491792,0981.HK
2025-04-01,-0.04359543221835027,0981.HK
2025-04-02,0.009174620784080822,0981.HK
2025-04-03,0.0231179164376889,0981.HK
2025-04-07,-0.03628027585088178,0981.HK
2025-04-08,0.022754629669992976,0981.HK
2025-04-09,0.09282263379437161,0981.HK
2025-04-10,-0.0009204661791999413,0981.HK
2025-04-11,0.046085761861013985,0981.HK
2025-04-14,-0.006766407237835281,0981.HK
2025-04-15,-0.048598718295380205,0981.HK
2025-04-16,0.020352721042513178,0981.HK
2025-04-17,-0.002802445938381304,0981.HK
2025-04-22,0.005175573119361232,0981.HK
2025-04-23,-0.019107847816548063,0981.HK
2025-04-24,-0.002256229004044208,0981.HK
2025-04-25,-0.03168272906582148,0981.HK
2025-04-28,0.00813865993157048,0981.HK
2025-04-29,0.006035797318839631,0981.HK
2025-04-30,0.01978139899112419,0981.HK
2025-05-02,-0.004555759973792206,0981.HK
2025-05-06,-0.018644099255726854,0981.HK
2025-05-07,-0.017389712602478014,0981.HK
2025-05-08,-0.02668614589840068,0981.HK
2025-05-09,-0.052813557881859374,0981.HK
2025-05-12,0.0037891273440919804,0981.HK
2025-05-13,-0.02242528116740239,0981.HK
2025-05-14,-0.021605534234657497,0981.HK
2025-05-15,-0.02658536814143364,0981.HK
2025-05-16,0.015470277921114217,0981.HK
2025-05-19,0.01835408984533826,0981.HK
2025-05-20,-0.0019634454369570342,0981.HK
2025-05-21,-0.01433157550227726,0981.HK
2025-05-22,-0.00816309196453524,0981.HK
2025-05-23,-0.0012204504014960982,0981.HK
2025-05-26,0.020748343559301663,0981.HK
2025-05-27,-0.011414330981893261,0981.HK
2025-05-28,-0.020106130877555195,0981.HK
2025-05-29,0.0011432202672074787,0981.HK
2025-05-30,-0.008641198426548868,0981.HK
2025-06-02,-0.005484305351077801,0981.HK
2025-06-03,-0.005267073334960237,0981.HK
2025-06-04,-0.004767905463554101,0981.HK
2025-06-05,0.0304319868125007,0981.HK
2025-06-06,-0.04493930833029536,0981.HK
2025-06-09,0.033524415661749796,0981.HK
2025-06-10,-0.01834860535212668,0981.HK
2025-06-11,-0.0035966459943415074,0981.HK
2025-06-12,-0.006919016698537117,0981.HK
2025-06-13,-0.013842797636745008,0981.HK
2025-06-16,-0.004527888134041369,0981.HK
2025-06-17,-0.006665915302155767,0981.HK
2025-06-18,-9.30483913075264e-05,0981.HK
2025-06-19,0.009904880329732801,0981.HK
2025-06-20,0.004073703640991688,0981.HK
2025-06-23,0.03784210211173322,0981.HK
2025-06-24,-0.010749681221446927,0981.HK
2025-06-25,0.0425901622196303,0981.HK
2025-06-26,0.016281468114537567,0981.HK
2025-06-27,0.009531563052326053,0981.HK
2025-06-30,0.005412912623311339,0981.HK
2025-07-02,-0.03223985031663723,0981.HK
2025-07-03,0.0005161544981651112,0981.HK
2025-07-04,0.02131353778126055,0981.HK
2025-07-07,0.00911311350307864,0981.HK
2025-07-08,0.019183635473974725,0981.HK
2025-07-09,-0.01150190777253135,0981.HK
2025-07-10,0.001018338052552803,0981.HK
2025-07-11,0.017385851623160864,0981.HK
2025-07-14,0.008185205229766623,0981.HK
2025-07-15,-0.03432367318043417,0981.HK
2025-07-16,-0.001448586439212196,0981.HK
2025-07-17,0.020397321695582615,0981.HK
2025-07-18,0.0038834496376436434,0981.HK
2025-07-21,-0.0035839351096860206,0981.HK
2025-07-22,0.021719430113564808,0981.HK
2025-07-23,-0.011995756460130291,0981.HK
2025-07-24,0.02526252093359105,0981.HK
2025-07-25,0.05947595422363339,0981.HK
2025-07-28,-0.00020847383008604226,0981.HK
2025-07-29,0.006172256916010532,0981.HK
2025-07-30,-0.04715020815305593,0981.HK
2025-07-31,0.03392983762604862,0981.HK
2025-08-01,-0.009986166970639143,0981.HK
2025-08-04,0.019394634840636193,0981.HK
2025-08-05,-0.016569004556610256,0981.HK
2025-08-06,0.030565180009559878,0981.HK
2025-08-07,0.0007347373764639009,0981.HK
2025-08-08,-0.07651147110956247,0981.HK
2025-08-11,-0.0011069387571880362,0981.HK
2025-08-12,0.04656248216925718,0981.HK
2025-08-13,-0.008021655801462302,0981.HK
2025-08-14,0.002729303870548705,0981.HK
2025-08-15,0.02413517452815528,0981.HK
2025-08-18,-0.01447783996376284,0981.HK
2025-08-19,-0.03222253437402589,0981.HK
2025-08-20,0.03169026670581099,0981.HK
2025-08-21,0.0014733656768664005,0981.HK
2025-08-22,0.08653878084863242,0981.HK
2025-08-25,-0.0034894737555433153,0981.HK
2025-08-26,-0.01619408997620564,0981.HK
2025-08-27,0.013630673363872248,0981.HK
2025-08-28,0.11024056025630902,0981.HK
2025-08-29,-0.029164847319317566,0981.HK
2025-09-01,0.02615883323139112,0981.HK
2025-09-02,-0.04272623210501347,0981.HK
2025-09-03,-0.00557548139549624,0981.HK
2025-09-04,-0.05768684001345026,0981.HK
2025-09-05,0.03284471408357881,0981.HK
2025-09-08,-0.017873109003883947,0981.HK
2025-09-09,-0.010079842308642561,0981.HK
2025-09-10,0.02536162436178291,0981.HK
2025-09-11,0.052872234888589276,0981.HK
2025-09-12,-0.02102068432559001,0981.HK
2025-09-15,0.0017654651913137087,0981.HK
2025-09-16,0.0034740501254724165,0981.HK
2025-09-17,0.051165315021365565,0981.HK
2025-09-18,0.03984303432397596,0981.HK
2025-09-19,0.0035812501522354268,0981.HK
2025-09-22,0.057924338498164474,0981.HK
2025-09-23,-0.003229553913319805,0981.HK
2025-09-24,0.041938065907015876,0981.HK
2025-09-25,0.0019331263840491886,0981.HK
2025-09-26,-0.037879166862895275,0981.HK
2025-09-29,0.02876063989299471,0981.HK
2025-09-30,0.030393184808699125,0981.HK
2025-10-02,0.10358555566106631,0981.HK
2025-10-03,0.01921901613456356,0981.HK
2025-10-06,0.00841982087881643,0981.HK
2025-10-08,-0.012399236763110721,0981.HK
2025-10-09,-0.06652270621427459,0981.HK
2025-10-10,-0.056493240120460975,0981.HK
2025-10-13,0.04834106490872436,0981.HK
2025-10-14,-0.07119647536218032,0981.HK
2025-10-15,0.0172145079355861,0981.HK
2025-10-16,-0.02716758724806745,0981.HK
2025-10-17,-0.04207019020280356,0981.HK
2025-10-20,0.014388960312626153,0981.HK
2025-10-21,0.02435257266382873,0981.HK
2025-10-22,0.020233496133060136,0981.HK
2025-10-23,-0.017942132351149276,0981.HK
2025-10-24,0.06991303594270892,0981.HK
2025-10-27,0.023999057327948492,0981.HK
2025-10-28,-0.029834379943414646,0981.HK
2025-10-30,-0.008888303099921835,0981.HK
2025-10-31,-0.040077327556656606,0981.HK
2025-11-03,-0.03875470385592994,0981.HK
2025-11-04,-0.00591721674440393,0981.HK
2025-11-05,-0.0014350027648628583,0981.HK
2025-11-06,0.04966180737234627,0981.HK
2025-11-07,-0.01042785066785612,0981.HK
2025-11-10,-0.02538928647241523,0981.HK
2025-11-11,-0.029601847089765876,0981.HK
2025-11-12,-0.0002169864677510347,0981.HK
2025-11-13,0.02601094032133755,0981.HK
2025-11-14,-0.009508229753878439,0981.HK
2025-11-17,-0.0004041482978012212,0981.HK
2025-11-18,0.03165748227818099,0981.HK
2025-11-19,-0.009765709112095955,0981.HK
2025-11-20,0.006635514837233458,0981.HK
2025-11-21,-0.041967485209802646,0981.HK
2025-11-24,-0.030455719620164245,0981.HK
2025-11-25,-0.008370421042417142,0981.HK
2025-11-26,0.011864105035005679,0981.HK
2025-11-27,-0.007976853041609111,0981.HK
2025-11-28,0.009922520482392727,0981.HK
2025-12-01,0.0026827668513025316,0981.HK
2025-12-02,-0.013956599656439472,0981.HK
2025-12-03,-0.008453538757070334,0981.HK
2025-12-04,0.031183984511593543,0981.HK
2025-12-05,-0.006452014747260648,0981.HK
2025-12-08,0.041299674349202675,0981.HK
2025-12-09,-0.02901930867787872,0981.HK
2025-12-10,-0.006361488142100136,0981.HK
2025-12-11,-0.02241804454857821,0981.HK
2025-12-12,-0.009172023417024278,0981.HK
2025-12-15,-0.03184144372690323,0981.HK
2025-12-16,-0.004037247119735632,0981.HK
2025-12-17,0.011076306775312794,0981.HK
2025-12-18,-0.0019243353388667117,0981.HK
2025-12-19,-0.0021221667565258784,0981.HK
2025-12-22,0.05317928637067926,0981.HK
2025-12-23,0.0010713881270980607,0981.HK
2025-12-24,0.02758291664577328,0981.HK
2025-12-29,-0.01278906222175813,0981.HK
2025-12-30,0.033019675477203414,0981.HK
2025-12-31,-0.007285292235279073,0981.HK
2026-01-02,0.023977153787954286,0981.HK
2026-01-05,0.018137302579831704,0981.HK
2026-01-06,-0.025525788620342382,0981.HK
2026-01-07,-0.002515812195823308,0981.HK
2026-01-08,0.015112753535895251,0981.HK
2026-01-09,-0.010514394921838921,0981.HK
2026-01-12,-0.002233768324321872,0981.HK
2026-01-13,-0.020331339882476485,0981.HK
2026-01-14,0.014326483803706935,0981.HK
2026-01-15,0.021091281300745557,0981.HK
2026-01-16,0.026561510563213986,0981.HK
2026-01-19,-0.017645875556799417,0981.HK
2026-01-20,-0.03012642286739098,0981.HK
2026-01-21,0.03257165823844055,0981.HK
2026-01-22,0.006049454374137397,0981.HK
2026-01-23,-0.0012730550629340698,0981.HK
2026-01-26,-0.03379363604146057,0981.HK
2026-01-27,0.0003891323373155231,0981.HK
2026-01-28,0.009165236448692049,0981.HK
2026-01-29,-0.031251919464049926,0981.HK
2026-01-30,-0.0032478506084263614,0981.HK
2026-02-02,-0.02078476598786061,0981.HK
2026-02-03,-0.026745309538172002,0981.HK
2026-02-04,-0.024894055084885736,0981.HK
2026-02-05,-0.02050163115519954,0981.HK
2026-02-06,0.01439445625629343,0981.HK
2026-02-09,0.02243692194855207,0981.HK
2026-02-10,0.011158768473361391,0981.HK
2026-02-11,-0.024958469143190776,0981.HK
2026-02-12,0.005751993539672817,0981.HK
2026-02-13,0.025215670612070085,0981.HK
2026-02-16,-0.004501140502503276,0981.HK
2026-02-20,-0.028090707269956994,0981.HK
2026-02-23,0.024004746791054465,0981.HK
2026-02-24,-0.005881694298952134,0981.HK
2026-02-25,-0.00011156466363360096,0981.HK
2026-02-26,-0.018264907253737306,0981.HK
2026-02-27,-0.0035141031700147707,0981.HK
2026-03-02,-0.02963047645236294,0981.HK
2026-03-03,-0.020988881391528658,0981.HK
2026-03-04,-0.0006714356236292573,0981.HK
2026-03-05,0.0012313931065000006,0981.HK
2026-03-06,-0.012203967839579555,0981.HK
2026-03-09,-0.001856126651653689,0981.HK
2026-03-10,0.03212054033969203,0981.HK
2026-03-11,-0.004676006388458553,0981.HK
2026-03-12,-0.0031962669257961096,0981.HK
2026-03-13,-0.004551329510954716,0981.HK
2026-03-16,-0.009552158636003227,0981.HK
2026-03-17,-0.011789795074228948,0981.HK
2026-03-18,-0.008474358250532,0981.HK
2026-03-19,-0.011742202834970072,0981.HK
2026-03-20,-0.04008018615862241,0981.HK
2026-03-23,-0.01349426326978831,0981.HK
2026-03-24,-0.008351594819185681,0981.HK
2026-03-25,0.012474386733498655,0981.HK
2026-03-26,-0.042014658748108946,0981.HK
2026-03-27,-0.016137709385926513,0981.HK
2026-03-30,-0.013083132768230143,0981.HK
2026-03-31,-0.01522024487431839,0981.HK
2026-04-01,0.02132872427978949,0981.HK
2026-04-02,-0.028589846130016028,0981.HK
2026-04-08,0.06575382654466777,0981.HK
2026-04-09,-0.0026009733359515508,0981.HK
2026-04-10,0.03929829309421695,0981.HK
2026-04-13,-0.01003766386925875,0981.HK
2026-04-14,0.005693951493658922,0981.HK
2026-04-15,0.02013405281490499,0981.HK
2026-04-16,-0.006176611535751775,0981.HK
2026-04-17,-0.0011563896386750372,0981.HK
2026-04-20,-9.061544356203655e-05,0981.HK
2026-04-21,0.0002202942065849811,0981.HK
2026-04-22,-0.0010837178852254326,0981.HK
2026-04-23,-0.004911850081571245,0981.HK
2026-04-24,0.09296488413890636,0981.HK
2026-04-27,0.06163764676640149,0981.HK
2026-04-28,-0.023236400126940282,0981.HK
2026-04-29,-0.0204771533632071,0981.HK
2026-04-30,0.08757505496875861,0981.HK
2026-05-04,0.005163731623680334,0981.HK
2026-05-05,-0.011300057350419834,0981.HK
2026-05-06,0.0435311219779253,0981.HK
2026-05-07,0.009453824280655887,0981.HK
2026-05-08,-0.03653799080531517,0981.HK
2026-05-11,0.04285727116258986,0981.HK
2026-05-12,0.0022341007022443904,0981.HK
2026-05-13,-0.03404402152384911,0981.HK
2026-05-14,-0.036415361630566245,0981.HK
2026-05-15,0.011379567044732752,0981.HK
2026-05-18,-0.023903879355712476,0981.HK
2026-05-19,-0.007681795189102836,0981.HK
2026-05-20,0.09835632933689009,0981.HK
2026-05-21,-0.0023531316033533756,0981.HK
2026-05-22,0.06477620936569295,0981.HK
2026-05-26,0.055674570932203515,0981.HK
2026-05-27,0.020085212233389882,0981.HK
2026-05-28,0.047969699495294726,0981.HK
2026-05-29,-0.08536721730898744,0981.HK
2026-06-01,-0.03523392877749032,0981.HK
2026-06-02,0.0060896078571870405,0981.HK
2026-06-03,0.02780921006504755,0981.HK
2026-06-04,-0.002706962227144949,0981.HK
2026-06-05,-0.06287737840423624,0981.HK
2026-06-08,-0.02955209625503219,0981.HK
2026-06-09,0.03691606519577917,0981.HK
2026-06-10,-0.029522710221787207,0981.HK
2026-06-11,0.019567265611403428,0981.HK
2026-06-12,-0.04191592800343358,0981.HK
2026-06-15,0.06242946657859516,0981.HK
2026-06-16,-0.02104791233910852,0981.HK
2026-06-17,0.030822824438577534,0981.HK
2026-06-18,0.025912920893130575,0981.HK
2026-06-22,0.037444528685470324,0981.HK
2026-06-23,0.004955426851513067,0981.HK
2026-06-24,0.08226451468123663,0981.HK
2026-06-25,0.02847554658587459,0981.HK
2026-06-26,-0.0546125846253549,0981.HK
2026-06-29,0.04273989437830661,0981.HK
2026-06-30,0.05917092508859145,0981.HK
2026-07-02,-0.11368271502917704,0981.HK
2026-07-03,-0.048161090039688936,0981.HK
2026-07-06,-0.03546873603216838,0981.HK
2026-07-07,-0.025763670190315224,0981.HK
2026-07-08,0.002031212799329829,0981.HK
2026-07-09,0.10436678891062456,0981.HK
2026-07-10,-0.05381667828633585,0981.HK
2026-07-13,-0.018051580300484815,0981.HK
2026-07-14,-0.005231654451847589,0981.HK
2026-07-15,-0.0403996256085728,0981.HK
2026-07-16,-0.027703785287973126,0981.HK
2026-07-17,-0.08705561931301453,0981.HK
2026-07-20,0.006460052254551485,0981.HK
2026-07-21,0.07964334678846807,0981.HK
2026-07-22,-0.025463547239279904,0981.HK
2026-07-23,-0.042636028729996944,0981.HK
2026-07-24,0.01831371753876354,0981.HK
2026-07-27,-0.019584093023864213,0981.HK
2026-07-28,-0.026287701987776302,0981.HK
2026-07-29,-0.04732978298844426,0981.HK
2026-07-30,-0.08251149404167002,0981.HK
2026-07-31,0.018973220506787847,0981.HK
2026-08-03,-0.021556524195598392,0981.HK
2026-08-04,0.054671546233962864,0981.HK
2026-08-05,0.03808556798787155,0981.HK
2026-08-06,-0.024761854491281987,0981.HK
2026-08-07,0.01806052309827777,0981.HK
2026-08-10,-0.02096177331844551,0981.HK
2026-08-11,-0.002652431618288986,0981.HK
2026-08-12,0.039977059048022845,0981.HK
2026-08-13,0.003940733014560216,0981.HK
2026-08-14,0.05806376790470491,0981.HK
2026-08-17,0.04632334391515247,0981.HK
2026-08-18,0.008567763587965516,0981.HK
2026-08-19,-0.03923690245982492,0981.HK
2026-01-08,,2513.HK
2026-01-09,0.18422932262798053,2513.HK
2026-01-12,0.2588159515972661,2513.HK
2026-01-13,-0.14553096474993588,2513.HK
2026-01-14,0.166750222236824,2513.HK
2026-01-15,0.11234443867573951,2513.HK
2026-01-16,0.03958979193885526,2513.HK
2026-01-19,-0.0992899031296064,2513.HK
2026-01-20,-0.07411691188754954,2513.HK
2026-01-21,-0.02020540467639531,2513.HK
2026-01-22,-0.008573880431463898,2513.HK
2026-01-23,-0.058217463604050224,2513.HK
2026-01-26,0.12180365366672508,2513.HK
2026-01-27,0.05944314478503365,2513.HK
2026-01-28,-0.048883938596921084,2513.HK
2026-01-29,-0.009456279590436267,2513.HK
2026-01-30,0.01746130262760115,2513.HK
2026-02-02,0.015484044921287854,2513.HK
2026-02-03,0.07735456713014877,2513.HK
2026-02-04,-0.06852106073364794,2513.HK
2026-02-05,-0.051038214342835175,2513.HK
2026-02-06,-0.04984015721526447,2513.HK
2026-02-09,0.2916665995118528,2513.HK
2026-02-10,0.13237201773797835,2513.HK
2026-02-11,-0.020194979801527957,2513.HK
2026-02-12,0.2607808722902405,2513.HK
2026-02-13,0.20506376454973907,2513.HK
2026-02-16,0.030235085525408323,2513.HK
2026-02-20,0.37759245764933524,2513.HK
2026-02-23,-0.2832313048420305,2513.HK
2026-02-24,0.13292211428873557,2513.HK
2026-02-25,-0.1202856629780209,2513.HK
2026-02-26,0.007315124330792067,2513.HK
2026-02-27,0.023289022212374277,2513.HK
2026-03-02,-0.02278892101522967,2513.HK
2026-03-03,-0.029562713459291068,2513.HK
2026-03-04,-0.014354618320709278,2513.HK
2026-03-05,0.01657615357596587,2513.HK
2026-03-06,0.005744532620718168,2513.HK
2026-03-09,0.09136198256493344,2513.HK
2026-03-10,0.09959184744315142,2513.HK
2026-03-11,-0.06043579504901331,2513.HK
2026-03-12,-0.08571816809415189,2513.HK
2026-03-13,-0.03717719869026315,2513.HK
2026-03-16,0.1179877481173568,2513.HK
2026-03-17,0.02557214042019229,2513.HK
2026-03-18,0.17184073236676678,2513.HK
2026-03-19,-0.09892678654428888,2513.HK
2026-03-20,-0.03541674239367243,2513.HK
2026-03-23,-0.03034751545160219,2513.HK
2026-03-24,0.07695613843762672,2513.HK
2026-03-25,0.13787991333064475,2513.HK
2026-03-26,-0.08625266975041335,2513.HK
2026-03-27,-0.027502489572536426,2513.HK
2026-03-30,0.10163125872825951,2513.HK
2026-03-31,-0.05758432620024134,2513.HK
2026-04-01,0.2569697920013114,2513.HK
2026-04-02,-0.1538708148147494,2513.HK
2026-04-08,0.07830929071990589,2513.HK
2026-04-09,0.07332479587335072,2513.HK
2026-04-10,0.0015030305950354261,2513.HK
2026-04-13,0.031737256213397735,2513.HK
2026-04-14,-0.018178433316996312,2513.HK
2026-04-15,-0.09221018284625782,2513.HK
2026-04-16,0.0012080112258026077,2513.HK
2026-04-17,0.017921636082121495,2513.HK
2026-04-20,0.08244887523091382,2513.HK
2026-04-21,-0.030759360150436343,2513.HK
2026-04-22,0.049511175137062935,2513.HK
2026-04-23,0.05123983349789185,2513.HK
2026-04-24,-0.09724701032139649,2513.HK
2026-04-27,-0.020149170051620757,2513.HK
2026-04-28,-0.12423678339694977,2513.HK
2026-04-29,0.003730223840902269,2513.HK
2026-04-30,0.074089286869512,2513.HK
2026-05-04,0.08529855710734768,2513.HK
2026-05-05,-0.03238514219401267,2513.HK
2026-05-06,-0.0023555879499070898,2513.HK
2026-05-07,0.03325361849824926,2513.HK
2026-05-08,-0.04603532461928239,2513.HK
2026-05-11,-0.0268435019088189,2513.HK
2026-05-12,-0.06564704193201631,2513.HK
2026-05-13,0.3125782756603295,2513.HK
2026-05-14,-0.05360696830242073,2513.HK
2026-05-15,-0.030670312324881266,2513.HK
2026-05-18,0.1003098134344187,2513.HK
2026-05-19,-0.10360079817734569,2513.HK
2026-05-20,0.03252546929620603,2513.HK
2026-05-21,-0.036061106727388825,2513.HK
2026-05-22,0.22986149050382032,2513.HK
2026-05-26,0.04822966135818785,2513.HK
2026-05-27,0.0684290345647307,2513.HK
2026-05-28,0.13981640661409056,2513.HK
2026-05-29,-0.021339847165638304,2513.HK
2026-06-01,-0.09286867285094935,2513.HK
2026-06-02,-0.062422269915119344,2513.HK
2026-06-03,0.05047872042603263,2513.HK
2026-06-04,-0.010004041963320276,2513.HK
2026-06-05,-0.08321123521982443,2513.HK
2026-06-08,0.0253113574832895,2513.HK
2026-06-09,-0.14185862670959182,2513.HK
2026-06-10,-0.07417976307283869,2513.HK
2026-06-11,0.018850320805242404,2513.HK
2026-06-12,0.014218868613754765,2513.HK
2026-06-15,0.27877336284411847,2513.HK
2026-06-16,0.025736886235717016,2513.HK
2026-06-17,0.12628728185457572,2513.HK
2026-06-18,0.2483191345300133,2513.HK
2026-06-22,0.1471046573809467,2513.HK
2026-06-23,-0.0865467845872141,2513.HK
2026-06-24,-0.0014055642779169375,2513.HK
2026-06-25,0.09227036857498394,2513.HK
2026-06-26,-0.12082058367236215,2513.HK
2026-06-29,-0.05796117004860424,2513.HK
2026-06-30,0.07673155228794837,2513.HK
2026-07-02,-0.1895176118706985,2513.HK
2026-07-03,0.009276998271044334,2513.HK
2026-07-06,-0.16996223211451422,2513.HK
2026-07-07,0.05603635672008522,2513.HK
2026-07-08,0.0958835489995371,2513.HK
2026-07-09,0.11446037293385913,2513.HK
2026-07-10,-0.22033773011229396,2513.HK
2026-07-13,0.0014486682672325557,2513.HK
2026-07-14,-0.032968409423447476,2513.HK
2026-07-15,0.05084715999762768,2513.HK
2026-07-16,-0.11095566601941265,2513.HK
2026-07-17,-0.3173006852207072,2513.HK
2026-07-20,-0.2409970635852794,2513.HK
2026-07-21,0.314431137986519,2513.HK
2026-07-22,-0.02718225383304862,2513.HK
2026-07-23,-0.016109968288150256,2513.HK
2026-07-24,0.0646999403198647,2513.HK
2026-07-27,0.025227028289141806,2513.HK
2026-07-28,-0.2106033595343817,2513.HK
2026-07-29,-0.028123029606717864,2513.HK
2026-07-30,-0.18293987542666734,2513.HK
2026-07-31,0.13493370405583427,2513.HK
2026-08-03,-0.054113030110237936,2513.HK
2026-08-04,0.07786020979945274,2513.HK
2026-08-05,0.02780140460823599,2513.HK
2026-08-06,0.05822825247016716,2513.HK
2026-08-07,0.1311357621028275,2513.HK
2026-08-10,-0.005639347907163916,2513.HK
2026-08-11,-0.03807380182594322,2513.HK
2026-08-12,0.021657632376880898,2513.HK
2026-08-13,0.08810798723652535,2513.HK
2026-08-14,-0.02526668860556658,2513.HK
2026-08-17,-0.06750221226263609,2513.HK
2026-08-18,-0.14342104655999588,2513.HK
2026-08-19,-0.031111263084095064,2513.HK
